[1,["ecpdLyjvZBwrvm+cedCcQy","6bLJhxOZhOoYWNT8iyt3WS","e97GVMl6JHh5Ml5qEDdSGa","f0BIwQ8D5Ml7nTNQbh1YlS","29FYIk+N1GYaeWH/q1NxQO","4d+8wMOfVPTIfgdgL4kjxO","0b9Eh7/c5DmZ+UOqQXYUZC","18Fi3Zka1M+JtN7s3VlDvG","b7RzT/79pPdInDcBq+wZWW","4bEKlg2a5M4J9anMAfUMMg","febp/R6apLNor/g0v2QbI9","afAS7x/JNCW6W0ECk6ZQ78"],["node","_textureSetter","_spriteFrame","_parent","_N$pressedSprite","_N$hoverSprite","_N$disabledSprite","root","moneySprite","adSprite","content$VLabel","conform$VButton","back$VButton","data"],["cc.SpriteFrame",["cc.Node",["_name","_objFlags","_components","_prefab","_contentSize","_trs","_children","_parent","_color"],1,9,4,5,7,2,1,5],["cc.Label",["_string","_N$horizontalAlign","_fontSize","_lineHeight","_styleFlags","_N$verticalAlign","_N$overflow","_enableWrapText","_N$cacheMode","node","_materials"],-6,1,3],["cc.LabelOutline",["_enabled","_width","node","_color"],1,1,5],["cc.Node",["_name","_parent","_components","_prefab","_contentSize","_trs","_color"],2,1,12,4,5,7,5],["cc.Widget",["_alignFlags","alignMode","_left","_right","_top","_bottom","_originalWidth","_originalHeight","node"],-5,1],["cc.PrefabInfo",["fileId","root","asset"],2,1,1],["cc.Sprite",["_type","_sizeMode","node","_materials","_spriteFrame"],1,1,3,6],["cc.Prefab",["_name"],2],["cc.Node",["_name","_parent","_components","_prefab","_contentSize","_trs"],2,1,2,4,5,7],["cc.BlockInputEvents",["node"],3,1],["d89b2wGLpBNM41ccKizceIl",["node","back$VButton","conform$VButton","content$VLabel","adSprite","moneySprite"],3,1,1,1,1,1,1],["cc.LabelShadow",["_enabled","node","_color","_offset"],2,1,5,5],["cc.Button",["_N$transition","node","clickEvents","_N$normalColor","_N$pressedColor","_N$disabledColor","_N$target","_N$pressedSprite","_N$hoverSprite","_N$disabledSprite"],2,1,9,5,5,5,1,6,6,6],["cc.ClickEvent",["_componentId","handler","target"],1,1]],[[6,0,1,2,2],[1,0,7,6,2,3,4,5,2],[7,0,1,2,3,4,3],[1,0,1,6,2,3,4,5,3],[4,0,1,2,3,4,5,2],[9,0,1,2,3,4,5,2],[5,1,0,2,3,4,5,6,7,8,9],[7,2,3,1],[2,0,2,3,7,4,1,5,6,8,9,10,10],[3,1,2,3,2],[13,0,1,2,3,4,5,6,7,8,9,2],[14,0,1,2,3],[8,0,2],[1,0,6,2,3,4,5,2],[1,0,7,2,3,8,4,5,2],[4,0,1,2,3,6,4,5,2],[5,0,8,2],[10,0,1],[11,0,1,2,3,4,5,1],[6,1,2,1],[2,0,2,3,4,1,5,9,10,7],[2,0,1,6,9,10,4],[3,0,2,3,2],[3,0,1,2,3,3],[12,0,1,2,3,2]],[[[{"name":"play_blue","rect":[1098,684,121,134],"offset":[0,0],"originalSize":[121,134],"capInsets":[62,61,62,68]}],[0],0,[0],[1],[1]],[[{"name":"play_small","rect":[758,1385,120,134],"offset":[0,0],"originalSize":[120,134],"capInsets":[61,62,61,70]}],[0],0,[0],[1],[1]],[[{"name":"ad","rect":[0,0,72,70],"offset":[0,0],"originalSize":[72,70],"capInsets":[0,0,0,0]}],[0],0,[0],[1],[5]],[[{"name":"rwbg1","rect":[587,1187,62,162],"offset":[0,0],"originalSize":[62,162],"rotated":1,"capInsets":[29,43,29,43]}],[0],0,[0],[1],[1]],[[[12,"TipView"],[13,"TipView",[-10],[[16,45,-2],[17,-3],[18,-9,-8,-7,-6,-5,-4]],[19,-1,0],[5,1080,1920],[540,960,0,0,0,0,1,1,1,1]],[3,"Background",512,[-13,-14,-15],[[2,1,0,-11,[10],11],[6,0,45,-25.775,-64.225,-15,-15,100,40,-12]],[0,"fcTfKX4GtNhLF2uUrnLQCY",1,0],[5,340,134],[19.224999999999994,0,0,0,0,0,1,1,1,0]],[1,"booster_title_bg",1,[-17,-18,-19,-20],[[2,1,0,-16,[16],17]],[0,"5cEBTgzrJL7q/njhesCbgM",1,0],[5,800,574],[0,37,0,0,0,0,1,1,1,1]],[3,"Background",512,[-23],[[2,1,0,-21,[2],3],[6,0,45,-72.46500000000002,-17.535000000000014,-15,-15,100,40,-22]],[0,"9bqjr1xGxAr57O/d6Z2zRT",1,0],[5,340.00000000000006,134],[-27.465000000000003,0,0,0,0,0,1,1,1,0]],[14,"title",3,[[20,"提示",60,122,1,1,1,-24,[15]],[22,false,-25,[4,4284513984]],[24,false,-26,[4,4278190080],[0,0,-2]]],[0,"d7Fj9jLPxF95ADM7922sMA",1,0],[4,4284513984],[5,120,153.72],[0,234.555,0,0,0,0,1,1,1,1]],[15,"New Label",3,[[-27,[23,false,2,-28,[4,4278190080]]],1,4],[0,"3cEWIj09xBkpAl2TDxmp0t",1,0],[4,4286028467],[5,700,300],[0,29.035,0,0,0,0,1,1,1,1]],[1,"canelButton",3,[4],[[10,3,-29,[[11,"d89b2wGLpBNM41ccKizceIl","onback$VButtonClick",1]],[4,4293322470],[4,4291348680],[4,3363338360],4,4,5,6]],[0,"dd2vkuLetDFJXu4Fa35yEP",1,0],[5,250,104],[-153.411,-191.763,0,0,0,0,1,1,1,1]],[4,"Label",4,[[-30,[9,3,-31,[4,4290209870]]],1,4],[0,"229rcOa4BDGbvP91VbYN+u",1,0],[5,150,60],[0,5.603,0,0,0,0,1,1,1,1]],[1,"okButton",3,[2],[[10,3,-32,[[11,"d89b2wGLpBNM41ccKizceIl","onconform$VButtonClick",1]],[4,4293322470],[4,4291348680],[4,3363338360],2,12,13,14]],[0,"7354G+22RAPLDPmw9vzNG3",1,0],[5,250,104],[170.294,-191.763,0,0,0,0,1,1,1,1]],[4,"Label",2,[[-33,[9,3,-34,[4,4280321868]]],1,4],[0,"c03AckUaBNJq4KlBcjvcFe",1,0],[5,150,60],[31.248,5.603,0,0,0,0,1,1,1,1]],[21,"Label",1,1,6,[0]],[8,"取消",48,60,false,1,1,1,1,1,8,[1]],[8,"确定",48,60,false,1,1,1,1,1,10,[7]],[5,"ad",2,[-35],[0,"99lQVnRPRGKYU5UugGMfWE",1,0],[5,72,70],[-72.318,5.359,0,0,0,0,1,1,1,1]],[7,14,[8]],[5,"cion_icon",2,[-36],[0,"a3JPGXkfpBj4LBEgL5QiCv",1,0],[5,74,77],[-66.411,1.969,0,0,0,0,1,1,1,1]],[7,16,[9]]],0,[0,7,1,0,0,1,0,0,1,0,8,17,0,9,15,0,10,11,0,11,13,0,12,12,0,0,1,0,-1,3,0,0,2,0,0,2,0,-1,10,0,-2,14,0,-3,16,0,0,3,0,-1,6,0,-2,7,0,-3,9,0,-4,5,0,0,4,0,0,4,0,-1,8,0,0,5,0,0,5,0,0,5,0,-1,11,0,0,6,0,0,7,0,-1,12,0,0,8,0,0,9,0,-1,13,0,0,10,0,-1,15,0,-1,17,0,13,1,2,3,9,4,3,7,36],[0,0,0,0,0,0,0,0,0,0,0,0,0,0,0,0,0,0,15,17],[-1,-1,-1,2,4,5,6,-1,-1,-1,-1,2,4,5,6,-1,-1,2,2,2],[0,0,0,6,2,3,4,0,0,0,0,7,2,3,4,0,0,8,9,10]],[[{"name":"cion_icon","rect":[0,0,74,77],"offset":[0,0],"originalSize":[74,77],"capInsets":[0,0,0,0]}],[0],0,[0],[1],[11]]]]