{
  "__type__": "cc.SpriteAtlas",
  "_name": "market.plist",
  "_objFlags": 0,
  "_native": "",
  "_spriteFrames": {
    "back": {
      "__uuid__": "7f8ba247-2c52-44a1-95e8-493d4c1d0fd4"
    },
    "img_bg_awning_bank": {
      "__uuid__": "34d5b2e6-44f0-48b6-b49e-f8bf2bbfaa5a"
    },
    "img_bg_bottom": {
      "__uuid__": "8d03f86b-4e73-44f1-b804-a19af476bd3c"
    },
    "img_bg_counter_bank": {
      "__uuid__": "70fa1bd6-d102-4dbf-be24-b1b99ce5429d"
    },
    "img_bg_piggybank_bank": {
      "__uuid__": "28b1e7d5-e361-4fd2-bf47-3b1c251441f4"
    },
    "img_ui_bank_bundle_large": {
      "__uuid__": "49b44a42-7827-4667-a53a-4927e959b269"
    },
    "img_ui_bank_bundle_medium": {
      "__uuid__": "9c8e4c83-c030-454a-866f-4052e9b29c13"
    },
    "img_ui_bank_bundle_small": {
      "__uuid__": "67173599-304a-4871-a712-8bfb638ded28"
    },
    "img_ui_bank_product_gems_1": {
      "__uuid__": "15da0d16-713d-4e2c-8c86-4126539597da"
    },
    "img_ui_bank_product_gems_2": {
      "__uuid__": "d05d5bc5-a354-48a5-b32d-2a13dd621d28"
    },
    "img_ui_bank_product_gems_3": {
      "__uuid__": "9a884d41-9f84-433a-95b1-4661a61d8ffe"
    },
    "img_ui_bank_product_gems_4": {
      "__uuid__": "b66d7024-7e8a-42fc-b59a-e378141080f9"
    },
    "img_ui_bank_product_gems_5": {
      "__uuid__": "e17c9543-9a9f-4a2d-9119-e7609f0fe6c8"
    },
    "img_ui_bank_product_gems_6": {
      "__uuid__": "65ae9c87-c0c7-403f-b5a4-d8a03f094c5f"
    },
    "img_ui_bank_quit_button_bg": {
      "__uuid__": "febf5c94-abc7-4977-b824-4780795bcab9"
    },
    "img_ui_coincollector_progress_bar_frame": {
      "__uuid__": "9e0905ac-c7d4-4f8b-b3f2-b2b8d0231e46"
    }
  }
}