{
  "__type__": "cc.SpriteFrame",
  "content": {
    "name": "btn_menu",
    "atlas": "",
    "rect": {
      "x": 0,
      "y": 0,
      "width": 71,
      "height": 71
    },
    "offset": {
      "x": 0,
      "y": 0
    },
    "originalSize": {
      "width": 71,
      "height": 71
    },
    "rotated": false,
    "capInsets": [
      0,
      0,
      0,
      0
    ],
    "vertices": {
      "rawPosition": [
        -35.5,
        -35.5,
        0,
        35.5,
        -35.5,
        0,
        -35.5,
        35.5,
        0,
        35.5,
        35.5,
        0
      ],
      "indexes": [
        0,
        1,
        2,
        2,
        1,
        3
      ],
      "uv": [
        0,
        71,
        71,
        71,
        0,
        0,
        71,
        0
      ],
      "nuv": [
        0,
        0,
        1,
        0,
        0,
        1,
        1,
        1
      ],
      "minPos": {
        "x": -35.5,
        "y": -35.5,
        "z": 0
      },
      "maxPos": {
        "x": 35.5,
        "y": 35.5,
        "z": 0
      }
    },
    "texture": "ae2b3ce7-2f4b-4f94-9a78-cafa7d52af3f@6c48a",
    "packable": true,
    "pixelsToUnit": 100,
    "pivot": {
      "x": 0.5,
      "y": 0.5
    },
    "meshType": 0
  }
}