{
  "builder": {
    "taskOptionsMap": {
      "1669105719878": {
        "packageName": "com.yuqin.puzzle",
        "orientation": {
          "portrait": true,
          "upsideDown": false,
          "landscapeRight": false,
          "landscapeLeft": false
        },
        "apiLevel": 31,
        "appABIs": [
          "arm64-v8a"
        ],
        "useDebugKeystore": true,
        "keystorePath": "",
        "keystorePassword": "",
        "keystoreAlias": "",
        "keystoreAliasPassword": "",
        "appBundle": true,
        "androidInstant": false,
        "remoteUrl": "",
        "sdkPath": "",
        "ndkPath": "",
        "renderBackEnd": {
          "vulkan": false,
          "gles3": true,
          "gles2": true
        },
        "swappy": false,
        "__version__": "1.0.0"
      }
    },
    "__version__": "1.3.5",
    "common": {
      "outputName": "android",
      "mainBundleCompressionType": "merge_dep",
      "platform": "android",
      "buildStageGroup": {
        "build": [
          "make",
          "run"
        ]
      },
      "name": "Game",
      "buildPath": "project://build"
    },
    "options": {
      "android": {
        "packageName": "com.yuqin.puzzle",
        "orientation": {
          "portrait": true,
          "upsideDown": false,
          "landscapeRight": false,
          "landscapeLeft": false
        },
        "apiLevel": 31,
        "appABIs": [
          "arm64-v8a"
        ],
        "useDebugKeystore": true,
        "keystorePath": "",
        "keystorePassword": "",
        "keystoreAlias": "",
        "keystoreAliasPassword": "",
        "appBundle": true,
        "androidInstant": false,
        "remoteUrl": "",
        "sdkPath": "",
        "ndkPath": "",
        "renderBackEnd": {
          "vulkan": false,
          "gles3": true,
          "gles2": true
        },
        "swappy": false,
        "__version__": "1.0.1"
      }
    }
  },
  "__version__": "1.0.1"
}
