{
  "log": {
    "level": 4
  },
  "common": {
    "polyfills": {
      "asyncFunctions": true
    },
    "outputName": "wechatgame",
    "mainBundleCompressionType": "subpackage",
    "platform": "wechatgame",
    "name": "2248kings",
    "buildPath": "project://build",
    "mainBundleIsRemote": false,
    "useBuiltinServer": false,
    "server": "",
    "debug": false,
    "replaceSplashScreen": true,
    "md5Cache": false,
    "skipCompressTexture": true,
    "useSplashScreen": false
  },
  "BuildTaskManager": {
    "taskMap": {
      "1695107717569": {
        "type": "build",
        "id": "1695107717569",
        "progress": 1,
        "state": "success",
        "stage": "build",
        "message": "2024-1-11 12:37:17 build success in 12872 ms!",
        "options": {
          "name": "2248kings",
          "platform": "bytedance-mini-game",
          "buildPath": "project://build",
          "debug": false,
          "md5Cache": false,
          "skipCompressTexture": false,
          "sourceMaps": false,
          "polyfills": {
            "asyncFunctions": false
          },
          "experimentalEraseModules": false,
          "useBuiltinServer": false,
          "mainBundleIsRemote": false,
          "mainBundleCompressionType": "merge_dep",
          "useSplashScreen": true,
          "packAutoAtlas": true,
          "startScene": "fcb83cd7-5d90-4c33-a5fc-4895f1175618",
          "outputName": "bytedance-mini-game-001",
          "scenes": [
            {
              "url": "db://assets/sence/main.scene",
              "uuid": "fcb83cd7-5d90-4c33-a5fc-4895f1175618",
              "inBundle": false
            }
          ],
          "bytedance-mini-game": [],
          "packages": {},
          "__version__": "1.3.5"
        },
        "time": "1-11-2024 12:37",
        "dirty": false
      },
      "1704960413332": {
        "type": "build",
        "id": "1704960413332",
        "progress": 1,
        "state": "success",
        "stage": "build",
        "message": "2024-1-13 13:35:15 build -> run success in 11035 ms!",
        "options": {
          "name": "2248kings",
          "platform": "wechatgame",
          "buildPath": "project://build",
          "debug": false,
          "md5Cache": false,
          "skipCompressTexture": true,
          "sourceMaps": false,
          "polyfills": {
            "asyncFunctions": false
          },
          "experimentalEraseModules": false,
          "useBuiltinServer": false,
          "mainBundleIsRemote": false,
          "mainBundleCompressionType": "subpackage",
          "useSplashScreen": false,
          "packAutoAtlas": true,
          "startScene": "fcb83cd7-5d90-4c33-a5fc-4895f1175618",
          "outputName": "wechatgame",
          "scenes": [
            {
              "url": "db://assets/sence/main.scene",
              "uuid": "fcb83cd7-5d90-4c33-a5fc-4895f1175618",
              "inBundle": false
            }
          ],
          "bytedance-mini-game": [],
          "packages": {},
          "__version__": "1.3.5",
          "buildStageGroup": {
            "build": [
              "run"
            ]
          },
          "wechatgame": [],
          "server": "",
          "replaceSplashScreen": true
        },
        "time": "1-13-2024 13:35",
        "dirty": false
      }
    }
  },
  "__version__": "1.3.5"
}
