{
  "__version__": "1.0.2",
  "builder": {
    "taskOptionsMap": {
      "1671089848297": {
        "startSceneAssetBundle": false,
        "buildOpenDataContextTemplate": "",
        "appid": "ttebd09d6d74ef149a02",
        "orientation": "portrait",
        "physX": {
          "use": "project",
          "notPackPhysXLibs": false,
          "multiThread": false,
          "subThreadCount": 1,
          "epsilon": 0.001
        },
        "__version__": "1.0.0"
      },
      "1695107717569": {
        "startSceneAssetBundle": false,
        "buildOpenDataContextTemplate": "",
        "appid": "tt21f1574cbecd38e902",
        "orientation": "portrait",
        "physX": {
          "use": "project",
          "notPackPhysXLibs": false,
          "multiThread": false,
          "subThreadCount": 1,
          "epsilon": 0.001
        },
        "__version__": "1.0.2"
      }
    },
    "__version__": "1.3.5",
    "common": {
      "buildPath": "project://build",
      "outputName": "bytedance-mini-game",
      "mainBundleCompressionType": "merge_dep",
      "platform": "bytedance-mini-game",
      "name": "2248kings"
    },
    "options": {
      "bytedance-mini-game": {
        "startSceneAssetBundle": false,
        "buildOpenDataContextTemplate": "",
        "appid": "tt21f1574cbecd38e902",
        "orientation": "portrait",
        "physX": {
          "use": "project",
          "notPackPhysXLibs": false,
          "multiThread": false,
          "subThreadCount": 1,
          "epsilon": 0.001
        },
        "__version__": "1.0.2"
      }
    }
  }
}
