{
  "builder": {
    "taskOptionsMap": {
      "1670830423641": {
        "remoteAddress": "https://www.cocos.com/",
        "enterCocos": "",
        "selectTest": "option2",
        "objectTest": {
          "number": 80,
          "string": "cocos",
          "boolean": true
        },
        "arrayTest": [
          80,
          "cocos",
          true
        ],
        "__version__": "1.0.0"
      },
      "1671089848297": {
        "remoteAddress": "https://www.cocos.com/",
        "enterCocos": "",
        "selectTest": "option2",
        "objectTest": {
          "number": 80,
          "string": "cocos",
          "boolean": true
        },
        "arrayTest": [
          80,
          "cocos",
          true
        ],
        "__version__": "1.0.0"
      }
    },
    "__version__": "1.3.4"
  }
}
