{
  "builder-options": {
    "configID": "be5323",
    "services": [],
    "__version__": "3.0.7"
  },
  "builder": {
    "taskOptionsMap": {
      "1669105719878": {
        "configID": "be5323",
        "services": [
          {
            "service_id": "316",
            "service_component_name": "service-vunglead",
            "builder": "C:\\Users\\Administrator\\.CocosCreator\\.service\\vunglead\\builder\\builder.js",
            "enable": false,
            "params": {}
          },
          {
            "service_id": "235",
            "service_component_name": "service-analytics",
            "builder": "C:\\Users\\Administrator\\.CocosCreator\\.service\\analytics\\builder\\builder.js",
            "enable": false,
            "params": {}
          }
        ],
        "__version__": "1.0.0"
      },
      "1670830423641": {
        "configID": "be5323",
        "services": [
          {
            "service_id": "316",
            "service_component_name": "service-vunglead",
            "builder": "C:\\Users\\Administrator\\.CocosCreator\\.service\\vunglead\\builder\\builder.js",
            "enable": false,
            "params": {}
          },
          {
            "service_id": "235",
            "service_component_name": "service-analytics",
            "builder": "C:\\Users\\Administrator\\.CocosCreator\\.service\\analytics\\builder\\builder.js",
            "enable": false,
            "params": {}
          }
        ],
        "__version__": "1.0.0"
      },
      "1671089848297": {
        "configID": "be5323",
        "services": [],
        "__version__": "1.0.0"
      },
      "1695107717569": {
        "configID": "be5323",
        "services": [],
        "__version__": "3.0.7"
      },
      "1704960413332": {
        "configID": "be5323",
        "services": [],
        "__version__": "3.0.7"
      }
    },
    "__version__": "1.3.5",
    "options": {
      "web-desktop": {
        "configID": "be5323",
        "services": [
          {
            "service_id": "316",
            "service_component_name": "service-vunglead",
            "builder": "C:\\Users\\Administrator\\.CocosCreator\\.service\\vunglead\\builder\\builder.js",
            "enable": false,
            "params": {}
          },
          {
            "service_id": "235",
            "service_component_name": "service-analytics",
            "builder": "C:\\Users\\Administrator\\.CocosCreator\\.service\\analytics\\builder\\builder.js",
            "enable": false,
            "params": {}
          }
        ]
      },
      "android": {
        "configID": "be5323",
        "services": [
          {
            "service_id": "316",
            "service_component_name": "service-vunglead",
            "builder": "C:\\Users\\Administrator\\.CocosCreator\\.service\\vunglead\\builder\\builder.js",
            "enable": false,
            "params": {}
          },
          {
            "service_id": "235",
            "service_component_name": "service-analytics",
            "builder": "C:\\Users\\Administrator\\.CocosCreator\\.service\\analytics\\builder\\builder.js",
            "enable": false,
            "params": {}
          }
        ]
      },
      "web-mobile": {
        "configID": "be5323",
        "services": [
          {
            "service_id": "316",
            "service_component_name": "service-vunglead",
            "builder": "C:\\Users\\Administrator\\.CocosCreator\\.service\\vunglead\\builder\\builder.js",
            "enable": false,
            "params": {}
          },
          {
            "service_id": "235",
            "service_component_name": "service-analytics",
            "builder": "C:\\Users\\Administrator\\.CocosCreator\\.service\\analytics\\builder\\builder.js",
            "enable": false,
            "params": {}
          }
        ]
      },
      "wechatgame": {
        "configID": "be5323",
        "services": [],
        "__version__": "3.0.7"
      },
      "bytedance-mini-game": {
        "configID": "be5323",
        "services": [],
        "__version__": "1.0.0"
      }
    }
  },
  "__version__": "3.0.7"
}
