{
  "builder": {
    "taskOptionsMap": {
      "1670830423641": {
        "startSceneAssetBundle": false,
        "orientation": "portrait",
        "appid": "wx4c903bd87b2c26b9",
        "buildOpenDataContextTemplate": "",
        "separateEngine": false,
        "wasm": "js",
        "enabelWebGL2": "sameAsProjectSetting",
        "__version__": "1.0.0"
      },
      "1704960413332": {
        "startSceneAssetBundle": true,
        "orientation": "portrait",
        "appid": "wxf4e46321f9e9d858",
        "buildOpenDataContextTemplate": false,
        "separateEngine": false,
        "highPerformanceMode": false,
        "enabelWebGL2": "sameAsProjectSetting",
        "wasm": "js",
        "__version__": "1.0.2"
      }
    },
    "__version__": "1.3.5",
    "common": {
      "buildPath": "project://build",
      "outputName": "wechatgame",
      "mainBundleCompressionType": "subpackage",
      "platform": "wechatgame",
      "mainBundleIsRemote": false,
      "useBuiltinServer": false,
      "buildStageGroup": {
        "build": [
          "run"
        ]
      },
      "server": "",
      "debug": false,
      "replaceSplashScreen": true,
      "md5Cache": false,
      "name": "2248kings",
      "skipCompressTexture": true,
      "useSplashScreen": false
    },
    "options": {
      "wechatgame": {
        "startSceneAssetBundle": true,
        "orientation": "portrait",
        "appid": "wxf4e46321f9e9d858",
        "buildOpenDataContextTemplate": false,
        "separateEngine": false,
        "highPerformanceMode": false,
        "enabelWebGL2": "sameAsProjectSetting",
        "wasm": "js",
        "__version__": "1.0.2"
      }
    }
  },
  "__version__": "1.0.2"
}
