[1,["6bLJhxOZhOoYWNT8iyt3WS"],["_textureSetter"],["cc.SpriteFrame"],0,[[[{"name":"spinicon","rect":[820,1626,99,101],"offset":[0,0],"originalSize":[99,101],"rotated":1,"capInsets":[0,0,0,0]}],[0],0,[0],[0],[0]],[[{"name":"f","rect":[1022,461,89,77],"offset":[0,0],"originalSize":[89,77],"capInsets":[38,0,38,0]}],[0],0,[0],[0],[0]],[[{"name":"chefhat","rect":[1136,962,106,108],"offset":[0,0],"originalSize":[106,108],"capInsets":[0,0,0,0]}],[0],0,[0],[0],[0]],[[{"name":"more_game","rect":[847,1250,106,93],"offset":[0,0],"originalSize":[106,93],"rotated":1,"capInsets":[0,0,0,0]}],[0],0,[0],[0],[0]],[[{"name":"rivalentrypoint image","rect":[714,1521,113,103],"offset":[0,0],"originalSize":[113,103],"capInsets":[0,0,0,0]}],[0],0,[0],[0],[0]],[[{"name":"notbook","rect":[880,1358,89,102],"offset":[0,0],"originalSize":[89,102],"capInsets":[0,0,0,0]}],[0],0,[0],[0],[0]],[[{"name":"img_ui_icons_ads","rect":[1070,1188,96,94],"offset":[0,0],"originalSize":[96,94],"capInsets":[0,0,0,0]}],[0],0,[0],[0],[0]],[[{"name":"img_ui_bank","rect":[1136,470,95,111],"offset":[0,0],"originalSize":[95,111],"rotated":1,"capInsets":[0,0,0,0]}],[0],0,[0],[0],[0]],[[{"name":"egg","rect":[884,1078,96,91],"offset":[0,0],"originalSize":[96,91],"rotated":1,"capInsets":[0,0,0,0]}],[0],0,[0],[0],[0]],[[{"name":"OffersWindowBonusBoxIcon","rect":[967,1180,98,101],"offset":[0,0],"originalSize":[98,101],"rotated":1,"capInsets":[0,0,0,0]}],[0],0,[0],[0],[0]],[[{"name":"general_plusIcon","rect":[1162,1662,46,46],"offset":[0,0],"originalSize":[46,46],"capInsets":[0,0,0,0]}],[0],0,[0],[0],[0]],[[{"name":"img_ui_xp_reward_icon","rect":[1136,962,106,108],"offset":[0,0],"originalSize":[106,108],"capInsets":[0,0,0,0]}],[0],0,[0],[0],[0]],[[{"name":"img_ui_meta_hud_settings_bg","rect":[1057,1353,89,84],"offset":[0,0],"originalSize":[89,84],"rotated":1,"capInsets":[44,38,44,42]}],[0],0,[0],[0],[0]],[[{"name":"img_ui_meta_hud_settings_icon","rect":[1105,1609,51,54],"offset":[0,0],"originalSize":[51,54],"capInsets":[0,0,0,0]}],[0],0,[0],[0],[0]],[[{"name":"Video","rect":[1165,1575,51,44],"offset":[0,0],"originalSize":[53,46],"capInsets":[0,0,0,0]}],[0],0,[0],[0],[0]],[[{"name":"img_ui_meta_hud_level_progress_bar_bg","rect":[1174,1162,64,64],"offset":[0,0],"originalSize":[64,64],"capInsets":[0,0,0,0]}],[0],0,[0],[0],[0]],[[{"name":"chuizi","rect":[823,167,292,289],"offset":[0,0],"originalSize":[292,289],"rotated":1,"capInsets":[0,0,0,0]}],[0],0,[0],[0],[0]]]]