{
  "__type__": "cc.SpriteFrame",
  "content": {
    "name": "gold",
    "atlas": "",
    "rect": {
      "x": 0,
      "y": 0,
      "width": 59,
      "height": 46
    },
    "offset": {
      "x": 0,
      "y": 0
    },
    "originalSize": {
      "width": 59,
      "height": 46
    },
    "rotated": false,
    "capInsets": [
      0,
      0,
      0,
      0
    ],
    "vertices": {
      "rawPosition": [
        -29.5,
        -23,
        0,
        29.5,
        -23,
        0,
        -29.5,
        23,
        0,
        29.5,
        23,
        0
      ],
      "indexes": [
        0,
        1,
        2,
        2,
        1,
        3
      ],
      "uv": [
        0,
        46,
        59,
        46,
        0,
        0,
        59,
        0
      ],
      "nuv": [
        0,
        0,
        1,
        0,
        0,
        1,
        1,
        1
      ],
      "minPos": {
        "x": -29.5,
        "y": -23,
        "z": 0
      },
      "maxPos": {
        "x": 29.5,
        "y": 23,
        "z": 0
      }
    },
    "texture": "22d512e0-80aa-4c28-8788-519b87477660@6c48a",
    "packable": true,
    "pixelsToUnit": 100,
    "pivot": {
      "x": 0.5,
      "y": 0.5
    },
    "meshType": 0
  }
}