{
  "__type__": "cc.TextAsset",
  "_name": "colorData",
  "_objFlags": 0,
  "_native": "",
  "text": "唯一ID(对应值大小)\t格子颜色（#FFFFFF）\t字体颜色（#FFFFFF）\r\nid\tcolor\tfontColor\r\n1\t#a859c4\t#FFFFFF\r\n2\t#155abb\t#FFFFFF\r\n3\t#cb4353\t#FFFFFF\r\n4\t#572acc\t#FFFFFF\r\n5\t#e45a8d\t#FFFFFF\r\n6\t#0098df\t#FFFFFF\r\n7\t#50c082\t#FFFFFF\r\n8\t#c32266\t#FFFFFF\r\n9\t#dd8942\t#FFFFFF\r\n10\t#99b12f\t#FFFFFF\r\n11\t#8a30a0\t#FFFFFF\r\n12\t#e6d446\t#FFFFFF\r\n13\t#b31393\t#FFFFFF\r\n14\t#6f2db6\t#FFFFFF\r\n15\t#09a397\t#FFFFFF\r\n16\t#8466f3\t#FFFFFF\r\n17\t#cb3d32\t#FFFFFF\r\n18\t#4b73c8\t#FFFFFF\r\n19\t#9c00ed\t#FFFFFF\r\n20\t#c76267\t#FFFFFF\r\n21\t#0434bd\t#FFFFFF\r\n22\t#0177ae\t#FFFFFF\r\n23\t#c103d2\t#FFFFFF\r\n24\t#d67148\t#FFFFFF\r\n25\t#00a6c9\t#FFFFFF\r\n26\t#8a0463\t#FFFFFF\r\n27\t#017e71\t#FFFFFF\r\n28\t#0066ff\t#FFFFFF\r\n29\t#ae1f1f\t#FFFFFF\r\n30\t#c17cf7\t#FFFFFF\r\n31\t#44b30a\t#FFFFFF\r\n32\t#ea6616\t#FFFFFF\r\n33\t#e346a8\t#FFFFFF\r\n34\t#ca895d\t#FFFFFF\r\n35\t#99ce7e\t#FFFFFF\r\n36\t#987a02\t#FFFFFF\r\n37\t#224ef7\t#FFFFFF\r\n38\t#5908b5\t#FFFFFF\r\n39\t#d6b661\t#FFFFFF\r\n40\t#45b2bc\t#FFFFFF\r\n41\t#e10042\t#FFFFFF\r\n42\t#7280fd\t#FFFFFF\r\n43\t#7c343a\t#FFFFFF\r\n44\t#b0bd1e\t#FFFFFF\r\n45\t#a710d9\t#FFFFFF\r\n46\t#01519b\t#FFFFFF\r\n47\t#dd8942\t#FFFFFF\r\n48\t#c127a3\t#FFFFFF\r\n49\t#219dfc\t#FFFFFF\r\n50\t#e64c1a\t#FFFFFF\r\n51\t#17dde4\t#FFFFFF\r\n52\t#ad6312\t#FFFFFF\r\n53\t#68158b\t#FFFFFF\r\n54\t#fe4848\t#FFFFFF\r\n55\t#03dd69\t#FFFFFF\r\n56\t#400db4\t#FFFFFF\r\n57\t#cdf772\t#FFFFFF\r\n58\t#8e5465\t#FFFFFF\r\n59\t#f98b05\t#FFFFFF\r\n60\t#5d05ff\t#FFFFFF\r\n61\t#d57ab2\t#FFFFFF\r\n62\t#c5972a\t#FFFFFF\r\n63\t#ff4c7b\t#FFFFFF\r\n64\t#56c5ff\t#FFFFFF\r\n65\t#ff40d0\t#FFFFFF\r\n66\t#00f7ae\t#FFFFFF\r\n67\t#82032d\t#FFFFFF\r\n68\t#7600fb\t#FFFFFF\r\n69\t#583737\t#FFFFFF\r\n70\t#d341fd\t#FFFFFF\r\n71\t#317a0c\t#FFFFFF\r\n72\t#4d61fe\t#FFFFFF\r\n73\t#bd125e\t#FFFFFF\r\n74\t#2d76c3\t#FFFFFF\r\n75\t#884cdf\t#FFFFFF\r\n76\t#899ffd\t#FFFFFF\r\n77\t#2c36fd\t#FFFFFF\r\n78\t#ac8ffe\t#FFFFFF\r\n79\t#bd4385\t#FFFFFF\r\n80\t#f78458\t#FFFFFF\r\n81\t#7b61ff\t#FFFFFF\r\n82\t#025963\t#FFFFFF\r\n83\t#ef8beb\t#FFFFFF\r\n84\t#a756fe\t#FFFFFF\r\n85\t#a54036\t#FFFFFF\r\n86\t#5401ec\t#FFFFFF\r\n87\t#2c3e98\t#FFFFFF\r\n88\t#8701ef\t#FFFFFF\r\n89\t#8bd91c\t#FFFFFF\r\n90\t#0279ff\t#FFFFFF\r\n91\t#80019b\t#FFFFFF\r\n92\t#613781\t#FFFFFF\r\n93\t#fd68bc\t#FFFFFF\r\n94\t#26a1ff\t#FFFFFF\r\n95\t#152bba\t#FFFFFF\r\n96\t#710bb9\t#FFFFFF\r\n97\t#0da8b6\t#FFFFFF\r\n98\t#ffc600\t#FFFFFF\r\n99\t#78006e\t#FFFFFF\r\n100\t#00deff\t#FFFFFF\r\n"
}