{
  "__type__": "cc.SpriteAtlas",
  "_name": "public.plist",
  "_objFlags": 0,
  "_native": "",
  "_spriteFrames": {
    "4399": {
      "__uuid__": "b09d739b-ecbf-4fb8-9bd0-d246f00b195e"
    },
    "0001startemptyarrows-white": {
      "__uuid__": "da035c8f-e3fa-4910-93a7-0a1981060c63"
    },
    "AllWindowsButtonBaseShape9sliced": {
      "__uuid__": "fd0716b9-4df4-4142-859a-59376a0c2082"
    },
    "ButtonHardCurrency": {
      "__uuid__": "3b059d2c-0526-4022-933e-11f686ffa3bf"
    },
    "ButtonPremium": {
      "__uuid__": "60b3efbc-a413-491f-bc92-30cc2a3f4440"
    },
    "ButtonSoftCurrency": {
      "__uuid__": "90d628e7-dd09-4130-a3b2-e30918f180c8"
    },
    "Check": {
      "__uuid__": "1fdeeb2c-621b-4521-802e-4aa3387f7517"
    },
    "LevelProgressBar": {
      "__uuid__": "f6e571c7-1507-4ae5-81e3-5f2a5be56c8c"
    },
    "OffersWindowBonusBoxIcon": {
      "__uuid__": "4982bdff-0bc5-48ba-b73f-42e52ed5bb00"
    },
    "Rays1": {
      "__uuid__": "c1061270-7a7f-48dc-b6ab-92f37b0dd545"
    },
    "Video": {
      "__uuid__": "dfb51503-3321-44d9-85ec-4a96f1b9ddee"
    },
    "ad": {
      "__uuid__": "69f3e6b2-381f-4c73-8764-0973565c3374"
    },
    "alert_icon": {
      "__uuid__": "de048195-4e8e-4c28-84ed-e0057e3fada7"
    },
    "back": {
      "__uuid__": "c1d63904-5c84-4fb3-9cfb-fd4c8b621499"
    },
    "bgt": {
      "__uuid__": "3670afe9-5b9b-4252-917a-bdfa34dcd4aa"
    },
    "bigbg1": {
      "__uuid__": "00bed4f9-0f1b-4ac2-b411-f0288ea71201"
    },
    "bigbtn": {
      "__uuid__": "985f4ec4-b3f5-404f-b4fe-73f774dd6db4"
    },
    "booster_title_bg": {
      "__uuid__": "d5a23f9e-1420-4e5c-9494-8e8f0105c0c8"
    },
    "btns2": {
      "__uuid__": "739fa172-6e7c-4c3f-9491-e381dc81c8e8"
    },
    "bubble order_teat": {
      "__uuid__": "9b10aee9-e956-4b34-9eb6-11d1fb002774"
    },
    "bubble_order_bubble_small": {
      "__uuid__": "0893ab99-b99c-43ec-8964-2b039e299ed1"
    },
    "bubble_order_bubble_small2": {
      "__uuid__": "bf7f4d88-d985-48fb-8a57-0184a388d5b2"
    },
    "button_red": {
      "__uuid__": "25f17bec-f775-4e41-b9f0-7ff2c6f21b50"
    },
    "bx": {
      "__uuid__": "20b4a780-5c55-41da-9f1c-30cf9dff0069"
    },
    "bx2": {
      "__uuid__": "5e9c379f-2f5c-4029-9db2-2400498a1d60"
    },
    "chatbubble": {
      "__uuid__": "caafed1f-0856-4fc2-a7ff-0b814461562e"
    },
    "chefhat": {
      "__uuid__": "13bbe003-294b-4103-86e3-6e67e5b07027"
    },
    "choose1": {
      "__uuid__": "32646cfe-1094-456f-b1a0-4fd35f1e63f5"
    },
    "choosebg": {
      "__uuid__": "693f61dc-23df-41af-9753-f4ad052dfa84"
    },
    "chuizi": {
      "__uuid__": "f6c6a29f-b4c3-4692-ad5d-1cce6311dce9"
    },
    "cion_icon": {
      "__uuid__": "ca9124c6-900a-4a49-9465-80f96c84aec4"
    },
    "cz": {
      "__uuid__": "3c68e208-1661-4ee1-8bf5-1c7380cd733d"
    },
    "egg": {
      "__uuid__": "42c66c30-a33a-4376-bfc9-7ab54fbb96f7"
    },
    "enemy_point": {
      "__uuid__": "92a6efbc-5021-4d62-b639-8cf8e262d9d1"
    },
    "energy": {
      "__uuid__": "3b6c31b1-9e5e-4fc2-bdf3-f2b208617985"
    },
    "f": {
      "__uuid__": "0735ebaa-fba5-4bd6-a793-fbf0a0f66a5e"
    },
    "finger": {
      "__uuid__": "12a38db0-f0f9-40e5-8337-0fce7d6bcecd"
    },
    "font1": {
      "__uuid__": "a9101d66-9109-4b9c-bb68-48232d7b7177"
    },
    "framexq": {
      "__uuid__": "60798446-937e-4160-9cc6-930d2e7c5a4b"
    },
    "gem": {
      "__uuid__": "53bcdf4f-410b-4654-8860-0a6db15d7d5a"
    },
    "general_plusIcon": {
      "__uuid__": "829f19ea-d4cd-4afe-addd-1da184b2dcdb"
    },
    "gift_special": {
      "__uuid__": "49369bf8-f73e-460d-af3e-34349682866f"
    },
    "giftbtn": {
      "__uuid__": "0389c606-4d17-45c7-9765-28b5bf3b7a06"
    },
    "gifttt": {
      "__uuid__": "f97c4707-c3f9-459c-9e42-18eaa7401c72"
    },
    "greensharebutton": {
      "__uuid__": "477e6426-a96a-4eb7-ab5f-a43940888b84"
    },
    "gridSelectionOutline": {
      "__uuid__": "45d36181-6ca0-4a9f-bd04-58cd8defc00a"
    },
    "ice": {
      "__uuid__": "75f573c1-cf81-45b1-961b-68ddc4e874af"
    },
    "icon_task": {
      "__uuid__": "a58604f7-1edd-459d-bcb0-a72cf6912906"
    },
    "img_ui_appointment_icon_timer": {
      "__uuid__": "666d28aa-0f84-4a0c-bd59-9771b9556642"
    },
    "img_ui_bank": {
      "__uuid__": "3e34b184-47b4-45cf-8761-2c877565671e"
    },
    "img_ui_circle": {
      "__uuid__": "560afdfb-b2e9-45e0-b395-ab075b4d1ec5"
    },
    "img_ui_coincollector_paginator_star_big": {
      "__uuid__": "91865f9c-d0ef-4fea-aa62-575a2b90b680"
    },
    "img_ui_coincollector_progress_bar_bg": {
      "__uuid__": "6985059f-c3a1-4e3e-88dd-7da50071b1be"
    },
    "img_ui_coincollector_progress_bar_fill": {
      "__uuid__": "962fa119-91bb-420f-a2b8-1f9e927a435e"
    },
    "img_ui_delete_icon": {
      "__uuid__": "9d6cfc09-4e6b-4fda-8b9e-357ca0ee841e"
    },
    "img_ui_icons_ads": {
      "__uuid__": "3d713847-99f2-4d31-851d-e601fc46bd1c"
    },
    "img_ui_item_details_counter": {
      "__uuid__": "bd09b838-788c-4b79-8d32-1424eedcbcfb"
    },
    "img_ui_meta_hud_level_progress_bar_bg": {
      "__uuid__": "e4ec5e5a-be78-4fd5-b1cd-379353bfc9d8"
    },
    "img_ui_meta_hud_settings_bg": {
      "__uuid__": "9b02d8c0-3b42-4914-9099-35b88b0d35a4"
    },
    "img_ui_meta_hud_settings_icon": {
      "__uuid__": "c80791bf-a5d6-4247-9866-7ecda66c321c"
    },
    "img_ui_meta_play_button": {
      "__uuid__": "0d298038-cf07-4b79-a334-7c22179a3414"
    },
    "img_ui_refresh_icon": {
      "__uuid__": "edd29a66-a438-4595-ad4c-685a52206341"
    },
    "img_ui_shop_icon_small": {
      "__uuid__": "20027d12-386e-4a53-9587-c3969ffc1445"
    },
    "img_ui_skip_icon": {
      "__uuid__": "88b48ff6-70f9-4705-b978-bbebce8be3b2"
    },
    "img_ui_storage_bg_bottom": {
      "__uuid__": "ea0ac9a5-9d1d-4c05-8dd4-96e820f71f92"
    },
    "img_ui_storage_bg_header": {
      "__uuid__": "e7eb8be0-8974-4e7a-b3e8-1a7a7aa8841a"
    },
    "img_ui_storage_icon closed": {
      "__uuid__": "5dd5cb50-db0f-4051-a203-91580f942661"
    },
    "img_ui_storage_icon open": {
      "__uuid__": "8665c023-cb69-425c-a932-4609575e117e"
    },
    "img_ui_task_icon": {
      "__uuid__": "000f21eb-3ef8-43b1-bd5d-a16a4221784a"
    },
    "img_ui_task_icon2": {
      "__uuid__": "d2fc2e15-e029-4389-a472-f105f25862e3"
    },
    "img_ui_undo_icon": {
      "__uuid__": "f53d5aea-733a-4226-8daf-d772ed35279c"
    },
    "img_ui_xp_reward_icon": {
      "__uuid__": "948731d8-0898-4125-9696-7927d0a633bd"
    },
    "info-64": {
      "__uuid__": "e7d75f39-9f34-4977-92b8-ff6d9681331b"
    },
    "lock_shadow": {
      "__uuid__": "99274566-4883-4a83-a961-ad35abafde47"
    },
    "more_game": {
      "__uuid__": "1f07b1cd-513e-49f6-96a2-376ec09ad85a"
    },
    "music1": {
      "__uuid__": "31765bec-1299-42d9-a5b5-fba19ccb1d1d"
    },
    "music2": {
      "__uuid__": "c39712db-65b0-44ea-89ba-61e66375be48"
    },
    "musicbg": {
      "__uuid__": "34f44cb2-630b-48d1-aaff-859ae0e164db"
    },
    "next1": {
      "__uuid__": "5575711c-0bb7-41b6-89af-927ccf2b476f"
    },
    "next2": {
      "__uuid__": "511a1549-e797-4e61-ac50-156276457d4b"
    },
    "next3": {
      "__uuid__": "4bd9d663-ec52-43d6-87a6-21c35e663e92"
    },
    "next4": {
      "__uuid__": "e4ab09df-581d-4934-9e70-d56c865b92ee"
    },
    "notbook": {
      "__uuid__": "26407b97-96cc-4ae8-851b-208e9d9520f1"
    },
    "outlineWithTileSliced": {
      "__uuid__": "d8707c3b-c9c7-45a3-94e7-9f72eac9159c"
    },
    "play_blue": {
      "__uuid__": "0bf4487b-fdce-4399-9f94-3aa417614642"
    },
    "play_small": {
      "__uuid__": "18162dd9-91ad-4cf8-9b4d-eecdd5943bc6"
    },
    "play_small1": {
      "__uuid__": "4a3b628c-92f4-4c71-a18b-6be080aa59b5"
    },
    "quitbutton_floating": {
      "__uuid__": "9f869dea-8703-4956-9848-9f3f550bd580"
    },
    "rivalentrypoint image": {
      "__uuid__": "2110ad49-a085-44dc-a57a-a1660832b1cd"
    },
    "rwbg1": {
      "__uuid__": "b74734ff-efda-4f74-89c3-701abec19596"
    },
    "rwjl": {
      "__uuid__": "3bacda27-4fec-40a9-86cd-744756061cf2"
    },
    "rwjlbg0": {
      "__uuid__": "ed476cf6-c481-4ff9-be9c-c51d65b76de4"
    },
    "rwjlbg1": {
      "__uuid__": "d5a5b67c-2e1a-4ddb-8b51-7219b735b324"
    },
    "rwjlbg2": {
      "__uuid__": "de777c77-6732-4fd9-b30b-e7ddca416be5"
    },
    "rwjljdt1": {
      "__uuid__": "25a0cde9-276a-4e9d-96c8-9be4c9d909cd"
    },
    "rwjljdt2": {
      "__uuid__": "de16abd5-2c82-4089-9e95-872bbb61082d"
    },
    "sawHammer": {
      "__uuid__": "05eeb7a5-d109-4b66-8776-2cf0e2995af2"
    },
    "sawHammer2": {
      "__uuid__": "4852d5fa-a9fd-4cff-ac4c-bc494dd6b435"
    },
    "sd_": {
      "__uuid__": "b62e5915-5b74-411d-ade3-e43b8faa4d71"
    },
    "sdbtn": {
      "__uuid__": "d9a4c2cb-1a8a-471a-b210-6f066ac34075"
    },
    "sdbtnl": {
      "__uuid__": "d1573fa4-73cc-4811-988b-e54a58640f3d"
    },
    "spinicon": {
      "__uuid__": "06f50de6-e6e5-401a-b724-0b305645ce47"
    },
    "st": {
      "__uuid__": "bb114e79-67d8-4552-8c39-942cbed5430b"
    },
    "st1": {
      "__uuid__": "b0e3149d-0343-4dc7-b471-be50fc17e6c1"
    },
    "szbg1": {
      "__uuid__": "d1711f03-2d65-4973-bc70-9585b31e670c"
    },
    "timebg": {
      "__uuid__": "8f2db536-96a3-4d02-934a-eb5c5497a8c8"
    },
    "ui_img_popup_header_bg": {
      "__uuid__": "7df64985-f357-4f44-bac5-04d1103f10f7"
    },
    "uibackground": {
      "__uuid__": "bbb62752-8c0f-493b-8376-01fa8c01c53a"
    },
    "xshdqq": {
      "__uuid__": "4a4f16d7-2b9e-4309-926a-a1df2d684b0a"
    }
  }
}