{
  "__type__": "cc.SpriteFrame",
  "content": {
    "name": "btn_game",
    "atlas": "",
    "rect": {
      "x": 1,
      "y": 2,
      "width": 146,
      "height": 121
    },
    "offset": {
      "x": 0,
      "y": -0.5
    },
    "originalSize": {
      "width": 148,
      "height": 124
    },
    "rotated": false,
    "capInsets": [
      48,
      50,
      48,
      60
    ],
    "vertices": {
      "rawPosition": [
        -73,
        -60.5,
        0,
        73,
        -60.5,
        0,
        -73,
        60.5,
        0,
        73,
        60.5,
        0
      ],
      "indexes": [
        0,
        1,
        2,
        2,
        1,
        3
      ],
      "uv": [
        1,
        122,
        147,
        122,
        1,
        1,
        147,
        1
      ],
      "nuv": [
        0.006756756756756757,
        0.008064516129032258,
        0.9932432432432432,
        0.008064516129032258,
        0.006756756756756757,
        0.9838709677419355,
        0.9932432432432432,
        0.9838709677419355
      ],
      "minPos": {
        "x": -73,
        "y": -60.5,
        "z": 0
      },
      "maxPos": {
        "x": 73,
        "y": 60.5,
        "z": 0
      }
    },
    "texture": "ee03aa23-feb9-48b1-9ad8-0651dd899488@6c48a",
    "packable": true,
    "pixelsToUnit": 100,
    "pivot": {
      "x": 0.5,
      "y": 0.5
    },
    "meshType": 0
  }
}