[
  {
    "__type__": "cc.Prefab",
    "_name": "Minblock",
    "_objFlags": 0,
    "_native": "",
    "data": {
      "__id__": 1
    },
    "optimizationPolicy": 0,
    "persistent": false
  },
  {
    "__type__": "cc.Node",
    "_name": "Minblock",
    "_objFlags": 0,
    "__editorExtras__": {},
    "_parent": null,
    "_children": [
      {
        "__id__": 2
      },
      {
        "__id__": 11
      },
      {
        "__id__": 19
      },
      {
        "__id__": 40
      },
      {
        "__id__": 128
      }
    ],
    "_active": true,
    "_components": [
      {
        "__id__": 153
      },
      {
        "__id__": 155
      },
      {
        "__id__": 157
      }
    ],
    "_prefab": {
      "__id__": 159
    },
    "_lpos": {
      "__type__": "cc.Vec3",
      "x": 0,
      "y": 0,
      "z": 0
    },
    "_lrot": {
      "__type__": "cc.Quat",
      "x": 0,
      "y": 0,
      "z": 0,
      "w": 1
    },
    "_lscale": {
      "__type__": "cc.Vec3",
      "x": 1,
      "y": 1,
      "z": 1
    },
    "_mobility": 0,
    "_layer": 33554432,
    "_euler": {
      "__type__": "cc.Vec3",
      "x": 0,
      "y": 0,
      "z": 0
    },
    "_id": ""
  },
  {
    "__type__": "cc.Node",
    "_name": "touchLayer",
    "_objFlags": 0,
    "_parent": {
      "__id__": 1
    },
    "_children": [],
    "_active": true,
    "_components": [
      {
        "__id__": 3
      },
      {
        "__id__": 6
      },
      {
        "__id__": 8
      }
    ],
    "_prefab": {
      "__id__": 10
    },
    "_lpos": {
      "__type__": "cc.Vec3",
      "x": 0,
      "y": 0,
      "z": 0
    },
    "_lrot": {
      "__type__": "cc.Quat",
      "x": 0,
      "y": 0,
      "z": 0,
      "w": 1
    },
    "_lscale": {
      "__type__": "cc.Vec3",
      "x": 1,
      "y": 1,
      "z": 1
    },
    "_mobility": 0,
    "_layer": 33554432,
    "_euler": {
      "__type__": "cc.Vec3",
      "x": 0,
      "y": 0,
      "z": 0
    },
    "_id": ""
  },
  {
    "__type__": "cc.Button",
    "_name": "",
    "_objFlags": 0,
    "node": {
      "__id__": 2
    },
    "_enabled": true,
    "__prefab": {
      "__id__": 4
    },
    "clickEvents": [
      {
        "__id__": 5
      }
    ],
    "_interactable": true,
    "_transition": 0,
    "_normalColor": {
      "__type__": "cc.Color",
      "r": 255,
      "g": 255,
      "b": 255,
      "a": 255
    },
    "_hoverColor": {
      "__type__": "cc.Color",
      "r": 255,
      "g": 255,
      "b": 255,
      "a": 255
    },
    "_pressedColor": {
      "__type__": "cc.Color",
      "r": 211,
      "g": 211,
      "b": 211,
      "a": 255
    },
    "_disabledColor": {
      "__type__": "cc.Color",
      "r": 124,
      "g": 124,
      "b": 124,
      "a": 255
    },
    "_normalSprite": null,
    "_hoverSprite": null,
    "_pressedSprite": null,
    "_disabledSprite": null,
    "_duration": 0.1,
    "_zoomScale": 1.2,
    "_target": {
      "__id__": 2
    },
    "_id": ""
  },
  {
    "__type__": "cc.CompPrefabInfo",
    "fileId": "59hxYxqy9D2rKSp5qBZ1a/"
  },
  {
    "__type__": "cc.ClickEvent",
    "target": {
      "__id__": 1
    },
    "component": "",
    "_componentId": "da03bU/KsdKJ6oCaPkqZkuI",
    "handler": "OnClickIntercept",
    "customEventData": ""
  },
  {
    "__type__": "cc.UIOpacity",
    "_name": "",
    "_objFlags": 0,
    "node": {
      "__id__": 2
    },
    "_enabled": true,
    "__prefab": {
      "__id__": 7
    },
    "_opacity": 255,
    "_id": ""
  },
  {
    "__type__": "cc.CompPrefabInfo",
    "fileId": "a9lUqA+EtBcKwBorWGKq7X"
  },
  {
    "__type__": "cc.UITransform",
    "_name": "",
    "_objFlags": 0,
    "node": {
      "__id__": 2
    },
    "_enabled": true,
    "__prefab": {
      "__id__": 9
    },
    "_contentSize": {
      "__type__": "cc.Size",
      "width": 720,
      "height": 1280
    },
    "_anchorPoint": {
      "__type__": "cc.Vec2",
      "x": 0.5,
      "y": 0.5
    },
    "_id": ""
  },
  {
    "__type__": "cc.CompPrefabInfo",
    "fileId": "39QqUuWpNPDp0PTkRo2ALl"
  },
  {
    "__type__": "cc.PrefabInfo",
    "root": {
      "__id__": 1
    },
    "asset": {
      "__id__": 0
    },
    "fileId": "877Qr99TlG87agp/d7gV0b",
    "instance": null,
    "targetOverrides": null,
    "nestedPrefabInstanceRoots": null
  },
  {
    "__type__": "cc.Node",
    "_name": "bg",
    "_objFlags": 0,
    "_parent": {
      "__id__": 1
    },
    "_children": [],
    "_active": true,
    "_components": [
      {
        "__id__": 12
      },
      {
        "__id__": 14
      },
      {
        "__id__": 16
      }
    ],
    "_prefab": {
      "__id__": 18
    },
    "_lpos": {
      "__type__": "cc.Vec3",
      "x": 0,
      "y": 0,
      "z": 0
    },
    "_lrot": {
      "__type__": "cc.Quat",
      "x": 0,
      "y": 0,
      "z": 0,
      "w": 1
    },
    "_lscale": {
      "__type__": "cc.Vec3",
      "x": 1,
      "y": 1,
      "z": 1
    },
    "_mobility": 0,
    "_layer": 33554432,
    "_euler": {
      "__type__": "cc.Vec3",
      "x": 0,
      "y": 0,
      "z": 0
    },
    "_id": ""
  },
  {
    "__type__": "cc.Sprite",
    "_name": "",
    "_objFlags": 0,
    "node": {
      "__id__": 11
    },
    "_enabled": true,
    "__prefab": {
      "__id__": 13
    },
    "_customMaterial": {
      "__uuid__": "fda095cb-831d-4601-ad94-846013963de8",
      "__expectedType__": "cc.Material"
    },
    "_srcBlendFactor": 2,
    "_dstBlendFactor": 4,
    "_color": {
      "__type__": "cc.Color",
      "r": 255,
      "g": 255,
      "b": 255,
      "a": 255
    },
    "_spriteFrame": {
      "__uuid__": "7a1d3294-440d-4914-9d3c-37ebd99c6677@f9941",
      "__expectedType__": "cc.SpriteFrame"
    },
    "_type": 1,
    "_fillType": 0,
    "_sizeMode": 0,
    "_fillCenter": {
      "__type__": "cc.Vec2",
      "x": 0,
      "y": 0
    },
    "_fillStart": 0,
    "_fillRange": 0,
    "_isTrimmedMode": true,
    "_useGrayscale": false,
    "_atlas": null,
    "_id": ""
  },
  {
    "__type__": "cc.CompPrefabInfo",
    "fileId": "14tF+8h1VCZrY2854bbxnu"
  },
  {
    "__type__": "cc.UIOpacity",
    "_name": "",
    "_objFlags": 0,
    "node": {
      "__id__": 11
    },
    "_enabled": true,
    "__prefab": {
      "__id__": 15
    },
    "_opacity": 230,
    "_id": ""
  },
  {
    "__type__": "cc.CompPrefabInfo",
    "fileId": "048QemTOZDgb5Oz/3r7xN1"
  },
  {
    "__type__": "cc.UITransform",
    "_name": "",
    "_objFlags": 0,
    "node": {
      "__id__": 11
    },
    "_enabled": true,
    "__prefab": {
      "__id__": 17
    },
    "_contentSize": {
      "__type__": "cc.Size",
      "width": 600,
      "height": 400
    },
    "_anchorPoint": {
      "__type__": "cc.Vec2",
      "x": 0.5,
      "y": 0.5
    },
    "_id": ""
  },
  {
    "__type__": "cc.CompPrefabInfo",
    "fileId": "f6p98VoK9OtaESGJZsgLiH"
  },
  {
    "__type__": "cc.PrefabInfo",
    "root": {
      "__id__": 1
    },
    "asset": {
      "__id__": 0
    },
    "fileId": "4d/dOVHwhBF5hnYgGDYYjr",
    "instance": null,
    "targetOverrides": null,
    "nestedPrefabInstanceRoots": null
  },
  {
    "__type__": "cc.Node",
    "_name": "Top",
    "_objFlags": 0,
    "_parent": {
      "__id__": 1
    },
    "_children": [
      {
        "__id__": 20
      },
      {
        "__id__": 26
      }
    ],
    "_active": true,
    "_components": [
      {
        "__id__": 35
      },
      {
        "__id__": 37
      }
    ],
    "_prefab": {
      "__id__": 39
    },
    "_lpos": {
      "__type__": "cc.Vec3",
      "x": 0,
      "y": 150,
      "z": 0
    },
    "_lrot": {
      "__type__": "cc.Quat",
      "x": 0,
      "y": 0,
      "z": 0,
      "w": 1
    },
    "_lscale": {
      "__type__": "cc.Vec3",
      "x": 1,
      "y": 1,
      "z": 1
    },
    "_mobility": 0,
    "_layer": 33554432,
    "_euler": {
      "__type__": "cc.Vec3",
      "x": 0,
      "y": 0,
      "z": 0
    },
    "_id": ""
  },
  {
    "__type__": "cc.Node",
    "_name": "lb",
    "_objFlags": 0,
    "_parent": {
      "__id__": 19
    },
    "_children": [],
    "_active": true,
    "_components": [
      {
        "__id__": 21
      },
      {
        "__id__": 23
      }
    ],
    "_prefab": {
      "__id__": 25
    },
    "_lpos": {
      "__type__": "cc.Vec3",
      "x": 0,
      "y": 8,
      "z": 0
    },
    "_lrot": {
      "__type__": "cc.Quat",
      "x": 0,
      "y": 0,
      "z": 0,
      "w": 1
    },
    "_lscale": {
      "__type__": "cc.Vec3",
      "x": 1,
      "y": 1,
      "z": 1
    },
    "_mobility": 0,
    "_layer": 33554432,
    "_euler": {
      "__type__": "cc.Vec3",
      "x": 0,
      "y": 0,
      "z": 0
    },
    "_id": ""
  },
  {
    "__type__": "cc.Label",
    "_name": "",
    "_objFlags": 0,
    "node": {
      "__id__": 20
    },
    "_enabled": true,
    "__prefab": {
      "__id__": 22
    },
    "_customMaterial": {
      "__uuid__": "fda095cb-831d-4601-ad94-846013963de8",
      "__expectedType__": "cc.Material"
    },
    "_srcBlendFactor": 2,
    "_dstBlendFactor": 4,
    "_color": {
      "__type__": "cc.Color",
      "r": 252,
      "g": 232,
      "b": 7,
      "a": 255
    },
    "_string": "删除最小方块数",
    "_horizontalAlign": 1,
    "_verticalAlign": 1,
    "_actualFontSize": 40,
    "_fontSize": 40,
    "_fontFamily": "Arial",
    "_lineHeight": 40,
    "_overflow": 0,
    "_enableWrapText": true,
    "_font": null,
    "_isSystemFontUsed": true,
    "_spacingX": 0,
    "_isItalic": false,
    "_isBold": true,
    "_isUnderline": false,
    "_underlineHeight": 0,
    "_cacheMode": 0,
    "_id": ""
  },
  {
    "__type__": "cc.CompPrefabInfo",
    "fileId": "3a9SNLoABKFJN2kCDgC3T+"
  },
  {
    "__type__": "cc.UITransform",
    "_name": "",
    "_objFlags": 0,
    "node": {
      "__id__": 20
    },
    "_enabled": true,
    "__prefab": {
      "__id__": 24
    },
    "_contentSize": {
      "__type__": "cc.Size",
      "width": 280,
      "height": 50.4
    },
    "_anchorPoint": {
      "__type__": "cc.Vec2",
      "x": 0.5,
      "y": 0.5
    },
    "_id": ""
  },
  {
    "__type__": "cc.CompPrefabInfo",
    "fileId": "4119PIZ3VDwajrCOfEzkuj"
  },
  {
    "__type__": "cc.PrefabInfo",
    "root": {
      "__id__": 1
    },
    "asset": {
      "__id__": 0
    },
    "fileId": "3fJH+5cQZO/pHkowtchKJI",
    "instance": null,
    "targetOverrides": null,
    "nestedPrefabInstanceRoots": null
  },
  {
    "__type__": "cc.Node",
    "_name": "guanbi2",
    "_objFlags": 0,
    "_parent": {
      "__id__": 19
    },
    "_children": [],
    "_active": true,
    "_components": [
      {
        "__id__": 27
      },
      {
        "__id__": 29
      },
      {
        "__id__": 32
      }
    ],
    "_prefab": {
      "__id__": 34
    },
    "_lpos": {
      "__type__": "cc.Vec3",
      "x": 257.813,
      "y": 4.687,
      "z": 0
    },
    "_lrot": {
      "__type__": "cc.Quat",
      "x": 0,
      "y": 0,
      "z": 0,
      "w": 1
    },
    "_lscale": {
      "__type__": "cc.Vec3",
      "x": 0.8,
      "y": 0.8,
      "z": 1
    },
    "_mobility": 0,
    "_layer": 33554432,
    "_euler": {
      "__type__": "cc.Vec3",
      "x": 0,
      "y": 0,
      "z": 0
    },
    "_id": ""
  },
  {
    "__type__": "cc.Sprite",
    "_name": "",
    "_objFlags": 0,
    "node": {
      "__id__": 26
    },
    "_enabled": true,
    "__prefab": {
      "__id__": 28
    },
    "_customMaterial": {
      "__uuid__": "fda095cb-831d-4601-ad94-846013963de8",
      "__expectedType__": "cc.Material"
    },
    "_srcBlendFactor": 2,
    "_dstBlendFactor": 4,
    "_color": {
      "__type__": "cc.Color",
      "r": 255,
      "g": 255,
      "b": 255,
      "a": 255
    },
    "_spriteFrame": {
      "__uuid__": "d518cf07-fa37-4359-ae3f-f807d5413bb2@f9941",
      "__expectedType__": "cc.SpriteFrame"
    },
    "_type": 0,
    "_fillType": 0,
    "_sizeMode": 0,
    "_fillCenter": {
      "__type__": "cc.Vec2",
      "x": 0,
      "y": 0
    },
    "_fillStart": 0,
    "_fillRange": 0,
    "_isTrimmedMode": true,
    "_useGrayscale": false,
    "_atlas": null,
    "_id": ""
  },
  {
    "__type__": "cc.CompPrefabInfo",
    "fileId": "32SlCVdvpK6o2mN8QbeSDc"
  },
  {
    "__type__": "cc.Button",
    "_name": "",
    "_objFlags": 0,
    "node": {
      "__id__": 26
    },
    "_enabled": true,
    "__prefab": {
      "__id__": 30
    },
    "clickEvents": [
      {
        "__id__": 31
      }
    ],
    "_interactable": true,
    "_transition": 0,
    "_normalColor": {
      "__type__": "cc.Color",
      "r": 255,
      "g": 255,
      "b": 255,
      "a": 255
    },
    "_hoverColor": {
      "__type__": "cc.Color",
      "r": 255,
      "g": 255,
      "b": 255,
      "a": 255
    },
    "_pressedColor": {
      "__type__": "cc.Color",
      "r": 211,
      "g": 211,
      "b": 211,
      "a": 255
    },
    "_disabledColor": {
      "__type__": "cc.Color",
      "r": 124,
      "g": 124,
      "b": 124,
      "a": 255
    },
    "_normalSprite": {
      "__uuid__": "d518cf07-fa37-4359-ae3f-f807d5413bb2@f9941",
      "__expectedType__": "cc.SpriteFrame"
    },
    "_hoverSprite": null,
    "_pressedSprite": null,
    "_disabledSprite": null,
    "_duration": 0.1,
    "_zoomScale": 1.2,
    "_target": {
      "__id__": 26
    },
    "_id": ""
  },
  {
    "__type__": "cc.CompPrefabInfo",
    "fileId": "e2N0ogyFVB5rq07IRw7vaq"
  },
  {
    "__type__": "cc.ClickEvent",
    "target": {
      "__id__": 1
    },
    "component": "",
    "_componentId": "da03bU/KsdKJ6oCaPkqZkuI",
    "handler": "OnClickClose",
    "customEventData": ""
  },
  {
    "__type__": "cc.UITransform",
    "_name": "",
    "_objFlags": 0,
    "node": {
      "__id__": 26
    },
    "_enabled": true,
    "__prefab": {
      "__id__": 33
    },
    "_contentSize": {
      "__type__": "cc.Size",
      "width": 95,
      "height": 94
    },
    "_anchorPoint": {
      "__type__": "cc.Vec2",
      "x": 0.5,
      "y": 0.5
    },
    "_id": ""
  },
  {
    "__type__": "cc.CompPrefabInfo",
    "fileId": "b2ekjCjwVB9aPQedBK0VkK"
  },
  {
    "__type__": "cc.PrefabInfo",
    "root": {
      "__id__": 1
    },
    "asset": {
      "__id__": 0
    },
    "fileId": "65d8YIastDmKmf741O0NfA",
    "instance": null,
    "targetOverrides": null,
    "nestedPrefabInstanceRoots": null
  },
  {
    "__type__": "cc.UITransform",
    "_name": "",
    "_objFlags": 0,
    "node": {
      "__id__": 19
    },
    "_enabled": true,
    "__prefab": {
      "__id__": 36
    },
    "_contentSize": {
      "__type__": "cc.Size",
      "width": 600,
      "height": 100
    },
    "_anchorPoint": {
      "__type__": "cc.Vec2",
      "x": 0.5,
      "y": 0.5
    },
    "_id": ""
  },
  {
    "__type__": "cc.CompPrefabInfo",
    "fileId": "1d2j+kU8NLTaCnxOvXi7+Q"
  },
  {
    "__type__": "cc.Widget",
    "_name": "",
    "_objFlags": 0,
    "node": {
      "__id__": 19
    },
    "_enabled": true,
    "__prefab": {
      "__id__": 38
    },
    "_alignFlags": 1,
    "_target": null,
    "_left": 0,
    "_right": 0,
    "_top": 0,
    "_bottom": 0,
    "_horizontalCenter": 0,
    "_verticalCenter": 0,
    "_isAbsLeft": true,
    "_isAbsRight": true,
    "_isAbsTop": true,
    "_isAbsBottom": true,
    "_isAbsHorizontalCenter": true,
    "_isAbsVerticalCenter": true,
    "_originalWidth": 0,
    "_originalHeight": 0,
    "_alignMode": 2,
    "_lockFlags": 0,
    "_id": ""
  },
  {
    "__type__": "cc.CompPrefabInfo",
    "fileId": "2eZw4UhtRHrIU20G3B40JE"
  },
  {
    "__type__": "cc.PrefabInfo",
    "root": {
      "__id__": 1
    },
    "asset": {
      "__id__": 0
    },
    "fileId": "db+qpxr/tMyKrjAxkpxtGm",
    "instance": null,
    "targetOverrides": null,
    "nestedPrefabInstanceRoots": null
  },
  {
    "__type__": "cc.Node",
    "_name": "Mid",
    "_objFlags": 0,
    "_parent": {
      "__id__": 1
    },
    "_children": [
      {
        "__id__": 41
      },
      {
        "__id__": 107
      },
      {
        "__id__": 115
      }
    ],
    "_active": true,
    "_components": [
      {
        "__id__": 123
      },
      {
        "__id__": 125
      }
    ],
    "_prefab": {
      "__id__": 127
    },
    "_lpos": {
      "__type__": "cc.Vec3",
      "x": 0,
      "y": 17.430000000000007,
      "z": 0
    },
    "_lrot": {
      "__type__": "cc.Quat",
      "x": 0,
      "y": 0,
      "z": 0,
      "w": 1
    },
    "_lscale": {
      "__type__": "cc.Vec3",
      "x": 1,
      "y": 1,
      "z": 1
    },
    "_mobility": 0,
    "_layer": 33554432,
    "_euler": {
      "__type__": "cc.Vec3",
      "x": 0,
      "y": 0,
      "z": 0
    },
    "_id": ""
  },
  {
    "__type__": "cc.Node",
    "_name": "creBlock",
    "_objFlags": 0,
    "_parent": {
      "__id__": 40
    },
    "_children": [
      {
        "__id__": 42
      },
      {
        "__id__": 72
      }
    ],
    "_active": true,
    "_components": [
      {
        "__id__": 102
      },
      {
        "__id__": 104
      }
    ],
    "_prefab": {
      "__id__": 106
    },
    "_lpos": {
      "__type__": "cc.Vec3",
      "x": 0,
      "y": 0,
      "z": 0
    },
    "_lrot": {
      "__type__": "cc.Quat",
      "x": 0,
      "y": 0,
      "z": 0,
      "w": 1
    },
    "_lscale": {
      "__type__": "cc.Vec3",
      "x": 1,
      "y": 1,
      "z": 1
    },
    "_mobility": 0,
    "_layer": 33554432,
    "_euler": {
      "__type__": "cc.Vec3",
      "x": 0,
      "y": 0,
      "z": 0
    },
    "_id": ""
  },
  {
    "__type__": "cc.Node",
    "_name": "block",
    "_objFlags": 0,
    "_parent": {
      "__id__": 41
    },
    "_children": [
      {
        "__id__": 43
      },
      {
        "__id__": 51
      },
      {
        "__id__": 59
      }
    ],
    "_active": true,
    "_components": [
      {
        "__id__": 65
      },
      {
        "__id__": 67
      },
      {
        "__id__": 69
      }
    ],
    "_prefab": {
      "__id__": 71
    },
    "_lpos": {
      "__type__": "cc.Vec3",
      "x": 0,
      "y": 0,
      "z": 0
    },
    "_lrot": {
      "__type__": "cc.Quat",
      "x": 0,
      "y": 0,
      "z": 0,
      "w": 1
    },
    "_lscale": {
      "__type__": "cc.Vec3",
      "x": 1,
      "y": 1,
      "z": 1
    },
    "_mobility": 0,
    "_layer": 33554432,
    "_euler": {
      "__type__": "cc.Vec3",
      "x": 0,
      "y": 0,
      "z": 0
    },
    "_id": ""
  },
  {
    "__type__": "cc.Node",
    "_name": "bg",
    "_objFlags": 0,
    "_parent": {
      "__id__": 42
    },
    "_children": [],
    "_active": true,
    "_components": [
      {
        "__id__": 44
      },
      {
        "__id__": 46
      },
      {
        "__id__": 48
      }
    ],
    "_prefab": {
      "__id__": 50
    },
    "_lpos": {
      "__type__": "cc.Vec3",
      "x": 0,
      "y": 0,
      "z": 0
    },
    "_lrot": {
      "__type__": "cc.Quat",
      "x": 0,
      "y": 0,
      "z": 0,
      "w": 1
    },
    "_lscale": {
      "__type__": "cc.Vec3",
      "x": 2,
      "y": 2,
      "z": 1
    },
    "_mobility": 0,
    "_layer": 33554432,
    "_euler": {
      "__type__": "cc.Vec3",
      "x": 0,
      "y": 0,
      "z": 0
    },
    "_id": ""
  },
  {
    "__type__": "cc.Sprite",
    "_name": "",
    "_objFlags": 0,
    "node": {
      "__id__": 43
    },
    "_enabled": true,
    "__prefab": {
      "__id__": 45
    },
    "_customMaterial": {
      "__uuid__": "fda095cb-831d-4601-ad94-846013963de8",
      "__expectedType__": "cc.Material"
    },
    "_srcBlendFactor": 2,
    "_dstBlendFactor": 4,
    "_color": {
      "__type__": "cc.Color",
      "r": 180,
      "g": 0,
      "b": 0,
      "a": 255
    },
    "_spriteFrame": {
      "__uuid__": "d82621e1-1720-4931-8465-b9e7f07c65ce@f9941",
      "__expectedType__": "cc.SpriteFrame"
    },
    "_type": 0,
    "_fillType": 0,
    "_sizeMode": 0,
    "_fillCenter": {
      "__type__": "cc.Vec2",
      "x": 0,
      "y": 0
    },
    "_fillStart": 0,
    "_fillRange": 0,
    "_isTrimmedMode": true,
    "_useGrayscale": false,
    "_atlas": null,
    "_id": ""
  },
  {
    "__type__": "cc.CompPrefabInfo",
    "fileId": "cfdZCTaqZIH7HrPeALcgV9"
  },
  {
    "__type__": "cc.UIOpacity",
    "_name": "",
    "_objFlags": 0,
    "node": {
      "__id__": 43
    },
    "_enabled": true,
    "__prefab": {
      "__id__": 47
    },
    "_opacity": 255,
    "_id": ""
  },
  {
    "__type__": "cc.CompPrefabInfo",
    "fileId": "e0dw6qzR5FnqvFryQrWV9M"
  },
  {
    "__type__": "cc.UITransform",
    "_name": "",
    "_objFlags": 0,
    "node": {
      "__id__": 43
    },
    "_enabled": true,
    "__prefab": {
      "__id__": 49
    },
    "_contentSize": {
      "__type__": "cc.Size",
      "width": 80,
      "height": 80
    },
    "_anchorPoint": {
      "__type__": "cc.Vec2",
      "x": 0.5,
      "y": 0.5
    },
    "_id": ""
  },
  {
    "__type__": "cc.CompPrefabInfo",
    "fileId": "efbbwRNThJm43x2mRMWSwd"
  },
  {
    "__type__": "cc.PrefabInfo",
    "root": {
      "__id__": 1
    },
    "asset": {
      "__id__": 0
    },
    "fileId": "5dq+qOyt5EIJq2edM+fBGS",
    "instance": null,
    "targetOverrides": null,
    "nestedPrefabInstanceRoots": null
  },
  {
    "__type__": "cc.Node",
    "_name": "value",
    "_objFlags": 0,
    "_parent": {
      "__id__": 42
    },
    "_children": [],
    "_active": true,
    "_components": [
      {
        "__id__": 52
      },
      {
        "__id__": 54
      },
      {
        "__id__": 56
      }
    ],
    "_prefab": {
      "__id__": 58
    },
    "_lpos": {
      "__type__": "cc.Vec3",
      "x": 0,
      "y": 0,
      "z": 0
    },
    "_lrot": {
      "__type__": "cc.Quat",
      "x": 0,
      "y": 0,
      "z": 0,
      "w": 1
    },
    "_lscale": {
      "__type__": "cc.Vec3",
      "x": 1,
      "y": 1,
      "z": 1
    },
    "_mobility": 0,
    "_layer": 33554432,
    "_euler": {
      "__type__": "cc.Vec3",
      "x": 0,
      "y": 0,
      "z": 0
    },
    "_id": ""
  },
  {
    "__type__": "cc.Label",
    "_name": "",
    "_objFlags": 0,
    "node": {
      "__id__": 51
    },
    "_enabled": true,
    "__prefab": {
      "__id__": 53
    },
    "_customMaterial": {
      "__uuid__": "fda095cb-831d-4601-ad94-846013963de8",
      "__expectedType__": "cc.Material"
    },
    "_srcBlendFactor": 2,
    "_dstBlendFactor": 4,
    "_color": {
      "__type__": "cc.Color",
      "r": 255,
      "g": 255,
      "b": 255,
      "a": 255
    },
    "_string": "0",
    "_horizontalAlign": 1,
    "_verticalAlign": 1,
    "_actualFontSize": 80,
    "_fontSize": 80,
    "_fontFamily": "Arial",
    "_lineHeight": 80,
    "_overflow": 0,
    "_enableWrapText": true,
    "_font": null,
    "_isSystemFontUsed": true,
    "_spacingX": 0,
    "_isItalic": false,
    "_isBold": true,
    "_isUnderline": false,
    "_underlineHeight": 0,
    "_cacheMode": 0,
    "_id": ""
  },
  {
    "__type__": "cc.CompPrefabInfo",
    "fileId": "955ocHASdCeINtweXk+KfW"
  },
  {
    "__type__": "cc.UIOpacity",
    "_name": "",
    "_objFlags": 0,
    "node": {
      "__id__": 51
    },
    "_enabled": true,
    "__prefab": {
      "__id__": 55
    },
    "_opacity": 255,
    "_id": ""
  },
  {
    "__type__": "cc.CompPrefabInfo",
    "fileId": "7daNc2PK5CRJsh+w/r15ir"
  },
  {
    "__type__": "cc.UITransform",
    "_name": "",
    "_objFlags": 0,
    "node": {
      "__id__": 51
    },
    "_enabled": true,
    "__prefab": {
      "__id__": 57
    },
    "_contentSize": {
      "__type__": "cc.Size",
      "width": 44.49,
      "height": 100.8
    },
    "_anchorPoint": {
      "__type__": "cc.Vec2",
      "x": 0.5,
      "y": 0.5
    },
    "_id": ""
  },
  {
    "__type__": "cc.CompPrefabInfo",
    "fileId": "aaINIlyOVLE7t2fLJo2KJl"
  },
  {
    "__type__": "cc.PrefabInfo",
    "root": {
      "__id__": 1
    },
    "asset": {
      "__id__": 0
    },
    "fileId": "4faVNYtOlFs7zOiiVhuwwS",
    "instance": null,
    "targetOverrides": null,
    "nestedPrefabInstanceRoots": null
  },
  {
    "__type__": "cc.Node",
    "_name": "effect",
    "_objFlags": 0,
    "_parent": {
      "__id__": 42
    },
    "_children": [],
    "_active": true,
    "_components": [
      {
        "__id__": 60
      },
      {
        "__id__": 62
      }
    ],
    "_prefab": {
      "__id__": 64
    },
    "_lpos": {
      "__type__": "cc.Vec3",
      "x": 0,
      "y": 0,
      "z": 0
    },
    "_lrot": {
      "__type__": "cc.Quat",
      "x": 0,
      "y": 0,
      "z": 0,
      "w": 1
    },
    "_lscale": {
      "__type__": "cc.Vec3",
      "x": 1,
      "y": 1,
      "z": 1
    },
    "_mobility": 0,
    "_layer": 33554432,
    "_euler": {
      "__type__": "cc.Vec3",
      "x": 0,
      "y": 0,
      "z": 0
    },
    "_id": ""
  },
  {
    "__type__": "cc.UIOpacity",
    "_name": "",
    "_objFlags": 0,
    "node": {
      "__id__": 59
    },
    "_enabled": true,
    "__prefab": {
      "__id__": 61
    },
    "_opacity": 255,
    "_id": ""
  },
  {
    "__type__": "cc.CompPrefabInfo",
    "fileId": "34s5c7mfBPd6E5wRzyqt8K"
  },
  {
    "__type__": "cc.UITransform",
    "_name": "",
    "_objFlags": 0,
    "node": {
      "__id__": 59
    },
    "_enabled": true,
    "__prefab": {
      "__id__": 63
    },
    "_contentSize": {
      "__type__": "cc.Size",
      "width": 0,
      "height": 0
    },
    "_anchorPoint": {
      "__type__": "cc.Vec2",
      "x": 0.5,
      "y": 0.5
    },
    "_id": ""
  },
  {
    "__type__": "cc.CompPrefabInfo",
    "fileId": "e7cheMxpdDqqRz79oYEYyD"
  },
  {
    "__type__": "cc.PrefabInfo",
    "root": {
      "__id__": 1
    },
    "asset": {
      "__id__": 0
    },
    "fileId": "3dTay6OHlNpK0FC6z1GvWg",
    "instance": null,
    "targetOverrides": null,
    "nestedPrefabInstanceRoots": null
  },
  {
    "__type__": "e023be62bdPwL+KIFrV9Jes",
    "_name": "",
    "_objFlags": 0,
    "node": {
      "__id__": 42
    },
    "_enabled": true,
    "__prefab": {
      "__id__": 66
    },
    "lb_value": {
      "__id__": 52
    },
    "bg": {
      "__id__": 43
    },
    "max": null,
    "effect": {
      "__id__": 59
    },
    "_id": ""
  },
  {
    "__type__": "cc.CompPrefabInfo",
    "fileId": "5aS2V2wNJA9q65MJNpWhNQ"
  },
  {
    "__type__": "cc.UIOpacity",
    "_name": "",
    "_objFlags": 0,
    "node": {
      "__id__": 42
    },
    "_enabled": true,
    "__prefab": {
      "__id__": 68
    },
    "_opacity": 255,
    "_id": ""
  },
  {
    "__type__": "cc.CompPrefabInfo",
    "fileId": "73XrTP5c1F5Jadd1ERA27X"
  },
  {
    "__type__": "cc.UITransform",
    "_name": "",
    "_objFlags": 0,
    "node": {
      "__id__": 42
    },
    "_enabled": true,
    "__prefab": {
      "__id__": 70
    },
    "_contentSize": {
      "__type__": "cc.Size",
      "width": 80,
      "height": 80
    },
    "_anchorPoint": {
      "__type__": "cc.Vec2",
      "x": 0.5,
      "y": 0.5
    },
    "_id": ""
  },
  {
    "__type__": "cc.CompPrefabInfo",
    "fileId": "a2rr9jOtRKGKRt1iox01T8"
  },
  {
    "__type__": "cc.PrefabInfo",
    "root": {
      "__id__": 1
    },
    "asset": {
      "__id__": 0
    },
    "fileId": "33fNnQ8f1Pp7WlpcYrp12C",
    "instance": null,
    "targetOverrides": null,
    "nestedPrefabInstanceRoots": null
  },
  {
    "__type__": "cc.Node",
    "_name": "block",
    "_objFlags": 0,
    "_parent": {
      "__id__": 41
    },
    "_children": [
      {
        "__id__": 73
      },
      {
        "__id__": 81
      },
      {
        "__id__": 89
      }
    ],
    "_active": true,
    "_components": [
      {
        "__id__": 95
      },
      {
        "__id__": 97
      },
      {
        "__id__": 99
      }
    ],
    "_prefab": {
      "__id__": 101
    },
    "_lpos": {
      "__type__": "cc.Vec3",
      "x": 200,
      "y": -20,
      "z": 0
    },
    "_lrot": {
      "__type__": "cc.Quat",
      "x": 0,
      "y": 0,
      "z": 0,
      "w": 1
    },
    "_lscale": {
      "__type__": "cc.Vec3",
      "x": 1,
      "y": 1,
      "z": 1
    },
    "_mobility": 0,
    "_layer": 33554432,
    "_euler": {
      "__type__": "cc.Vec3",
      "x": 0,
      "y": 0,
      "z": 0
    },
    "_id": ""
  },
  {
    "__type__": "cc.Node",
    "_name": "bg",
    "_objFlags": 0,
    "_parent": {
      "__id__": 72
    },
    "_children": [],
    "_active": true,
    "_components": [
      {
        "__id__": 74
      },
      {
        "__id__": 76
      },
      {
        "__id__": 78
      }
    ],
    "_prefab": {
      "__id__": 80
    },
    "_lpos": {
      "__type__": "cc.Vec3",
      "x": 0,
      "y": 0,
      "z": 0
    },
    "_lrot": {
      "__type__": "cc.Quat",
      "x": 0,
      "y": 0,
      "z": 0,
      "w": 1
    },
    "_lscale": {
      "__type__": "cc.Vec3",
      "x": 1.399999976158142,
      "y": 1.399999976158142,
      "z": 1
    },
    "_mobility": 0,
    "_layer": 33554432,
    "_euler": {
      "__type__": "cc.Vec3",
      "x": 0,
      "y": 0,
      "z": 0
    },
    "_id": ""
  },
  {
    "__type__": "cc.Sprite",
    "_name": "",
    "_objFlags": 0,
    "node": {
      "__id__": 73
    },
    "_enabled": true,
    "__prefab": {
      "__id__": 75
    },
    "_customMaterial": {
      "__uuid__": "fda095cb-831d-4601-ad94-846013963de8",
      "__expectedType__": "cc.Material"
    },
    "_srcBlendFactor": 2,
    "_dstBlendFactor": 4,
    "_color": {
      "__type__": "cc.Color",
      "r": 180,
      "g": 0,
      "b": 0,
      "a": 255
    },
    "_spriteFrame": {
      "__uuid__": "d82621e1-1720-4931-8465-b9e7f07c65ce@f9941",
      "__expectedType__": "cc.SpriteFrame"
    },
    "_type": 0,
    "_fillType": 0,
    "_sizeMode": 0,
    "_fillCenter": {
      "__type__": "cc.Vec2",
      "x": 0,
      "y": 0
    },
    "_fillStart": 0,
    "_fillRange": 0,
    "_isTrimmedMode": true,
    "_useGrayscale": false,
    "_atlas": null,
    "_id": ""
  },
  {
    "__type__": "cc.CompPrefabInfo",
    "fileId": "bb1Re8xOZMuqNodeMMK7SJ"
  },
  {
    "__type__": "cc.UIOpacity",
    "_name": "",
    "_objFlags": 0,
    "node": {
      "__id__": 73
    },
    "_enabled": true,
    "__prefab": {
      "__id__": 77
    },
    "_opacity": 230,
    "_id": ""
  },
  {
    "__type__": "cc.CompPrefabInfo",
    "fileId": "c4UBC9GaFO6Kkw7z/n1m8B"
  },
  {
    "__type__": "cc.UITransform",
    "_name": "",
    "_objFlags": 0,
    "node": {
      "__id__": 73
    },
    "_enabled": true,
    "__prefab": {
      "__id__": 79
    },
    "_contentSize": {
      "__type__": "cc.Size",
      "width": 80,
      "height": 80
    },
    "_anchorPoint": {
      "__type__": "cc.Vec2",
      "x": 0.5,
      "y": 0.5
    },
    "_id": ""
  },
  {
    "__type__": "cc.CompPrefabInfo",
    "fileId": "ecdlBJqh1E6KPC2rnNASo/"
  },
  {
    "__type__": "cc.PrefabInfo",
    "root": {
      "__id__": 1
    },
    "asset": {
      "__id__": 0
    },
    "fileId": "70AJUEAZNDeL7puf9rD6ZT",
    "instance": null,
    "targetOverrides": null,
    "nestedPrefabInstanceRoots": null
  },
  {
    "__type__": "cc.Node",
    "_name": "value",
    "_objFlags": 0,
    "_parent": {
      "__id__": 72
    },
    "_children": [],
    "_active": true,
    "_components": [
      {
        "__id__": 82
      },
      {
        "__id__": 84
      },
      {
        "__id__": 86
      }
    ],
    "_prefab": {
      "__id__": 88
    },
    "_lpos": {
      "__type__": "cc.Vec3",
      "x": 0,
      "y": 0,
      "z": 0
    },
    "_lrot": {
      "__type__": "cc.Quat",
      "x": 0,
      "y": 0,
      "z": 0,
      "w": 1
    },
    "_lscale": {
      "__type__": "cc.Vec3",
      "x": 1,
      "y": 1,
      "z": 1
    },
    "_mobility": 0,
    "_layer": 33554432,
    "_euler": {
      "__type__": "cc.Vec3",
      "x": 0,
      "y": 0,
      "z": 0
    },
    "_id": ""
  },
  {
    "__type__": "cc.Label",
    "_name": "",
    "_objFlags": 0,
    "node": {
      "__id__": 81
    },
    "_enabled": true,
    "__prefab": {
      "__id__": 83
    },
    "_customMaterial": {
      "__uuid__": "fda095cb-831d-4601-ad94-846013963de8",
      "__expectedType__": "cc.Material"
    },
    "_srcBlendFactor": 2,
    "_dstBlendFactor": 4,
    "_color": {
      "__type__": "cc.Color",
      "r": 255,
      "g": 255,
      "b": 255,
      "a": 255
    },
    "_string": "0",
    "_horizontalAlign": 1,
    "_verticalAlign": 1,
    "_actualFontSize": 60,
    "_fontSize": 60,
    "_fontFamily": "Arial",
    "_lineHeight": 60,
    "_overflow": 0,
    "_enableWrapText": true,
    "_font": null,
    "_isSystemFontUsed": true,
    "_spacingX": 0,
    "_isItalic": false,
    "_isBold": false,
    "_isUnderline": false,
    "_underlineHeight": 0,
    "_cacheMode": 0,
    "_id": ""
  },
  {
    "__type__": "cc.CompPrefabInfo",
    "fileId": "e9e3tbFhJK740qY+xwby06"
  },
  {
    "__type__": "cc.UIOpacity",
    "_name": "",
    "_objFlags": 0,
    "node": {
      "__id__": 81
    },
    "_enabled": true,
    "__prefab": {
      "__id__": 85
    },
    "_opacity": 230,
    "_id": ""
  },
  {
    "__type__": "cc.CompPrefabInfo",
    "fileId": "f7MGgDrYtK7qEKn2HtaAdo"
  },
  {
    "__type__": "cc.UITransform",
    "_name": "",
    "_objFlags": 0,
    "node": {
      "__id__": 81
    },
    "_enabled": true,
    "__prefab": {
      "__id__": 87
    },
    "_contentSize": {
      "__type__": "cc.Size",
      "width": 33.37,
      "height": 75.6
    },
    "_anchorPoint": {
      "__type__": "cc.Vec2",
      "x": 0.5,
      "y": 0.5
    },
    "_id": ""
  },
  {
    "__type__": "cc.CompPrefabInfo",
    "fileId": "cfWdCr7vRP+oYwPBTTaVrO"
  },
  {
    "__type__": "cc.PrefabInfo",
    "root": {
      "__id__": 1
    },
    "asset": {
      "__id__": 0
    },
    "fileId": "58912xei5IdqqIN41LPfWZ",
    "instance": null,
    "targetOverrides": null,
    "nestedPrefabInstanceRoots": null
  },
  {
    "__type__": "cc.Node",
    "_name": "effect",
    "_objFlags": 0,
    "_parent": {
      "__id__": 72
    },
    "_children": [],
    "_active": true,
    "_components": [
      {
        "__id__": 90
      },
      {
        "__id__": 92
      }
    ],
    "_prefab": {
      "__id__": 94
    },
    "_lpos": {
      "__type__": "cc.Vec3",
      "x": 0,
      "y": 0,
      "z": 0
    },
    "_lrot": {
      "__type__": "cc.Quat",
      "x": 0,
      "y": 0,
      "z": 0,
      "w": 1
    },
    "_lscale": {
      "__type__": "cc.Vec3",
      "x": 1,
      "y": 1,
      "z": 1
    },
    "_mobility": 0,
    "_layer": 33554432,
    "_euler": {
      "__type__": "cc.Vec3",
      "x": 0,
      "y": 0,
      "z": 0
    },
    "_id": ""
  },
  {
    "__type__": "cc.UIOpacity",
    "_name": "",
    "_objFlags": 0,
    "node": {
      "__id__": 89
    },
    "_enabled": true,
    "__prefab": {
      "__id__": 91
    },
    "_opacity": 255,
    "_id": ""
  },
  {
    "__type__": "cc.CompPrefabInfo",
    "fileId": "6bi4EKCDFMEIziDGALKWgZ"
  },
  {
    "__type__": "cc.UITransform",
    "_name": "",
    "_objFlags": 0,
    "node": {
      "__id__": 89
    },
    "_enabled": true,
    "__prefab": {
      "__id__": 93
    },
    "_contentSize": {
      "__type__": "cc.Size",
      "width": 0,
      "height": 0
    },
    "_anchorPoint": {
      "__type__": "cc.Vec2",
      "x": 0.5,
      "y": 0.5
    },
    "_id": ""
  },
  {
    "__type__": "cc.CompPrefabInfo",
    "fileId": "6dEvMn5OlCB4bbFDVwoSbp"
  },
  {
    "__type__": "cc.PrefabInfo",
    "root": {
      "__id__": 1
    },
    "asset": {
      "__id__": 0
    },
    "fileId": "ba18spjK5DXK5r+FlVGU+5",
    "instance": null,
    "targetOverrides": null,
    "nestedPrefabInstanceRoots": null
  },
  {
    "__type__": "e023be62bdPwL+KIFrV9Jes",
    "_name": "",
    "_objFlags": 0,
    "node": {
      "__id__": 72
    },
    "_enabled": true,
    "__prefab": {
      "__id__": 96
    },
    "lb_value": {
      "__id__": 82
    },
    "bg": {
      "__id__": 73
    },
    "max": null,
    "effect": {
      "__id__": 89
    },
    "_id": ""
  },
  {
    "__type__": "cc.CompPrefabInfo",
    "fileId": "0bnSunJkBBVLAwatvd/vcn"
  },
  {
    "__type__": "cc.UIOpacity",
    "_name": "",
    "_objFlags": 0,
    "node": {
      "__id__": 72
    },
    "_enabled": true,
    "__prefab": {
      "__id__": 98
    },
    "_opacity": 255,
    "_id": ""
  },
  {
    "__type__": "cc.CompPrefabInfo",
    "fileId": "75KyjIsz5JB54D4Fwfz1K+"
  },
  {
    "__type__": "cc.UITransform",
    "_name": "",
    "_objFlags": 0,
    "node": {
      "__id__": 72
    },
    "_enabled": true,
    "__prefab": {
      "__id__": 100
    },
    "_contentSize": {
      "__type__": "cc.Size",
      "width": 80,
      "height": 80
    },
    "_anchorPoint": {
      "__type__": "cc.Vec2",
      "x": 0.5,
      "y": 0.5
    },
    "_id": ""
  },
  {
    "__type__": "cc.CompPrefabInfo",
    "fileId": "64u1U3HkFJT4s65gX7WVGZ"
  },
  {
    "__type__": "cc.PrefabInfo",
    "root": {
      "__id__": 1
    },
    "asset": {
      "__id__": 0
    },
    "fileId": "9f0NNmWY9Bp5pY0W/ZEysb",
    "instance": null,
    "targetOverrides": null,
    "nestedPrefabInstanceRoots": null
  },
  {
    "__type__": "cc.UIOpacity",
    "_name": "",
    "_objFlags": 0,
    "node": {
      "__id__": 41
    },
    "_enabled": true,
    "__prefab": {
      "__id__": 103
    },
    "_opacity": 255,
    "_id": ""
  },
  {
    "__type__": "cc.CompPrefabInfo",
    "fileId": "ecwMDvSZhFW7URs2hGrXZm"
  },
  {
    "__type__": "cc.UITransform",
    "_name": "",
    "_objFlags": 0,
    "node": {
      "__id__": 41
    },
    "_enabled": true,
    "__prefab": {
      "__id__": 105
    },
    "_contentSize": {
      "__type__": "cc.Size",
      "width": 0,
      "height": 0
    },
    "_anchorPoint": {
      "__type__": "cc.Vec2",
      "x": 0.5,
      "y": 0.5
    },
    "_id": ""
  },
  {
    "__type__": "cc.CompPrefabInfo",
    "fileId": "72NxrTm4tHLrDpllH8mX2N"
  },
  {
    "__type__": "cc.PrefabInfo",
    "root": {
      "__id__": 1
    },
    "asset": {
      "__id__": 0
    },
    "fileId": "b0pnbfOk1NgL7JGusLO838",
    "instance": null,
    "targetOverrides": null,
    "nestedPrefabInstanceRoots": null
  },
  {
    "__type__": "cc.Node",
    "_name": "guanbi",
    "_objFlags": 0,
    "_parent": {
      "__id__": 40
    },
    "_children": [],
    "_active": true,
    "_components": [
      {
        "__id__": 108
      },
      {
        "__id__": 110
      },
      {
        "__id__": 112
      }
    ],
    "_prefab": {
      "__id__": 114
    },
    "_lpos": {
      "__type__": "cc.Vec3",
      "x": 84.525,
      "y": 81.452,
      "z": 0
    },
    "_lrot": {
      "__type__": "cc.Quat",
      "x": 0,
      "y": 0,
      "z": 0,
      "w": 1
    },
    "_lscale": {
      "__type__": "cc.Vec3",
      "x": 0.4,
      "y": 0.4,
      "z": 1
    },
    "_mobility": 0,
    "_layer": 33554432,
    "_euler": {
      "__type__": "cc.Vec3",
      "x": 0,
      "y": 0,
      "z": 0
    },
    "_id": ""
  },
  {
    "__type__": "cc.Sprite",
    "_name": "",
    "_objFlags": 0,
    "node": {
      "__id__": 107
    },
    "_enabled": true,
    "__prefab": {
      "__id__": 109
    },
    "_customMaterial": {
      "__uuid__": "fda095cb-831d-4601-ad94-846013963de8",
      "__expectedType__": "cc.Material"
    },
    "_srcBlendFactor": 2,
    "_dstBlendFactor": 4,
    "_color": {
      "__type__": "cc.Color",
      "r": 255,
      "g": 255,
      "b": 255,
      "a": 255
    },
    "_spriteFrame": {
      "__uuid__": "50550aaf-c69c-4c58-bee2-5ad2224a6f44@f9941",
      "__expectedType__": "cc.SpriteFrame"
    },
    "_type": 0,
    "_fillType": 0,
    "_sizeMode": 0,
    "_fillCenter": {
      "__type__": "cc.Vec2",
      "x": 0,
      "y": 0
    },
    "_fillStart": 0,
    "_fillRange": 0,
    "_isTrimmedMode": true,
    "_useGrayscale": false,
    "_atlas": null,
    "_id": ""
  },
  {
    "__type__": "cc.CompPrefabInfo",
    "fileId": "3cB7tgLYpCRI0tbOC+f4AU"
  },
  {
    "__type__": "cc.UIOpacity",
    "_name": "",
    "_objFlags": 0,
    "node": {
      "__id__": 107
    },
    "_enabled": true,
    "__prefab": {
      "__id__": 111
    },
    "_opacity": 255,
    "_id": ""
  },
  {
    "__type__": "cc.CompPrefabInfo",
    "fileId": "7cUeyBTi1FeqgcU+3NmzQ7"
  },
  {
    "__type__": "cc.UITransform",
    "_name": "",
    "_objFlags": 0,
    "node": {
      "__id__": 107
    },
    "_enabled": true,
    "__prefab": {
      "__id__": 113
    },
    "_contentSize": {
      "__type__": "cc.Size",
      "width": 110,
      "height": 110
    },
    "_anchorPoint": {
      "__type__": "cc.Vec2",
      "x": 0.5,
      "y": 0.5
    },
    "_id": ""
  },
  {
    "__type__": "cc.CompPrefabInfo",
    "fileId": "2fcSt2/T9LbYbVrr58v2tz"
  },
  {
    "__type__": "cc.PrefabInfo",
    "root": {
      "__id__": 1
    },
    "asset": {
      "__id__": 0
    },
    "fileId": "beScsHWFtMaZCPOEqizqj6",
    "instance": null,
    "targetOverrides": null,
    "nestedPrefabInstanceRoots": null
  },
  {
    "__type__": "cc.Node",
    "_name": "lb_next",
    "_objFlags": 0,
    "_parent": {
      "__id__": 40
    },
    "_children": [],
    "_active": true,
    "_components": [
      {
        "__id__": 116
      },
      {
        "__id__": 118
      },
      {
        "__id__": 120
      }
    ],
    "_prefab": {
      "__id__": 122
    },
    "_lpos": {
      "__type__": "cc.Vec3",
      "x": 200,
      "y": 53.38,
      "z": 0
    },
    "_lrot": {
      "__type__": "cc.Quat",
      "x": 0,
      "y": 0,
      "z": 0,
      "w": 1
    },
    "_lscale": {
      "__type__": "cc.Vec3",
      "x": 0.699999988079071,
      "y": 0.699999988079071,
      "z": 0.699999988079071
    },
    "_mobility": 0,
    "_layer": 33554432,
    "_euler": {
      "__type__": "cc.Vec3",
      "x": 0,
      "y": 0,
      "z": 0
    },
    "_id": ""
  },
  {
    "__type__": "cc.Label",
    "_name": "",
    "_objFlags": 0,
    "node": {
      "__id__": 115
    },
    "_enabled": true,
    "__prefab": {
      "__id__": 117
    },
    "_customMaterial": {
      "__uuid__": "fda095cb-831d-4601-ad94-846013963de8",
      "__expectedType__": "cc.Material"
    },
    "_srcBlendFactor": 2,
    "_dstBlendFactor": 4,
    "_color": {
      "__type__": "cc.Color",
      "r": 255,
      "g": 255,
      "b": 255,
      "a": 255
    },
    "_string": "下一个",
    "_horizontalAlign": 1,
    "_verticalAlign": 1,
    "_actualFontSize": 30,
    "_fontSize": 30,
    "_fontFamily": "Arial",
    "_lineHeight": 30,
    "_overflow": 0,
    "_enableWrapText": true,
    "_font": null,
    "_isSystemFontUsed": true,
    "_spacingX": 0,
    "_isItalic": false,
    "_isBold": false,
    "_isUnderline": false,
    "_underlineHeight": 0,
    "_cacheMode": 0,
    "_id": ""
  },
  {
    "__type__": "cc.CompPrefabInfo",
    "fileId": "78R2Pf/F5OWKzh8G4EfBnw"
  },
  {
    "__type__": "cc.UIOpacity",
    "_name": "",
    "_objFlags": 0,
    "node": {
      "__id__": 115
    },
    "_enabled": true,
    "__prefab": {
      "__id__": 119
    },
    "_opacity": 255,
    "_id": ""
  },
  {
    "__type__": "cc.CompPrefabInfo",
    "fileId": "feiGPWWIRLZagJo+kjrptK"
  },
  {
    "__type__": "cc.UITransform",
    "_name": "",
    "_objFlags": 0,
    "node": {
      "__id__": 115
    },
    "_enabled": true,
    "__prefab": {
      "__id__": 121
    },
    "_contentSize": {
      "__type__": "cc.Size",
      "width": 90,
      "height": 37.8
    },
    "_anchorPoint": {
      "__type__": "cc.Vec2",
      "x": 0.5,
      "y": 0.5
    },
    "_id": ""
  },
  {
    "__type__": "cc.CompPrefabInfo",
    "fileId": "66uoifKEZOJruQTTICLhmg"
  },
  {
    "__type__": "cc.PrefabInfo",
    "root": {
      "__id__": 1
    },
    "asset": {
      "__id__": 0
    },
    "fileId": "c8e2OuPYlFbLDpgbctaPRN",
    "instance": null,
    "targetOverrides": null,
    "nestedPrefabInstanceRoots": null
  },
  {
    "__type__": "cc.UITransform",
    "_name": "",
    "_objFlags": 0,
    "node": {
      "__id__": 40
    },
    "_enabled": true,
    "__prefab": {
      "__id__": 124
    },
    "_contentSize": {
      "__type__": "cc.Size",
      "width": 600,
      "height": 200
    },
    "_anchorPoint": {
      "__type__": "cc.Vec2",
      "x": 0.5,
      "y": 0.5
    },
    "_id": ""
  },
  {
    "__type__": "cc.CompPrefabInfo",
    "fileId": "81LiG1HKVPmambVO2roo0L"
  },
  {
    "__type__": "cc.Widget",
    "_name": "",
    "_objFlags": 0,
    "node": {
      "__id__": 40
    },
    "_enabled": true,
    "__prefab": {
      "__id__": 126
    },
    "_alignFlags": 1,
    "_target": null,
    "_left": 0,
    "_right": 0,
    "_top": 82.57,
    "_bottom": 100,
    "_horizontalCenter": 0,
    "_verticalCenter": 0,
    "_isAbsLeft": true,
    "_isAbsRight": true,
    "_isAbsTop": true,
    "_isAbsBottom": true,
    "_isAbsHorizontalCenter": true,
    "_isAbsVerticalCenter": true,
    "_originalWidth": 0,
    "_originalHeight": 200,
    "_alignMode": 2,
    "_lockFlags": 0,
    "_id": ""
  },
  {
    "__type__": "cc.CompPrefabInfo",
    "fileId": "80bewL+gtF9b+S4kQ3HgzG"
  },
  {
    "__type__": "cc.PrefabInfo",
    "root": {
      "__id__": 1
    },
    "asset": {
      "__id__": 0
    },
    "fileId": "1dj39q7idGjK9Xntq9e4Bx",
    "instance": null,
    "targetOverrides": null,
    "nestedPrefabInstanceRoots": null
  },
  {
    "__type__": "cc.Node",
    "_name": "Bot",
    "_objFlags": 0,
    "_parent": {
      "__id__": 1
    },
    "_children": [
      {
        "__id__": 129
      }
    ],
    "_active": true,
    "_components": [
      {
        "__id__": 148
      },
      {
        "__id__": 150
      }
    ],
    "_prefab": {
      "__id__": 152
    },
    "_lpos": {
      "__type__": "cc.Vec3",
      "x": 0,
      "y": -150,
      "z": 0
    },
    "_lrot": {
      "__type__": "cc.Quat",
      "x": 0,
      "y": 0,
      "z": 0,
      "w": 1
    },
    "_lscale": {
      "__type__": "cc.Vec3",
      "x": 1,
      "y": 1,
      "z": 1
    },
    "_mobility": 0,
    "_layer": 33554432,
    "_euler": {
      "__type__": "cc.Vec3",
      "x": 0,
      "y": 0,
      "z": 0
    },
    "_id": ""
  },
  {
    "__type__": "cc.Node",
    "_name": "button",
    "_objFlags": 0,
    "_parent": {
      "__id__": 128
    },
    "_children": [
      {
        "__id__": 130
      }
    ],
    "_active": true,
    "_components": [
      {
        "__id__": 140
      },
      {
        "__id__": 142
      },
      {
        "__id__": 144
      }
    ],
    "_prefab": {
      "__id__": 147
    },
    "_lpos": {
      "__type__": "cc.Vec3",
      "x": 0,
      "y": 10.607,
      "z": 0
    },
    "_lrot": {
      "__type__": "cc.Quat",
      "x": 0,
      "y": 0,
      "z": 0,
      "w": 1
    },
    "_lscale": {
      "__type__": "cc.Vec3",
      "x": 0.8,
      "y": 0.8,
      "z": 1
    },
    "_mobility": 0,
    "_layer": 33554432,
    "_euler": {
      "__type__": "cc.Vec3",
      "x": 0,
      "y": 0,
      "z": 0
    },
    "_id": ""
  },
  {
    "__type__": "cc.Node",
    "_name": "lb",
    "_objFlags": 0,
    "_parent": {
      "__id__": 129
    },
    "_children": [],
    "_active": true,
    "_components": [
      {
        "__id__": 131
      },
      {
        "__id__": 133
      },
      {
        "__id__": 135
      },
      {
        "__id__": 137
      }
    ],
    "_prefab": {
      "__id__": 139
    },
    "_lpos": {
      "__type__": "cc.Vec3",
      "x": 0,
      "y": 5,
      "z": 0
    },
    "_lrot": {
      "__type__": "cc.Quat",
      "x": 0,
      "y": 0,
      "z": 0,
      "w": 1
    },
    "_lscale": {
      "__type__": "cc.Vec3",
      "x": 1,
      "y": 1,
      "z": 1
    },
    "_mobility": 0,
    "_layer": 33554432,
    "_euler": {
      "__type__": "cc.Vec3",
      "x": 0,
      "y": 0,
      "z": 0
    },
    "_id": ""
  },
  {
    "__type__": "cc.Label",
    "_name": "",
    "_objFlags": 0,
    "node": {
      "__id__": 130
    },
    "_enabled": true,
    "__prefab": {
      "__id__": 132
    },
    "_customMaterial": {
      "__uuid__": "fda095cb-831d-4601-ad94-846013963de8",
      "__expectedType__": "cc.Material"
    },
    "_srcBlendFactor": 2,
    "_dstBlendFactor": 4,
    "_color": {
      "__type__": "cc.Color",
      "r": 255,
      "g": 255,
      "b": 255,
      "a": 255
    },
    "_string": "确定",
    "_horizontalAlign": 1,
    "_verticalAlign": 1,
    "_actualFontSize": 48,
    "_fontSize": 48,
    "_fontFamily": "Arial",
    "_lineHeight": 40,
    "_overflow": 0,
    "_enableWrapText": false,
    "_font": null,
    "_isSystemFontUsed": true,
    "_spacingX": 0,
    "_isItalic": false,
    "_isBold": true,
    "_isUnderline": false,
    "_underlineHeight": 0,
    "_cacheMode": 0,
    "_id": ""
  },
  {
    "__type__": "cc.CompPrefabInfo",
    "fileId": "90KjAzWl9Kub50VB/nppMn"
  },
  {
    "__type__": "cc.UIOpacity",
    "_name": "",
    "_objFlags": 0,
    "node": {
      "__id__": 130
    },
    "_enabled": true,
    "__prefab": {
      "__id__": 134
    },
    "_opacity": 255,
    "_id": ""
  },
  {
    "__type__": "cc.CompPrefabInfo",
    "fileId": "5doWKUi59I0rOGqXqhUFQV"
  },
  {
    "__type__": "cc.UITransform",
    "_name": "",
    "_objFlags": 0,
    "node": {
      "__id__": 130
    },
    "_enabled": true,
    "__prefab": {
      "__id__": 136
    },
    "_contentSize": {
      "__type__": "cc.Size",
      "width": 102,
      "height": 56.4
    },
    "_anchorPoint": {
      "__type__": "cc.Vec2",
      "x": 0.5,
      "y": 0.5
    },
    "_id": ""
  },
  {
    "__type__": "cc.CompPrefabInfo",
    "fileId": "90KJ/M+I5ITqxE+pKBssua"
  },
  {
    "__type__": "cc.LabelOutline",
    "_name": "",
    "_objFlags": 0,
    "node": {
      "__id__": 130
    },
    "_enabled": true,
    "__prefab": {
      "__id__": 138
    },
    "_color": {
      "__type__": "cc.Color",
      "r": 153,
      "g": 70,
      "b": 54,
      "a": 255
    },
    "_width": 3,
    "_id": ""
  },
  {
    "__type__": "cc.CompPrefabInfo",
    "fileId": "7fRKLXMlpF9KsXFSiV90V2"
  },
  {
    "__type__": "cc.PrefabInfo",
    "root": {
      "__id__": 1
    },
    "asset": {
      "__id__": 0
    },
    "fileId": "84OGVA7SRAy49ZezdXqFnn",
    "instance": null,
    "targetOverrides": null,
    "nestedPrefabInstanceRoots": null
  },
  {
    "__type__": "cc.UITransform",
    "_name": "",
    "_objFlags": 0,
    "node": {
      "__id__": 129
    },
    "_enabled": true,
    "__prefab": {
      "__id__": 141
    },
    "_contentSize": {
      "__type__": "cc.Size",
      "width": 400,
      "height": 124
    },
    "_anchorPoint": {
      "__type__": "cc.Vec2",
      "x": 0.5,
      "y": 0.5
    },
    "_id": ""
  },
  {
    "__type__": "cc.CompPrefabInfo",
    "fileId": "d2I65fYrpPFKMuWgnJjWk9"
  },
  {
    "__type__": "cc.Sprite",
    "_name": "",
    "_objFlags": 0,
    "node": {
      "__id__": 129
    },
    "_enabled": true,
    "__prefab": {
      "__id__": 143
    },
    "_customMaterial": null,
    "_srcBlendFactor": 2,
    "_dstBlendFactor": 4,
    "_color": {
      "__type__": "cc.Color",
      "r": 255,
      "g": 255,
      "b": 255,
      "a": 255
    },
    "_spriteFrame": {
      "__uuid__": "ee03aa23-feb9-48b1-9ad8-0651dd899488@f9941",
      "__expectedType__": "cc.SpriteFrame"
    },
    "_type": 1,
    "_fillType": 0,
    "_sizeMode": 0,
    "_fillCenter": {
      "__type__": "cc.Vec2",
      "x": 0,
      "y": 0
    },
    "_fillStart": 0,
    "_fillRange": 0,
    "_isTrimmedMode": true,
    "_useGrayscale": false,
    "_atlas": null,
    "_id": ""
  },
  {
    "__type__": "cc.CompPrefabInfo",
    "fileId": "4aU7oYs+VJl48O7qAG0Gul"
  },
  {
    "__type__": "cc.Button",
    "_name": "",
    "_objFlags": 0,
    "node": {
      "__id__": 129
    },
    "_enabled": true,
    "__prefab": {
      "__id__": 145
    },
    "clickEvents": [
      {
        "__id__": 146
      }
    ],
    "_interactable": true,
    "_transition": 3,
    "_normalColor": {
      "__type__": "cc.Color",
      "r": 255,
      "g": 255,
      "b": 255,
      "a": 255
    },
    "_hoverColor": {
      "__type__": "cc.Color",
      "r": 211,
      "g": 211,
      "b": 211,
      "a": 255
    },
    "_pressedColor": {
      "__type__": "cc.Color",
      "r": 255,
      "g": 255,
      "b": 255,
      "a": 255
    },
    "_disabledColor": {
      "__type__": "cc.Color",
      "r": 124,
      "g": 124,
      "b": 124,
      "a": 255
    },
    "_normalSprite": {
      "__uuid__": "ee03aa23-feb9-48b1-9ad8-0651dd899488@f9941",
      "__expectedType__": "cc.SpriteFrame"
    },
    "_hoverSprite": null,
    "_pressedSprite": null,
    "_disabledSprite": null,
    "_duration": 0.1,
    "_zoomScale": 1.2,
    "_target": null,
    "_id": ""
  },
  {
    "__type__": "cc.CompPrefabInfo",
    "fileId": "93utG4Tb5IeJZZs9rK5Axj"
  },
  {
    "__type__": "cc.ClickEvent",
    "target": {
      "__id__": 1
    },
    "component": "",
    "_componentId": "da03bU/KsdKJ6oCaPkqZkuI",
    "handler": "OnClickClose",
    "customEventData": ""
  },
  {
    "__type__": "cc.PrefabInfo",
    "root": {
      "__id__": 1
    },
    "asset": {
      "__id__": 0
    },
    "fileId": "dbZnm9HHZInLRP7izEvPin",
    "instance": null,
    "targetOverrides": null,
    "nestedPrefabInstanceRoots": null
  },
  {
    "__type__": "cc.UITransform",
    "_name": "",
    "_objFlags": 0,
    "node": {
      "__id__": 128
    },
    "_enabled": true,
    "__prefab": {
      "__id__": 149
    },
    "_contentSize": {
      "__type__": "cc.Size",
      "width": 600,
      "height": 100
    },
    "_anchorPoint": {
      "__type__": "cc.Vec2",
      "x": 0.5,
      "y": 0.5
    },
    "_id": ""
  },
  {
    "__type__": "cc.CompPrefabInfo",
    "fileId": "a4Fm/ee75MgoU5edrgsHyZ"
  },
  {
    "__type__": "cc.Widget",
    "_name": "",
    "_objFlags": 0,
    "node": {
      "__id__": 128
    },
    "_enabled": true,
    "__prefab": {
      "__id__": 151
    },
    "_alignFlags": 4,
    "_target": null,
    "_left": 0,
    "_right": 0,
    "_top": 0,
    "_bottom": 0,
    "_horizontalCenter": 0,
    "_verticalCenter": 0,
    "_isAbsLeft": true,
    "_isAbsRight": true,
    "_isAbsTop": true,
    "_isAbsBottom": true,
    "_isAbsHorizontalCenter": true,
    "_isAbsVerticalCenter": true,
    "_originalWidth": 0,
    "_originalHeight": 0,
    "_alignMode": 2,
    "_lockFlags": 0,
    "_id": ""
  },
  {
    "__type__": "cc.CompPrefabInfo",
    "fileId": "a8grm0OSFElZgu+VLiQxcx"
  },
  {
    "__type__": "cc.PrefabInfo",
    "root": {
      "__id__": 1
    },
    "asset": {
      "__id__": 0
    },
    "fileId": "e50cNRPMtK+JbdDu8bI53C",
    "instance": null,
    "targetOverrides": null,
    "nestedPrefabInstanceRoots": null
  },
  {
    "__type__": "cc.UIOpacity",
    "_name": "",
    "_objFlags": 0,
    "node": {
      "__id__": 1
    },
    "_enabled": true,
    "__prefab": {
      "__id__": 154
    },
    "_opacity": 255,
    "_id": ""
  },
  {
    "__type__": "cc.CompPrefabInfo",
    "fileId": "8ajuYQSxJGuLS/A1321+kj"
  },
  {
    "__type__": "cc.UITransform",
    "_name": "",
    "_objFlags": 0,
    "node": {
      "__id__": 1
    },
    "_enabled": true,
    "__prefab": {
      "__id__": 156
    },
    "_contentSize": {
      "__type__": "cc.Size",
      "width": 600,
      "height": 400
    },
    "_anchorPoint": {
      "__type__": "cc.Vec2",
      "x": 0.5,
      "y": 0.5
    },
    "_id": ""
  },
  {
    "__type__": "cc.CompPrefabInfo",
    "fileId": "11zJgJytBLxYXMJOmK3k70"
  },
  {
    "__type__": "da03bU/KsdKJ6oCaPkqZkuI",
    "_name": "",
    "_objFlags": 0,
    "node": {
      "__id__": 1
    },
    "_enabled": true,
    "__prefab": {
      "__id__": 158
    },
    "bigBlock": {
      "__id__": 42
    },
    "shadeBlock": {
      "__id__": 72
    },
    "_id": ""
  },
  {
    "__type__": "cc.CompPrefabInfo",
    "fileId": "a1t6hmEJxL84Phy2MsexKt"
  },
  {
    "__type__": "cc.PrefabInfo",
    "root": {
      "__id__": 1
    },
    "asset": {
      "__id__": 0
    },
    "fileId": "a8SfIDr79LsoDphwcysdYu",
    "instance": null,
    "targetOverrides": null
  }
]