{
  "80193067-386a-4ef7-9f0e-cc39d1e9b9c6": {
    "url": "db://assets/common",
    "value": {}
  },
  "65dcc20b-28a2-4855-82c3-391fde7d5feb": {
    "url": "db://assets/resources",
    "value": {}
  },
  "8fc82ef1-107e-4b17-b24c-a2aa61e56543": {
    "url": "db://assets/scripts",
    "value": {}
  },
  "ad5cf101-22e7-4939-b5e0-ee815d26eca1": {
    "url": "db://assets/sence",
    "value": {}
  },
  "96444c9b-366c-460e-9bd2-6e720be1c96e": {
    "url": "db://assets/resources/Animations",
    "value": {}
  },
  "ba3b6569-8d81-44f8-8b40-b5710ca663b2": {
    "url": "db://assets/resources/Config",
    "value": {}
  },
  "be2fc6b6-ff99-40b5-97bf-8e0de25acc68": {
    "url": "db://assets/resources/Sound",
    "value": {}
  },
  "5dc91bbf-7dfe-453b-a8e4-76b5d4955f7a": {
    "url": "db://assets/resources/Texture",
    "value": {}
  },
  "f7537e93-086b-4208-b376-ee3c73c6a4f3": {
    "url": "db://assets/resources/UI",
    "value": {}
  },
  "eab5e978-0d74-4ffc-b438-845e0cc4f19d": {
    "url": "db://assets/scripts/Base",
    "value": {}
  },
  "13d2d169-7df2-42f1-9d55-1b16e9231d3e": {
    "url": "db://assets/scripts/Controller",
    "value": {}
  },
  "bff91a49-0637-4a0d-8482-d8d15f4ac0da": {
    "url": "db://assets/scripts/Interface",
    "value": {}
  },
  "d5caac6c-3656-435e-93cd-7f6be4f73ab8": {
    "url": "db://assets/scripts/Manager",
    "value": {}
  },
  "1f36dc53-533e-46e0-81a0-c5a896f373bf": {
    "url": "db://assets/scripts/advert",
    "value": {}
  },
  "b6ae42a5-1a74-477e-8206-07ba15fecf21": {
    "url": "db://assets/scripts/google",
    "value": {}
  },
  "029b1991-4067-412c-94ed-5f2c4981d861": {
    "url": "db://assets/scripts/tenjin",
    "value": {}
  },
  "cd46618a-231e-4374-a98b-f63f05c3779c": {
    "url": "db://assets/resources/Sound/yinjie",
    "value": {}
  },
  "5d062124-d116-4f6d-b0f4-fbc43e922905": {
    "url": "db://assets/resources/Texture/Mainmenu",
    "value": {}
  },
  "9afe3a9e-30c2-4df7-8696-955b6d255c74": {
    "url": "db://assets/resources/UI/Interface",
    "value": {}
  },
  "e7baf89b-02b2-4fba-ac45-03c1d0611137": {
    "url": "db://assets/resources/UI/effect",
    "value": {}
  },
  "6d7d2a6b-702a-4399-8873-b7c736d2e9d7": {
    "url": "db://assets/scripts/advert/Android",
    "value": {}
  },
  "07a8d630-2697-412a-b4f0-5cbf1c4d9efb": {
    "url": "db://assets/scripts/advert/ByteDance",
    "value": {}
  },
  "a324bd45-f925-41b1-b238-6a4b7ff07f12": {
    "url": "db://assets/scripts/advert/WeiXin",
    "value": {}
  },
  "36ee471d-f4e4-478b-be08-a4531658354e": {
    "url": "db://assets/scripts/advert/iOS",
    "value": {}
  },
  "b6b2848f-1d59-4947-b72d-3f9ea156bf7d": {
    "url": "db://assets/common/CommonTool.ts",
    "value": {}
  },
  "7e8d017e-ab22-422f-bc4b-bc7dfa98072f": {
    "url": "db://assets/common/EnumType.ts",
    "value": {}
  },
  "80a14dc7-fb10-40b7-890a-b1a69d6ad0c3": {
    "url": "db://assets/common/GameMgr.ts",
    "value": {}
  },
  "a7d32688-858c-4550-95ec-b5958fc7393b": {
    "url": "db://assets/common/My2DArray.ts",
    "value": {}
  },
  "e023b7ba-d9b7-4fc0-bf8a-205ad5f497ac": {
    "url": "db://assets/scripts/Base/blockBase.ts",
    "value": {}
  },
  "b4137f9a-9faa-4055-bf3b-e963019748af": {
    "url": "db://assets/scripts/Base/effectBase.ts",
    "value": {}
  },
  "722a2be9-2c67-42c1-a710-f4c5dfb79a9a": {
    "url": "db://assets/scripts/Base/windowsBase.ts",
    "value": {}
  },
  "9925a31f-981a-4fed-abad-aefca65a4844": {
    "url": "db://assets/scripts/Controller/containerCtr.ts",
    "value": {}
  },
  "8f63a507-5d53-4e22-89d0-7589a5728460": {
    "url": "db://assets/scripts/Controller/effectCtr.ts",
    "value": {}
  },
  "3fae6332-7930-4005-a869-b55c7dd0f8a1": {
    "url": "db://assets/scripts/Controller/game.ts",
    "value": {}
  },
  "74b8e141-489d-4b94-b65a-2553813c0ceb": {
    "url": "db://assets/scripts/Controller/touchCtr.ts",
    "value": {}
  },
  "4aea12c9-b5ad-45ef-9589-ad06ae49736d": {
    "url": "db://assets/scripts/Interface/AdGoldLayer.ts",
    "value": {}
  },
  "4029f154-5b78-4050-a9ec-1ea364b7324a": {
    "url": "db://assets/scripts/Interface/doubleLayer.ts",
    "value": {}
  },
  "c29203a3-bda5-421a-b3af-af0b7eead45f": {
    "url": "db://assets/scripts/Interface/mainLayer.ts",
    "value": {}
  },
  "6d5c29ac-f394-4f18-9f72-71d7567f46cf": {
    "url": "db://assets/scripts/Interface/maxBlockLayer.ts",
    "value": {}
  },
  "da03b53f-2ac7-4a27-aa02-68f92a664b88": {
    "url": "db://assets/scripts/Interface/minBlockLayer.ts",
    "value": {}
  },
  "20a07912-42b6-46f1-a0de-a58b3d1abf59": {
    "url": "db://assets/scripts/Interface/storeLayer.ts",
    "value": {}
  },
  "952c1233-e97c-4b5c-ada2-fe93aec0fdd3": {
    "url": "db://assets/scripts/Interface/unlockLayer.ts",
    "value": {}
  },
  "29b81200-7271-471a-8a06-6a9e98ccc431": {
    "url": "db://assets/scripts/Manager/AdvertisementMgr.ts",
    "value": {}
  },
  "ef876382-721d-4c14-a419-f5b5251353d8": {
    "url": "db://assets/scripts/Manager/GameDataMgr.ts",
    "value": {}
  },
  "6f9812e3-9c02-417d-ae27-a782f95a8050": {
    "url": "db://assets/scripts/Manager/GoldMgr.ts",
    "value": {}
  },
  "f34dc866-9da3-4dc7-a31f-13943cc3220c": {
    "url": "db://assets/scripts/Manager/LocalDataMgr.ts",
    "value": {}
  },
  "0b79f7ee-4cf3-4d43-903a-1fc6d88e4c6d": {
    "url": "db://assets/scripts/Manager/SoundMgr.ts",
    "value": {}
  },
  "0fc60ec3-c839-4a72-a925-a4b6f7dbfb67": {
    "url": "db://assets/scripts/Manager/VibrateMgr.ts",
    "value": {}
  },
  "6c505a82-f4f7-42ea-9f6b-ab5ef12e0a82": {
    "url": "db://assets/scripts/advert/ATBannerListener.ts",
    "value": {}
  },
  "4aab1044-8638-403e-8db2-f2171b168ecb": {
    "url": "db://assets/scripts/advert/ATBannerTSSDK.ts",
    "value": {}
  },
  "e9ce1c9a-07b5-4cba-a503-45867ebe8fd2": {
    "url": "db://assets/scripts/advert/ATIntersitialAutoTSSDK.ts",
    "value": {}
  },
  "7fd644d9-c030-4e2e-afcb-e9866a7682ba": {
    "url": "db://assets/scripts/advert/ATIntersitialTSSDK.ts",
    "value": {}
  },
  "22532e80-91f2-48aa-8e3c-fb00d4c69022": {
    "url": "db://assets/scripts/advert/ATInterstitialAutoListener.ts",
    "value": {}
  },
  "273d02d9-662d-4f84-af75-518bb43aded2": {
    "url": "db://assets/scripts/advert/ATInterstitialListener.ts",
    "value": {}
  },
  "e537b318-1ba8-4106-9936-5979ea1a3b99": {
    "url": "db://assets/scripts/advert/ATJSSDK.ts",
    "value": {}
  },
  "9b0e9652-e212-4f13-8e87-1f773d49f3f2": {
    "url": "db://assets/scripts/advert/ATNativeListener.ts",
    "value": {}
  },
  "28020ccd-fbb6-4db8-9202-15bfe37475d6": {
    "url": "db://assets/scripts/advert/ATNativeTSSDK.ts",
    "value": {}
  },
  "31993482-50ed-4a56-a12b-7ab74c3b5486": {
    "url": "db://assets/scripts/advert/ATRewardedAutoVideoListener.ts",
    "value": {}
  },
  "a52ca836-0d2c-4385-8183-b4cc856e6110": {
    "url": "db://assets/scripts/advert/ATRewardedAutoVideoTSSDK.ts",
    "value": {}
  },
  "8ca0b714-3c94-4dd6-8a42-285a13142dc2": {
    "url": "db://assets/scripts/advert/ATRewardedVideoListener.ts",
    "value": {}
  },
  "82c7b749-17d7-43d5-a2e6-aebce7bef4bf": {
    "url": "db://assets/scripts/advert/ATRewardedVideoTSSDK.ts",
    "value": {}
  },
  "d8fee304-59ef-42ab-bbee-da1061ae3d99": {
    "url": "db://assets/scripts/google/GooglePlayMgr.ts",
    "value": {}
  },
  "14e81de1-b4ef-4521-af70-f3b67155a0f4": {
    "url": "db://assets/scripts/tenjin/TenjinSDKMgr.ts",
    "value": {}
  },
  "8560dd51-93c2-4583-b199-26a5a0f33c14": {
    "url": "db://assets/scripts/advert/Android/ATAndroidBannerTS.ts",
    "value": {}
  },
  "f0304981-fc97-4750-8f23-2acf85d2a25e": {
    "url": "db://assets/scripts/advert/Android/ATAndroidIntersitialAutoTS.ts",
    "value": {}
  },
  "0fe40b17-1819-48b6-b868-b8fc619e8cbb": {
    "url": "db://assets/scripts/advert/Android/ATAndroidIntersitialTS.ts",
    "value": {}
  },
  "71ac2548-5b0e-47d5-aafb-2be40739ddc1": {
    "url": "db://assets/scripts/advert/Android/ATAndroidJS.ts",
    "value": {}
  },
  "1d96e109-dab8-4182-9cdc-fa46a26ca5a7": {
    "url": "db://assets/scripts/advert/Android/ATAndroidNativeTS.ts",
    "value": {}
  },
  "c33f4a00-7f6e-41dc-85f2-21d921de38a6": {
    "url": "db://assets/scripts/advert/Android/ATAndroidRewardedVideoAutoTS.ts",
    "value": {}
  },
  "84d3a0ca-6ac1-42ff-9a84-151ec0eaf1ad": {
    "url": "db://assets/scripts/advert/Android/ATAndroidRewardedVideoTS.ts",
    "value": {}
  },
  "56bcb7bc-6444-4501-948a-6488ea74ec5c": {
    "url": "db://assets/scripts/advert/ByteDance/ATByteDanceJS.ts",
    "value": {}
  },
  "039cb8dd-590f-44bd-9364-f8c884d7b0f2": {
    "url": "db://assets/scripts/advert/ByteDance/ATByteDanceRewardedVideoTS.ts",
    "value": {}
  },
  "74dec4b9-e006-473d-89b8-a4be258fd3ae": {
    "url": "db://assets/scripts/advert/WeiXin/ATWeiXinJS.ts",
    "value": {}
  },
  "6f5b4e9b-9eb5-4a8f-b41c-e43f487ba3f9": {
    "url": "db://assets/scripts/advert/WeiXin/ATWeiXinRewardedVideoTS.ts",
    "value": {}
  },
  "1e5b6616-f0e2-43fb-aaf4-d355dccf8939": {
    "url": "db://assets/scripts/advert/iOS/ATiOSBannerTS.ts",
    "value": {}
  },
  "335a1489-6116-4762-9ddc-cc80c8f7bac3": {
    "url": "db://assets/scripts/advert/iOS/ATiOSIntersitiaAutolTS.ts",
    "value": {}
  },
  "4527b3f8-ecd7-4362-a8a2-6306577e44e0": {
    "url": "db://assets/scripts/advert/iOS/ATiOSIntersitialTS.ts",
    "value": {}
  },
  "67189d85-8d3c-4c00-92fb-b354799b266a": {
    "url": "db://assets/scripts/advert/iOS/ATiOSJS.ts",
    "value": {}
  },
  "b4360b7c-1460-45e0-998d-bc4624f93c4f": {
    "url": "db://assets/scripts/advert/iOS/ATiOSNativeTS.ts",
    "value": {}
  },
  "f1f9c3e1-f336-46aa-8bc4-42110e10aa80": {
    "url": "db://assets/scripts/advert/iOS/ATiOSRewardedAutoVideoTS.ts",
    "value": {}
  },
  "cd495b24-84de-4b0c-adc0-d40640315790": {
    "url": "db://assets/scripts/advert/iOS/ATiOSRewardedVideoTS.ts",
    "value": {}
  },
  "fcb83cd7-5d90-4c33-a5fc-4895f1175618": {
    "url": "db://assets/sence/main.scene",
    "value": {
      "depends": [
        "fcb83cd7-5d90-4c33-a5fc-4895f1175618",
        "fda095cb-831d-4601-ad94-846013963de8",
        "8083308a-8454-4fea-8939-4e0b625671d2@f9941",
        "fda095cb-831d-4601-ad94-846013963de8",
        "22d512e0-80aa-4c28-8788-519b87477660@f9941",
        "fda095cb-831d-4601-ad94-846013963de8",
        "fda095cb-831d-4601-ad94-846013963de8",
        "d98b1f43-4f65-4d8b-a5b0-867e9489ff6a@f9941",
        "d98b1f43-4f65-4d8b-a5b0-867e9489ff6a@f9941",
        "fda095cb-831d-4601-ad94-846013963de8",
        "a17d3d87-30d0-4035-8ca3-b0ddfcf41870@f9941",
        "fda095cb-831d-4601-ad94-846013963de8",
        "4c9fc895-b4b7-4683-8875-da3815d1efbc@f9941",
        "fda095cb-831d-4601-ad94-846013963de8",
        "fda095cb-831d-4601-ad94-846013963de8",
        "a17d3d87-30d0-4035-8ca3-b0ddfcf41870@f9941",
        "fda095cb-831d-4601-ad94-846013963de8",
        "00463c74-c48d-43a8-a403-c901599c7076",
        "fda095cb-831d-4601-ad94-846013963de8",
        "f9e353e1-f939-460e-82f5-64426dd06625@f9941",
        "cbaeba4f-2c98-439d-966c-f29d089e448a",
        "c9bf5207-06d3-45da-9f70-d9435384351d",
        "8977c78e-6243-4376-ba4b-6e3057f795ad",
        "b3907697-8fe7-4075-a428-ce7d5f785169",
        "6bb1ba3e-3f90-4e49-9605-d59d22f618c3",
        "00463c74-c48d-43a8-a403-c901599c7076",
        "fda095cb-831d-4601-ad94-846013963de8",
        "f9e353e1-f939-460e-82f5-64426dd06625@f9941",
        "fda095cb-831d-4601-ad94-846013963de8",
        "7a1d3294-440d-4914-9d3c-37ebd99c6677@f9941",
        "fda095cb-831d-4601-ad94-846013963de8",
        "c8abef9a-43c2-4ab9-be38-6230082c0aea@f9941",
        "fda095cb-831d-4601-ad94-846013963de8",
        "22d512e0-80aa-4c28-8788-519b87477660@f9941",
        "fda095cb-831d-4601-ad94-846013963de8",
        "6bb1ba3e-3f90-4e49-9605-d59d22f618c3",
        "cc735e40-2993-4eec-aec1-e417eab31fff",
        "fda095cb-831d-4601-ad94-846013963de8",
        "7a1d3294-440d-4914-9d3c-37ebd99c6677@f9941",
        "fda095cb-831d-4601-ad94-846013963de8",
        "ff1e6925-151b-4b28-8ca5-5764aeef4840@f9941",
        "fda095cb-831d-4601-ad94-846013963de8",
        "22d512e0-80aa-4c28-8788-519b87477660@f9941",
        "fda095cb-831d-4601-ad94-846013963de8",
        "6bb1ba3e-3f90-4e49-9605-d59d22f618c3",
        "cc735e40-2993-4eec-aec1-e417eab31fff",
        "fda095cb-831d-4601-ad94-846013963de8",
        "7a1d3294-440d-4914-9d3c-37ebd99c6677@f9941",
        "fda095cb-831d-4601-ad94-846013963de8",
        "4ef82430-c73a-4c94-a652-1648f8315968@f9941",
        "fda095cb-831d-4601-ad94-846013963de8",
        "22d512e0-80aa-4c28-8788-519b87477660@f9941",
        "fda095cb-831d-4601-ad94-846013963de8",
        "fda095cb-831d-4601-ad94-846013963de8",
        "ae2b3ce7-2f4b-4f94-9a78-cafa7d52af3f@f9941",
        "ae2b3ce7-2f4b-4f94-9a78-cafa7d52af3f@f9941",
        "cf165f07-dc09-4938-9cc5-603732810abe",
        "58bee593-a4c9-4d18-809e-093e179484db",
        "eee62c8f-0a32-434a-a1d8-51e03331534f",
        "6ed8ae03-96bd-4fc2-b406-34834bf7963b",
        "4943f797-d846-4290-9811-a41ef49b0874",
        "050e27c5-8237-446b-8f63-7091b1c0f6a4",
        "f3308951-3690-43ae-b00e-583cc7c8b1a3",
        "8c1406e0-8946-42e7-94ee-35539753af37"
      ]
    }
  },
  "909248c5-d93a-4a57-8bfa-56dfe9ec4712": {
    "url": "db://assets/resources/Animations/blockBoom.anim",
    "value": {
      "depends": []
    }
  },
  "c09cbd08-b644-4699-a7d4-e87b700ff871": {
    "url": "db://assets/resources/Animations/blockBoom2.anim",
    "value": {
      "depends": []
    }
  },
  "4785b638-a8f1-41c2-b3a1-ff4108b40b42": {
    "url": "db://assets/resources/Animations/blockDestory.anim",
    "value": {
      "depends": []
    }
  },
  "48dbb4cc-e55c-4387-9bdf-abc8da372256": {
    "url": "db://assets/resources/Animations/blockDestory2.anim",
    "value": {
      "depends": []
    }
  },
  "62c5832b-11dd-4ce9-9ddf-ee7b752f776d": {
    "url": "db://assets/resources/Animations/choose.anim",
    "value": {
      "depends": [
        "d9ab28f1-14c5-46e1-894d-55c4a8b2138d@f9941",
        "dbe2cf59-f0ba-47b6-8a0b-3764d5823dc0@f9941",
        "d9ab28f1-14c5-46e1-894d-55c4a8b2138d@f9941"
      ]
    }
  },
  "cc735e40-2993-4eec-aec1-e417eab31fff": {
    "url": "db://assets/resources/Animations/choose2.anim",
    "value": {
      "depends": [
        "d9ab28f1-14c5-46e1-894d-55c4a8b2138d@f9941",
        "dbe2cf59-f0ba-47b6-8a0b-3764d5823dc0@f9941",
        "d9ab28f1-14c5-46e1-894d-55c4a8b2138d@f9941"
      ]
    }
  },
  "68bd08cf-2ee1-4152-a4a3-b42860126d4f": {
    "url": "db://assets/resources/Animations/delete.anim",
    "value": {
      "depends": []
    }
  },
  "0913fe2f-f0aa-4fd4-9f19-056f457c6c32": {
    "url": "db://assets/resources/Animations/reward.anim",
    "value": {
      "depends": []
    }
  },
  "dcdb5243-b66f-4ca8-93e1-6a33e01b46b8": {
    "url": "db://assets/resources/Config/colorData.txt",
    "value": {
      "depends": []
    }
  },
  "0571a39e-80ed-4541-a00e-690b146b210c": {
    "url": "db://assets/resources/Config/musicData.txt",
    "value": {
      "depends": []
    }
  },
  "0bbd1aaa-8fcb-4dfd-8f43-d1ab77cefbe2": {
    "url": "db://assets/resources/Config/soundData.txt",
    "value": {
      "depends": []
    }
  },
  "8d6b317e-4f17-44d6-a290-5000c8a256e5": {
    "url": "db://assets/resources/Sound/anniu.mp3",
    "value": {
      "depends": []
    }
  },
  "e3762da3-8f07-4696-801c-06ac9fc72ee8": {
    "url": "db://assets/resources/Sound/compose.mp3",
    "value": {
      "depends": []
    }
  },
  "5960b9f1-edba-42e5-ad9e-2505b4ee7cbd": {
    "url": "db://assets/resources/Sound/compose1.mp3",
    "value": {
      "depends": []
    }
  },
  "a16cd1ce-7ade-43b5-8b55-1e63bff383ee": {
    "url": "db://assets/resources/Sound/compose2.mp3",
    "value": {
      "depends": []
    }
  },
  "46b8560e-b3e7-4ee1-9cb0-6c8eeacfd9df": {
    "url": "db://assets/resources/Sound/reward.mp3",
    "value": {
      "depends": []
    }
  },
  "d82621e1-1720-4931-8465-b9e7f07c65ce": {
    "url": "db://assets/resources/Texture/block.png",
    "value": {
      "depends": []
    }
  },
  "ee03aa23-feb9-48b1-9ad8-0651dd899488": {
    "url": "db://assets/resources/Texture/btn_game.png",
    "value": {
      "depends": []
    }
  },
  "4c9fc895-b4b7-4683-8875-da3815d1efbc": {
    "url": "db://assets/resources/Texture/btn_history.png",
    "value": {
      "depends": []
    }
  },
  "ae2b3ce7-2f4b-4f94-9a78-cafa7d52af3f": {
    "url": "db://assets/resources/Texture/btn_menu.png",
    "value": {
      "depends": []
    }
  },
  "4ef82430-c73a-4c94-a652-1648f8315968": {
    "url": "db://assets/resources/Texture/change.png",
    "value": {
      "depends": []
    }
  },
  "ee03aa23-feb9-48b1-9ad8-0651dd899488@6c48a": {
    "url": "db://assets/resources/Texture/btn_game.png@6c48a",
    "value": {
      "depends": [
        "ee03aa23-feb9-48b1-9ad8-0651dd899488"
      ]
    }
  },
  "4c9fc895-b4b7-4683-8875-da3815d1efbc@6c48a": {
    "url": "db://assets/resources/Texture/btn_history.png@6c48a",
    "value": {
      "depends": [
        "4c9fc895-b4b7-4683-8875-da3815d1efbc"
      ]
    }
  },
  "ae2b3ce7-2f4b-4f94-9a78-cafa7d52af3f@6c48a": {
    "url": "db://assets/resources/Texture/btn_menu.png@6c48a",
    "value": {
      "depends": [
        "ae2b3ce7-2f4b-4f94-9a78-cafa7d52af3f"
      ]
    }
  },
  "4ef82430-c73a-4c94-a652-1648f8315968@6c48a": {
    "url": "db://assets/resources/Texture/change.png@6c48a",
    "value": {
      "depends": [
        "4ef82430-c73a-4c94-a652-1648f8315968"
      ]
    }
  },
  "ee03aa23-feb9-48b1-9ad8-0651dd899488@f9941": {
    "url": "db://assets/resources/Texture/btn_game.png@f9941",
    "value": {
      "depends": [
        "ee03aa23-feb9-48b1-9ad8-0651dd899488@6c48a"
      ]
    }
  },
  "4c9fc895-b4b7-4683-8875-da3815d1efbc@f9941": {
    "url": "db://assets/resources/Texture/btn_history.png@f9941",
    "value": {
      "depends": [
        "4c9fc895-b4b7-4683-8875-da3815d1efbc@6c48a"
      ]
    }
  },
  "d9ab28f1-14c5-46e1-894d-55c4a8b2138d": {
    "url": "db://assets/resources/Texture/choose1.png",
    "value": {}
  },
  "dbe2cf59-f0ba-47b6-8a0b-3764d5823dc0": {
    "url": "db://assets/resources/Texture/choose2.png",
    "value": {}
  },
  "ae2b3ce7-2f4b-4f94-9a78-cafa7d52af3f@f9941": {
    "url": "db://assets/resources/Texture/btn_menu.png@f9941",
    "value": {
      "depends": [
        "ae2b3ce7-2f4b-4f94-9a78-cafa7d52af3f@6c48a"
      ]
    }
  },
  "ff1e6925-151b-4b28-8ca5-5764aeef4840": {
    "url": "db://assets/resources/Texture/delete.png",
    "value": {
      "depends": []
    }
  },
  "d82621e1-1720-4931-8465-b9e7f07c65ce@6c48a": {
    "url": "db://assets/resources/Texture/block.png@6c48a",
    "value": {
      "depends": [
        "d82621e1-1720-4931-8465-b9e7f07c65ce"
      ]
    }
  },
  "4ef82430-c73a-4c94-a652-1648f8315968@f9941": {
    "url": "db://assets/resources/Texture/change.png@f9941",
    "value": {
      "depends": [
        "4ef82430-c73a-4c94-a652-1648f8315968@6c48a"
      ]
    }
  },
  "eaa35fc1-1a5c-4b46-a922-1114eb67deec": {
    "url": "db://assets/resources/Texture/empty.png",
    "value": {
      "depends": []
    }
  },
  "ff1e6925-151b-4b28-8ca5-5764aeef4840@6c48a": {
    "url": "db://assets/resources/Texture/delete.png@6c48a",
    "value": {
      "depends": [
        "ff1e6925-151b-4b28-8ca5-5764aeef4840"
      ]
    }
  },
  "d82621e1-1720-4931-8465-b9e7f07c65ce@f9941": {
    "url": "db://assets/resources/Texture/block.png@f9941",
    "value": {
      "depends": [
        "d82621e1-1720-4931-8465-b9e7f07c65ce@6c48a"
      ]
    }
  },
  "22d512e0-80aa-4c28-8788-519b87477660": {
    "url": "db://assets/resources/Texture/gold.png",
    "value": {
      "depends": []
    }
  },
  "eaa35fc1-1a5c-4b46-a922-1114eb67deec@6c48a": {
    "url": "db://assets/resources/Texture/empty.png@6c48a",
    "value": {
      "depends": [
        "eaa35fc1-1a5c-4b46-a922-1114eb67deec"
      ]
    }
  },
  "ff1e6925-151b-4b28-8ca5-5764aeef4840@f9941": {
    "url": "db://assets/resources/Texture/delete.png@f9941",
    "value": {
      "depends": [
        "ff1e6925-151b-4b28-8ca5-5764aeef4840@6c48a"
      ]
    }
  },
  "d518cf07-fa37-4359-ae3f-f807d5413bb2": {
    "url": "db://assets/resources/Texture/guanbi.png",
    "value": {
      "depends": []
    }
  },
  "dbe2cf59-f0ba-47b6-8a0b-3764d5823dc0@6c48a": {
    "url": "db://assets/resources/Texture/choose2.png@6c48a",
    "value": {
      "depends": [
        "dbe2cf59-f0ba-47b6-8a0b-3764d5823dc0"
      ]
    }
  },
  "d9ab28f1-14c5-46e1-894d-55c4a8b2138d@6c48a": {
    "url": "db://assets/resources/Texture/choose1.png@6c48a",
    "value": {
      "depends": [
        "d9ab28f1-14c5-46e1-894d-55c4a8b2138d"
      ]
    }
  },
  "eaa35fc1-1a5c-4b46-a922-1114eb67deec@f9941": {
    "url": "db://assets/resources/Texture/empty.png@f9941",
    "value": {
      "depends": [
        "eaa35fc1-1a5c-4b46-a922-1114eb67deec@6c48a"
      ]
    }
  },
  "50550aaf-c69c-4c58-bee2-5ad2224a6f44": {
    "url": "db://assets/resources/Texture/guanbi1.png",
    "value": {
      "depends": []
    }
  },
  "22d512e0-80aa-4c28-8788-519b87477660@6c48a": {
    "url": "db://assets/resources/Texture/gold.png@6c48a",
    "value": {
      "depends": [
        "22d512e0-80aa-4c28-8788-519b87477660"
      ]
    }
  },
  "dbe2cf59-f0ba-47b6-8a0b-3764d5823dc0@f9941": {
    "url": "db://assets/resources/Texture/choose2.png@f9941",
    "value": {
      "depends": [
        "dbe2cf59-f0ba-47b6-8a0b-3764d5823dc0@6c48a"
      ]
    }
  },
  "da6d6686-5f03-4c79-941b-17a8396636ce": {
    "url": "db://assets/resources/Texture/guanggao.png",
    "value": {
      "depends": []
    }
  },
  "d518cf07-fa37-4359-ae3f-f807d5413bb2@6c48a": {
    "url": "db://assets/resources/Texture/guanbi.png@6c48a",
    "value": {
      "depends": [
        "d518cf07-fa37-4359-ae3f-f807d5413bb2"
      ]
    }
  },
  "d9ab28f1-14c5-46e1-894d-55c4a8b2138d@f9941": {
    "url": "db://assets/resources/Texture/choose1.png@f9941",
    "value": {
      "depends": [
        "d9ab28f1-14c5-46e1-894d-55c4a8b2138d@6c48a"
      ]
    }
  },
  "e1ecabf5-ddb0-44cc-b9f5-6e526284fcf6": {
    "url": "db://assets/resources/Texture/jiantou.png",
    "value": {
      "depends": []
    }
  },
  "50550aaf-c69c-4c58-bee2-5ad2224a6f44@6c48a": {
    "url": "db://assets/resources/Texture/guanbi1.png@6c48a",
    "value": {
      "depends": [
        "50550aaf-c69c-4c58-bee2-5ad2224a6f44"
      ]
    }
  },
  "22d512e0-80aa-4c28-8788-519b87477660@f9941": {
    "url": "db://assets/resources/Texture/gold.png@f9941",
    "value": {
      "depends": [
        "22d512e0-80aa-4c28-8788-519b87477660@6c48a"
      ]
    }
  },
  "a17d3d87-30d0-4035-8ca3-b0ddfcf41870": {
    "url": "db://assets/resources/Texture/kuang.png",
    "value": {
      "depends": []
    }
  },
  "d518cf07-fa37-4359-ae3f-f807d5413bb2@f9941": {
    "url": "db://assets/resources/Texture/guanbi.png@f9941",
    "value": {
      "depends": [
        "d518cf07-fa37-4359-ae3f-f807d5413bb2@6c48a"
      ]
    }
  },
  "8083308a-8454-4fea-8939-4e0b625671d2": {
    "url": "db://assets/resources/Texture/kuang1.png",
    "value": {
      "depends": []
    }
  },
  "da6d6686-5f03-4c79-941b-17a8396636ce@6c48a": {
    "url": "db://assets/resources/Texture/guanggao.png@6c48a",
    "value": {
      "depends": [
        "da6d6686-5f03-4c79-941b-17a8396636ce"
      ]
    }
  },
  "50550aaf-c69c-4c58-bee2-5ad2224a6f44@f9941": {
    "url": "db://assets/resources/Texture/guanbi1.png@f9941",
    "value": {
      "depends": [
        "50550aaf-c69c-4c58-bee2-5ad2224a6f44@6c48a"
      ]
    }
  },
  "7a1d3294-440d-4914-9d3c-37ebd99c6677": {
    "url": "db://assets/resources/Texture/kuang2.png",
    "value": {
      "depends": []
    }
  },
  "e1ecabf5-ddb0-44cc-b9f5-6e526284fcf6@6c48a": {
    "url": "db://assets/resources/Texture/jiantou.png@6c48a",
    "value": {
      "depends": [
        "e1ecabf5-ddb0-44cc-b9f5-6e526284fcf6"
      ]
    }
  },
  "a17d3d87-30d0-4035-8ca3-b0ddfcf41870@6c48a": {
    "url": "db://assets/resources/Texture/kuang.png@6c48a",
    "value": {
      "depends": [
        "a17d3d87-30d0-4035-8ca3-b0ddfcf41870"
      ]
    }
  },
  "da6d6686-5f03-4c79-941b-17a8396636ce@f9941": {
    "url": "db://assets/resources/Texture/guanggao.png@f9941",
    "value": {
      "depends": [
        "da6d6686-5f03-4c79-941b-17a8396636ce@6c48a"
      ]
    }
  },
  "f9e353e1-f939-460e-82f5-64426dd06625": {
    "url": "db://assets/resources/Texture/line.png",
    "value": {
      "depends": []
    }
  },
  "8083308a-8454-4fea-8939-4e0b625671d2@6c48a": {
    "url": "db://assets/resources/Texture/kuang1.png@6c48a",
    "value": {
      "depends": [
        "8083308a-8454-4fea-8939-4e0b625671d2"
      ]
    }
  },
  "a17d3d87-30d0-4035-8ca3-b0ddfcf41870@f9941": {
    "url": "db://assets/resources/Texture/kuang.png@f9941",
    "value": {
      "depends": [
        "a17d3d87-30d0-4035-8ca3-b0ddfcf41870@6c48a"
      ]
    }
  },
  "d98b1f43-4f65-4d8b-a5b0-867e9489ff6a": {
    "url": "db://assets/resources/Texture/plus.png",
    "value": {
      "depends": []
    }
  },
  "e1ecabf5-ddb0-44cc-b9f5-6e526284fcf6@f9941": {
    "url": "db://assets/resources/Texture/jiantou.png@f9941",
    "value": {
      "depends": [
        "e1ecabf5-ddb0-44cc-b9f5-6e526284fcf6@6c48a"
      ]
    }
  },
  "c8abef9a-43c2-4ab9-be38-6230082c0aea": {
    "url": "db://assets/resources/Texture/refresh.png",
    "value": {
      "depends": []
    }
  },
  "7a1d3294-440d-4914-9d3c-37ebd99c6677@6c48a": {
    "url": "db://assets/resources/Texture/kuang2.png@6c48a",
    "value": {
      "depends": [
        "7a1d3294-440d-4914-9d3c-37ebd99c6677"
      ]
    }
  },
  "8083308a-8454-4fea-8939-4e0b625671d2@f9941": {
    "url": "db://assets/resources/Texture/kuang1.png@f9941",
    "value": {
      "depends": [
        "8083308a-8454-4fea-8939-4e0b625671d2@6c48a"
      ]
    }
  },
  "a11160ef-99c3-4c9d-9d6a-a9a940f998b1": {
    "url": "db://assets/resources/Texture/sanjiao.png",
    "value": {}
  },
  "f9e353e1-f939-460e-82f5-64426dd06625@6c48a": {
    "url": "db://assets/resources/Texture/line.png@6c48a",
    "value": {
      "depends": [
        "f9e353e1-f939-460e-82f5-64426dd06625"
      ]
    }
  },
  "7a1d3294-440d-4914-9d3c-37ebd99c6677@f9941": {
    "url": "db://assets/resources/Texture/kuang2.png@f9941",
    "value": {
      "depends": [
        "7a1d3294-440d-4914-9d3c-37ebd99c6677@6c48a"
      ]
    }
  },
  "32717c0f-fbf6-4aa6-91c3-c3cd65c20a48": {
    "url": "db://assets/resources/Texture/startfull.png",
    "value": {
      "depends": []
    }
  },
  "c8abef9a-43c2-4ab9-be38-6230082c0aea@6c48a": {
    "url": "db://assets/resources/Texture/refresh.png@6c48a",
    "value": {
      "depends": [
        "c8abef9a-43c2-4ab9-be38-6230082c0aea"
      ]
    }
  },
  "d98b1f43-4f65-4d8b-a5b0-867e9489ff6a@6c48a": {
    "url": "db://assets/resources/Texture/plus.png@6c48a",
    "value": {
      "depends": [
        "d98b1f43-4f65-4d8b-a5b0-867e9489ff6a"
      ]
    }
  },
  "f9e353e1-f939-460e-82f5-64426dd06625@f9941": {
    "url": "db://assets/resources/Texture/line.png@f9941",
    "value": {
      "depends": [
        "f9e353e1-f939-460e-82f5-64426dd06625@6c48a"
      ]
    }
  },
  "888c7cc5-65ae-4058-b32a-ce00023d4db7": {
    "url": "db://assets/resources/Texture/suo.png",
    "value": {
      "depends": []
    }
  },
  "a11160ef-99c3-4c9d-9d6a-a9a940f998b1@6c48a": {
    "url": "db://assets/resources/Texture/sanjiao.png@6c48a",
    "value": {
      "depends": [
        "a11160ef-99c3-4c9d-9d6a-a9a940f998b1"
      ]
    }
  },
  "d98b1f43-4f65-4d8b-a5b0-867e9489ff6a@f9941": {
    "url": "db://assets/resources/Texture/plus.png@f9941",
    "value": {
      "depends": [
        "d98b1f43-4f65-4d8b-a5b0-867e9489ff6a@6c48a"
      ]
    }
  },
  "00463c74-c48d-43a8-a403-c901599c7076": {
    "url": "db://assets/resources/UI/block.prefab",
    "value": {
      "depends": [
        "fda095cb-831d-4601-ad94-846013963de8",
        "d82621e1-1720-4931-8465-b9e7f07c65ce@f9941",
        "fda095cb-831d-4601-ad94-846013963de8",
        "32717c0f-fbf6-4aa6-91c3-c3cd65c20a48@f9941"
      ]
    }
  },
  "c8abef9a-43c2-4ab9-be38-6230082c0aea@f9941": {
    "url": "db://assets/resources/Texture/refresh.png@f9941",
    "value": {
      "depends": [
        "c8abef9a-43c2-4ab9-be38-6230082c0aea@6c48a"
      ]
    }
  },
  "cbaeba4f-2c98-439d-966c-f29d089e448a": {
    "url": "db://assets/resources/UI/line.prefab",
    "value": {
      "depends": [
        "fda095cb-831d-4601-ad94-846013963de8",
        "d82621e1-1720-4931-8465-b9e7f07c65ce@f9941"
      ]
    }
  },
  "32717c0f-fbf6-4aa6-91c3-c3cd65c20a48@6c48a": {
    "url": "db://assets/resources/Texture/startfull.png@6c48a",
    "value": {
      "depends": [
        "32717c0f-fbf6-4aa6-91c3-c3cd65c20a48"
      ]
    }
  },
  "a11160ef-99c3-4c9d-9d6a-a9a940f998b1@f9941": {
    "url": "db://assets/resources/Texture/sanjiao.png@f9941",
    "value": {
      "depends": [
        "a11160ef-99c3-4c9d-9d6a-a9a940f998b1@6c48a"
      ]
    }
  },
  "e7ab9e70-09f1-4d1d-9699-fcef70b7174f": {
    "url": "db://assets/resources/Sound/yinjie/p28.mp3",
    "value": {
      "depends": []
    }
  },
  "888c7cc5-65ae-4058-b32a-ce00023d4db7@6c48a": {
    "url": "db://assets/resources/Texture/suo.png@6c48a",
    "value": {
      "depends": [
        "888c7cc5-65ae-4058-b32a-ce00023d4db7"
      ]
    }
  },
  "70d640ea-6c35-452a-bd13-3d093b047dff": {
    "url": "db://assets/resources/Sound/yinjie/p30.mp3",
    "value": {
      "depends": []
    }
  },
  "830153b0-5a20-4577-99e7-7fc96b8ca2f2": {
    "url": "db://assets/resources/Sound/yinjie/p32.mp3",
    "value": {
      "depends": []
    }
  },
  "32717c0f-fbf6-4aa6-91c3-c3cd65c20a48@f9941": {
    "url": "db://assets/resources/Texture/startfull.png@f9941",
    "value": {
      "depends": [
        "32717c0f-fbf6-4aa6-91c3-c3cd65c20a48@6c48a"
      ]
    }
  },
  "feb19e1e-edfa-454e-94c1-88d6bf83dab2": {
    "url": "db://assets/resources/Sound/yinjie/p33.mp3",
    "value": {
      "depends": []
    }
  },
  "888c7cc5-65ae-4058-b32a-ce00023d4db7@f9941": {
    "url": "db://assets/resources/Texture/suo.png@f9941",
    "value": {
      "depends": [
        "888c7cc5-65ae-4058-b32a-ce00023d4db7@6c48a"
      ]
    }
  },
  "af082b9e-394b-412c-8d8a-b1f11c4c734b": {
    "url": "db://assets/resources/Sound/yinjie/p35.mp3",
    "value": {
      "depends": []
    }
  },
  "0c5e7c28-7323-448d-a5f8-f7799d1c43ba": {
    "url": "db://assets/resources/Sound/yinjie/p37.mp3",
    "value": {
      "depends": []
    }
  },
  "6ad2ec87-f07f-44e2-8cd0-49df8f3a60b3": {
    "url": "db://assets/resources/Sound/yinjie/p39.mp3",
    "value": {
      "depends": []
    }
  },
  "ead8a025-aa16-4655-a01a-19b4202cb3df": {
    "url": "db://assets/resources/Sound/yinjie/p40.mp3",
    "value": {
      "depends": []
    }
  },
  "197c4ca3-165f-4e18-b914-c5ca7ed1d069": {
    "url": "db://assets/resources/Sound/yinjie/p42.mp3",
    "value": {
      "depends": []
    }
  },
  "f4d815ea-085e-4741-a909-39cd1b3d2a4b": {
    "url": "db://assets/resources/Sound/yinjie/p44.mp3",
    "value": {
      "depends": []
    }
  },
  "a7160e8b-531a-4d01-8984-aa56660c9644": {
    "url": "db://assets/resources/Sound/yinjie/p45.mp3",
    "value": {
      "depends": []
    }
  },
  "782f11a3-d34a-48e3-b71f-5e7560fc0d8a": {
    "url": "db://assets/resources/Sound/yinjie/p47.mp3",
    "value": {
      "depends": []
    }
  },
  "6326b29f-b91c-4fdf-8751-e7d78e89806f": {
    "url": "db://assets/resources/Sound/yinjie/p49.mp3",
    "value": {
      "depends": []
    }
  },
  "18161817-52ad-44c6-8219-d563f157a2c9": {
    "url": "db://assets/resources/Sound/yinjie/p51.mp3",
    "value": {
      "depends": []
    }
  },
  "3f05c890-903d-4ce0-975b-a2e0c91812de": {
    "url": "db://assets/resources/Sound/yinjie/p52.mp3",
    "value": {
      "depends": []
    }
  },
  "7ae67f51-1a42-461d-a567-3a2f7c0afa22": {
    "url": "db://assets/resources/Sound/yinjie/p54.mp3",
    "value": {
      "depends": []
    }
  },
  "b476915d-6227-4bda-823c-3804f5d35e54": {
    "url": "db://assets/resources/Sound/yinjie/p56.mp3",
    "value": {
      "depends": []
    }
  },
  "91b7737f-d1cb-4001-afe7-8216b478fe7a": {
    "url": "db://assets/resources/Sound/yinjie/p57.mp3",
    "value": {
      "depends": []
    }
  },
  "252c3dfc-072a-47e6-bae6-c7d3b16d7da1": {
    "url": "db://assets/resources/Sound/yinjie/p59.mp3",
    "value": {
      "depends": []
    }
  },
  "999a7d74-d27f-4c42-83ed-b20c8224b140": {
    "url": "db://assets/resources/Sound/yinjie/p61.mp3",
    "value": {
      "depends": []
    }
  },
  "f4dc763e-5d13-4ebd-a4b4-259049581d6e": {
    "url": "db://assets/resources/Sound/yinjie/p63.mp3",
    "value": {
      "depends": []
    }
  },
  "ae8b2f35-cc92-4989-a634-3722914f32bf": {
    "url": "db://assets/resources/Sound/yinjie/p64.mp3",
    "value": {
      "depends": []
    }
  },
  "4f2570be-135e-45e7-8d78-f7fd4b5fb92e": {
    "url": "db://assets/resources/Sound/yinjie/p66.mp3",
    "value": {
      "depends": []
    }
  },
  "3eff9f3d-aca3-4a4c-8063-0876e70ac80a": {
    "url": "db://assets/resources/Sound/yinjie/p68.mp3",
    "value": {
      "depends": []
    }
  },
  "ddf1e908-b201-4b23-a1aa-243a5fead29a": {
    "url": "db://assets/resources/Sound/yinjie/p69.mp3",
    "value": {
      "depends": []
    }
  },
  "b99aa3ce-e53d-4afc-8b91-0cdc4d62711f": {
    "url": "db://assets/resources/Sound/yinjie/p71.mp3",
    "value": {
      "depends": []
    }
  },
  "a393a4fd-c469-42ff-a9e8-d1da1900186f": {
    "url": "db://assets/resources/Sound/yinjie/p73.mp3",
    "value": {
      "depends": []
    }
  },
  "fca181d9-e65e-4075-8597-ca7e2427beaf": {
    "url": "db://assets/resources/Sound/yinjie/p75.mp3",
    "value": {
      "depends": []
    }
  },
  "3dd84ae7-4137-46f9-81d1-c3a0b8f04846": {
    "url": "db://assets/resources/Sound/yinjie/p76.mp3",
    "value": {
      "depends": []
    }
  },
  "a715ff41-fb91-4bb7-962b-b5f3c0744dd7": {
    "url": "db://assets/resources/Texture/Mainmenu/ad.png",
    "value": {
      "depends": []
    }
  },
  "6825f7d0-6ab0-4f52-9812-e87849447557": {
    "url": "db://assets/resources/Texture/Mainmenu/ad_close.png",
    "value": {
      "depends": []
    }
  },
  "ce9435f6-0c5b-4922-80c2-6f004cfad904": {
    "url": "db://assets/resources/Texture/Mainmenu/anniu.png",
    "value": {}
  },
  "f57c6800-a531-4bf5-a2ed-144174dace82": {
    "url": "db://assets/resources/Texture/Mainmenu/shock.png",
    "value": {
      "depends": []
    }
  },
  "7bb26982-42bb-4ff0-9775-df760a06af38": {
    "url": "db://assets/resources/Texture/Mainmenu/shock_close.png",
    "value": {
      "depends": []
    }
  },
  "a715ff41-fb91-4bb7-962b-b5f3c0744dd7@6c48a": {
    "url": "db://assets/resources/Texture/Mainmenu/ad.png@6c48a",
    "value": {
      "depends": [
        "a715ff41-fb91-4bb7-962b-b5f3c0744dd7"
      ]
    }
  },
  "6825f7d0-6ab0-4f52-9812-e87849447557@6c48a": {
    "url": "db://assets/resources/Texture/Mainmenu/ad_close.png@6c48a",
    "value": {
      "depends": [
        "6825f7d0-6ab0-4f52-9812-e87849447557"
      ]
    }
  },
  "ce9435f6-0c5b-4922-80c2-6f004cfad904@6c48a": {
    "url": "db://assets/resources/Texture/Mainmenu/anniu.png@6c48a",
    "value": {
      "depends": [
        "ce9435f6-0c5b-4922-80c2-6f004cfad904"
      ]
    }
  },
  "f57c6800-a531-4bf5-a2ed-144174dace82@6c48a": {
    "url": "db://assets/resources/Texture/Mainmenu/shock.png@6c48a",
    "value": {
      "depends": [
        "f57c6800-a531-4bf5-a2ed-144174dace82"
      ]
    }
  },
  "a715ff41-fb91-4bb7-962b-b5f3c0744dd7@f9941": {
    "url": "db://assets/resources/Texture/Mainmenu/ad.png@f9941",
    "value": {
      "depends": [
        "a715ff41-fb91-4bb7-962b-b5f3c0744dd7@6c48a"
      ]
    }
  },
  "f8dc1f4c-f147-4da5-9d02-a6c483f2dcb6": {
    "url": "db://assets/resources/Texture/Mainmenu/voice_close.png",
    "value": {
      "depends": []
    }
  },
  "7bb26982-42bb-4ff0-9775-df760a06af38@6c48a": {
    "url": "db://assets/resources/Texture/Mainmenu/shock_close.png@6c48a",
    "value": {
      "depends": [
        "7bb26982-42bb-4ff0-9775-df760a06af38"
      ]
    }
  },
  "6825f7d0-6ab0-4f52-9812-e87849447557@f9941": {
    "url": "db://assets/resources/Texture/Mainmenu/ad_close.png@f9941",
    "value": {
      "depends": [
        "6825f7d0-6ab0-4f52-9812-e87849447557@6c48a"
      ]
    }
  },
  "2e28cfd9-16dc-431e-bca7-0cc19c1ee2d0": {
    "url": "db://assets/resources/Texture/Mainmenu/voice_open.png",
    "value": {
      "depends": []
    }
  },
  "ce9435f6-0c5b-4922-80c2-6f004cfad904@f9941": {
    "url": "db://assets/resources/Texture/Mainmenu/anniu.png@f9941",
    "value": {
      "depends": [
        "ce9435f6-0c5b-4922-80c2-6f004cfad904@6c48a"
      ]
    }
  },
  "050e27c5-8237-446b-8f63-7091b1c0f6a4": {
    "url": "db://assets/resources/UI/Interface/Adgold.prefab",
    "value": {
      "depends": [
        "fda095cb-831d-4601-ad94-846013963de8",
        "7a1d3294-440d-4914-9d3c-37ebd99c6677@f9941",
        "fda095cb-831d-4601-ad94-846013963de8",
        "fda095cb-831d-4601-ad94-846013963de8",
        "da6d6686-5f03-4c79-941b-17a8396636ce@f9941",
        "ee03aa23-feb9-48b1-9ad8-0651dd899488@f9941",
        "ee03aa23-feb9-48b1-9ad8-0651dd899488@f9941",
        "fda095cb-831d-4601-ad94-846013963de8",
        "ee03aa23-feb9-48b1-9ad8-0651dd899488@f9941",
        "ee03aa23-feb9-48b1-9ad8-0651dd899488@f9941"
      ]
    }
  },
  "f57c6800-a531-4bf5-a2ed-144174dace82@f9941": {
    "url": "db://assets/resources/Texture/Mainmenu/shock.png@f9941",
    "value": {
      "depends": [
        "f57c6800-a531-4bf5-a2ed-144174dace82@6c48a"
      ]
    }
  },
  "6ed8ae03-96bd-4fc2-b406-34834bf7963b": {
    "url": "db://assets/resources/UI/Interface/Double.prefab",
    "value": {
      "depends": [
        "fda095cb-831d-4601-ad94-846013963de8",
        "fda095cb-831d-4601-ad94-846013963de8",
        "d518cf07-fa37-4359-ae3f-f807d5413bb2@f9941",
        "d518cf07-fa37-4359-ae3f-f807d5413bb2@f9941",
        "fda095cb-831d-4601-ad94-846013963de8",
        "22d512e0-80aa-4c28-8788-519b87477660@f9941",
        "fda095cb-831d-4601-ad94-846013963de8",
        "fda095cb-831d-4601-ad94-846013963de8",
        "d98b1f43-4f65-4d8b-a5b0-867e9489ff6a@f9941",
        "d98b1f43-4f65-4d8b-a5b0-867e9489ff6a@f9941",
        "fda095cb-831d-4601-ad94-846013963de8",
        "a17d3d87-30d0-4035-8ca3-b0ddfcf41870@f9941",
        "fda095cb-831d-4601-ad94-846013963de8",
        "d82621e1-1720-4931-8465-b9e7f07c65ce@f9941",
        "fda095cb-831d-4601-ad94-846013963de8",
        "fda095cb-831d-4601-ad94-846013963de8",
        "d82621e1-1720-4931-8465-b9e7f07c65ce@f9941",
        "fda095cb-831d-4601-ad94-846013963de8",
        "fda095cb-831d-4601-ad94-846013963de8",
        "e1ecabf5-ddb0-44cc-b9f5-6e526284fcf6@f9941",
        "fda095cb-831d-4601-ad94-846013963de8",
        "22d512e0-80aa-4c28-8788-519b87477660@f9941",
        "ee03aa23-feb9-48b1-9ad8-0651dd899488@f9941",
        "ee03aa23-feb9-48b1-9ad8-0651dd899488@f9941",
        "fda095cb-831d-4601-ad94-846013963de8",
        "20835ba4-6145-4fbc-a58a-051ce700aa3e@f9941",
        "20835ba4-6145-4fbc-a58a-051ce700aa3e@f9941",
        "544e49d6-3f05-4fa8-9a9e-091f98fc2ce8@f9941",
        "951249e0-9f16-456d-8b85-a6ca954da16b@f9941",
        "fda095cb-831d-4601-ad94-846013963de8",
        "fda095cb-831d-4601-ad94-846013963de8",
        "22d512e0-80aa-4c28-8788-519b87477660@f9941",
        "fda095cb-831d-4601-ad94-846013963de8",
        "fda095cb-831d-4601-ad94-846013963de8",
        "a715ff41-fb91-4bb7-962b-b5f3c0744dd7@f9941",
        "a17d3d87-30d0-4035-8ca3-b0ddfcf41870@f9941",
        "20835ba4-6145-4fbc-a58a-051ce700aa3e@f9941",
        "544e49d6-3f05-4fa8-9a9e-091f98fc2ce8@f9941",
        "951249e0-9f16-456d-8b85-a6ca954da16b@f9941",
        "fda095cb-831d-4601-ad94-846013963de8",
        "7a1d3294-440d-4914-9d3c-37ebd99c6677@f9941"
      ]
    }
  },
  "4943f797-d846-4290-9811-a41ef49b0874": {
    "url": "db://assets/resources/UI/Interface/Mainmenu.prefab",
    "value": {
      "depends": [
        "fda095cb-831d-4601-ad94-846013963de8",
        "7a1d3294-440d-4914-9d3c-37ebd99c6677@f9941",
        "fda095cb-831d-4601-ad94-846013963de8",
        "fda095cb-831d-4601-ad94-846013963de8",
        "d518cf07-fa37-4359-ae3f-f807d5413bb2@f9941",
        "d518cf07-fa37-4359-ae3f-f807d5413bb2@f9941",
        "fda095cb-831d-4601-ad94-846013963de8",
        "ee03aa23-feb9-48b1-9ad8-0651dd899488@f9941",
        "ee03aa23-feb9-48b1-9ad8-0651dd899488@f9941",
        "fda095cb-831d-4601-ad94-846013963de8",
        "fda095cb-831d-4601-ad94-846013963de8",
        "2e28cfd9-16dc-431e-bca7-0cc19c1ee2d0@f9941",
        "fda095cb-831d-4601-ad94-846013963de8",
        "f8dc1f4c-f147-4da5-9d02-a6c483f2dcb6@f9941",
        "fda095cb-831d-4601-ad94-846013963de8",
        "f57c6800-a531-4bf5-a2ed-144174dace82@f9941",
        "fda095cb-831d-4601-ad94-846013963de8",
        "7bb26982-42bb-4ff0-9775-df760a06af38@f9941",
        "fda095cb-831d-4601-ad94-846013963de8",
        "a715ff41-fb91-4bb7-962b-b5f3c0744dd7@f9941",
        "fda095cb-831d-4601-ad94-846013963de8",
        "6825f7d0-6ab0-4f52-9812-e87849447557@f9941"
      ]
    }
  },
  "7bb26982-42bb-4ff0-9775-df760a06af38@f9941": {
    "url": "db://assets/resources/Texture/Mainmenu/shock_close.png@f9941",
    "value": {
      "depends": [
        "7bb26982-42bb-4ff0-9775-df760a06af38@6c48a"
      ]
    }
  },
  "58bee593-a4c9-4d18-809e-093e179484db": {
    "url": "db://assets/resources/UI/Interface/Maxblock.prefab",
    "value": {
      "depends": [
        "fda095cb-831d-4601-ad94-846013963de8",
        "7a1d3294-440d-4914-9d3c-37ebd99c6677@f9941",
        "fda095cb-831d-4601-ad94-846013963de8",
        "fda095cb-831d-4601-ad94-846013963de8",
        "d518cf07-fa37-4359-ae3f-f807d5413bb2@f9941",
        "d518cf07-fa37-4359-ae3f-f807d5413bb2@f9941",
        "fda095cb-831d-4601-ad94-846013963de8",
        "d82621e1-1720-4931-8465-b9e7f07c65ce@f9941",
        "fda095cb-831d-4601-ad94-846013963de8",
        "fda095cb-831d-4601-ad94-846013963de8",
        "d82621e1-1720-4931-8465-b9e7f07c65ce@f9941",
        "fda095cb-831d-4601-ad94-846013963de8",
        "fda095cb-831d-4601-ad94-846013963de8",
        "d82621e1-1720-4931-8465-b9e7f07c65ce@f9941",
        "fda095cb-831d-4601-ad94-846013963de8",
        "fda095cb-831d-4601-ad94-846013963de8",
        "fda095cb-831d-4601-ad94-846013963de8",
        "ee03aa23-feb9-48b1-9ad8-0651dd899488@f9941",
        "ee03aa23-feb9-48b1-9ad8-0651dd899488@f9941",
        "fda095cb-831d-4601-ad94-846013963de8",
        "a17d3d87-30d0-4035-8ca3-b0ddfcf41870@f9941",
        "00463c74-c48d-43a8-a403-c901599c7076"
      ]
    }
  },
  "eee62c8f-0a32-434a-a1d8-51e03331534f": {
    "url": "db://assets/resources/UI/Interface/Minblock.prefab",
    "value": {
      "depends": [
        "fda095cb-831d-4601-ad94-846013963de8",
        "7a1d3294-440d-4914-9d3c-37ebd99c6677@f9941",
        "fda095cb-831d-4601-ad94-846013963de8",
        "fda095cb-831d-4601-ad94-846013963de8",
        "d518cf07-fa37-4359-ae3f-f807d5413bb2@f9941",
        "d518cf07-fa37-4359-ae3f-f807d5413bb2@f9941",
        "fda095cb-831d-4601-ad94-846013963de8",
        "d82621e1-1720-4931-8465-b9e7f07c65ce@f9941",
        "fda095cb-831d-4601-ad94-846013963de8",
        "fda095cb-831d-4601-ad94-846013963de8",
        "d82621e1-1720-4931-8465-b9e7f07c65ce@f9941",
        "fda095cb-831d-4601-ad94-846013963de8",
        "fda095cb-831d-4601-ad94-846013963de8",
        "50550aaf-c69c-4c58-bee2-5ad2224a6f44@f9941",
        "fda095cb-831d-4601-ad94-846013963de8",
        "fda095cb-831d-4601-ad94-846013963de8",
        "ee03aa23-feb9-48b1-9ad8-0651dd899488@f9941",
        "ee03aa23-feb9-48b1-9ad8-0651dd899488@f9941"
      ]
    }
  },
  "f8dc1f4c-f147-4da5-9d02-a6c483f2dcb6@6c48a": {
    "url": "db://assets/resources/Texture/Mainmenu/voice_close.png@6c48a",
    "value": {
      "depends": [
        "f8dc1f4c-f147-4da5-9d02-a6c483f2dcb6"
      ]
    }
  },
  "2e28cfd9-16dc-431e-bca7-0cc19c1ee2d0@6c48a": {
    "url": "db://assets/resources/Texture/Mainmenu/voice_open.png@6c48a",
    "value": {
      "depends": [
        "2e28cfd9-16dc-431e-bca7-0cc19c1ee2d0"
      ]
    }
  },
  "cf165f07-dc09-4938-9cc5-603732810abe": {
    "url": "db://assets/resources/UI/Interface/Unlock.prefab",
    "value": {
      "depends": [
        "fda095cb-831d-4601-ad94-846013963de8",
        "7a1d3294-440d-4914-9d3c-37ebd99c6677@f9941",
        "fda095cb-831d-4601-ad94-846013963de8",
        "fda095cb-831d-4601-ad94-846013963de8",
        "fda095cb-831d-4601-ad94-846013963de8",
        "d518cf07-fa37-4359-ae3f-f807d5413bb2@f9941",
        "d518cf07-fa37-4359-ae3f-f807d5413bb2@f9941",
        "fda095cb-831d-4601-ad94-846013963de8",
        "7d8f9b89-4fd1-4c9f-a3ab-38ec7cded7ca@f9941",
        "fda095cb-831d-4601-ad94-846013963de8",
        "fda095cb-831d-4601-ad94-846013963de8",
        "7d8f9b89-4fd1-4c9f-a3ab-38ec7cded7ca@f9941",
        "fda095cb-831d-4601-ad94-846013963de8",
        "fda095cb-831d-4601-ad94-846013963de8",
        "7d8f9b89-4fd1-4c9f-a3ab-38ec7cded7ca@f9941",
        "fda095cb-831d-4601-ad94-846013963de8",
        "fda095cb-831d-4601-ad94-846013963de8",
        "32717c0f-fbf6-4aa6-91c3-c3cd65c20a48@f9941",
        "fda095cb-831d-4601-ad94-846013963de8",
        "fda095cb-831d-4601-ad94-846013963de8",
        "888c7cc5-65ae-4058-b32a-ce00023d4db7@f9941",
        "fda095cb-831d-4601-ad94-846013963de8",
        "22d512e0-80aa-4c28-8788-519b87477660@f9941",
        "fda095cb-831d-4601-ad94-846013963de8",
        "fda095cb-831d-4601-ad94-846013963de8",
        "fda095cb-831d-4601-ad94-846013963de8",
        "fda095cb-831d-4601-ad94-846013963de8",
        "fda095cb-831d-4601-ad94-846013963de8",
        "7d8f9b89-4fd1-4c9f-a3ab-38ec7cded7ca@f9941",
        "fda095cb-831d-4601-ad94-846013963de8",
        "fda095cb-831d-4601-ad94-846013963de8",
        "7d8f9b89-4fd1-4c9f-a3ab-38ec7cded7ca@f9941",
        "fda095cb-831d-4601-ad94-846013963de8",
        "fda095cb-831d-4601-ad94-846013963de8",
        "7d8f9b89-4fd1-4c9f-a3ab-38ec7cded7ca@f9941",
        "fda095cb-831d-4601-ad94-846013963de8",
        "fda095cb-831d-4601-ad94-846013963de8",
        "7d8f9b89-4fd1-4c9f-a3ab-38ec7cded7ca@f9941",
        "fda095cb-831d-4601-ad94-846013963de8",
        "fda095cb-831d-4601-ad94-846013963de8",
        "7d8f9b89-4fd1-4c9f-a3ab-38ec7cded7ca@f9941",
        "fda095cb-831d-4601-ad94-846013963de8",
        "fda095cb-831d-4601-ad94-846013963de8",
        "7d8f9b89-4fd1-4c9f-a3ab-38ec7cded7ca@f9941",
        "fda095cb-831d-4601-ad94-846013963de8",
        "fda095cb-831d-4601-ad94-846013963de8",
        "7d8f9b89-4fd1-4c9f-a3ab-38ec7cded7ca@f9941",
        "fda095cb-831d-4601-ad94-846013963de8",
        "a11160ef-99c3-4c9d-9d6a-a9a940f998b1@f9941",
        "fda095cb-831d-4601-ad94-846013963de8",
        "fda095cb-831d-4601-ad94-846013963de8",
        "fda095cb-831d-4601-ad94-846013963de8",
        "a715ff41-fb91-4bb7-962b-b5f3c0744dd7@f9941",
        "fda095cb-831d-4601-ad94-846013963de8",
        "ee03aa23-feb9-48b1-9ad8-0651dd899488@f9941",
        "ee03aa23-feb9-48b1-9ad8-0651dd899488@f9941",
        "20835ba4-6145-4fbc-a58a-051ce700aa3e@f9941",
        "544e49d6-3f05-4fa8-9a9e-091f98fc2ce8@f9941",
        "951249e0-9f16-456d-8b85-a6ca954da16b@f9941",
        "fda095cb-831d-4601-ad94-846013963de8",
        "20835ba4-6145-4fbc-a58a-051ce700aa3e@f9941",
        "544e49d6-3f05-4fa8-9a9e-091f98fc2ce8@f9941",
        "951249e0-9f16-456d-8b85-a6ca954da16b@f9941",
        "00463c74-c48d-43a8-a403-c901599c7076"
      ]
    }
  },
  "f3308951-3690-43ae-b00e-583cc7c8b1a3": {
    "url": "db://assets/resources/UI/Interface/store.prefab",
    "value": {
      "depends": [
        "fda095cb-831d-4601-ad94-846013963de8",
        "7a1d3294-440d-4914-9d3c-37ebd99c6677@f9941",
        "fda095cb-831d-4601-ad94-846013963de8",
        "fda095cb-831d-4601-ad94-846013963de8",
        "d518cf07-fa37-4359-ae3f-f807d5413bb2@f9941",
        "d518cf07-fa37-4359-ae3f-f807d5413bb2@f9941",
        "fda095cb-831d-4601-ad94-846013963de8",
        "6825f7d0-6ab0-4f52-9812-e87849447557@f9941",
        "fda095cb-831d-4601-ad94-846013963de8",
        "ee03aa23-feb9-48b1-9ad8-0651dd899488@f9941",
        "ee03aa23-feb9-48b1-9ad8-0651dd899488@f9941",
        "22d512e0-80aa-4c28-8788-519b87477660@f9941",
        "da6d6686-5f03-4c79-941b-17a8396636ce@f9941",
        "ee03aa23-feb9-48b1-9ad8-0651dd899488@f9941",
        "ee03aa23-feb9-48b1-9ad8-0651dd899488@f9941",
        "fda095cb-831d-4601-ad94-846013963de8",
        "fda095cb-831d-4601-ad94-846013963de8",
        "a715ff41-fb91-4bb7-962b-b5f3c0744dd7@f9941",
        "fda095cb-831d-4601-ad94-846013963de8",
        "ee03aa23-feb9-48b1-9ad8-0651dd899488@f9941",
        "fda095cb-831d-4601-ad94-846013963de8"
      ]
    }
  },
  "8977c78e-6243-4376-ba4b-6e3057f795ad": {
    "url": "db://assets/resources/UI/effect/DestoryEffect.prefab",
    "value": {
      "depends": [
        "d82621e1-1720-4931-8465-b9e7f07c65ce@f9941",
        "4785b638-a8f1-41c2-b3a1-ff4108b40b42",
        "4785b638-a8f1-41c2-b3a1-ff4108b40b42"
      ]
    }
  },
  "2e28cfd9-16dc-431e-bca7-0cc19c1ee2d0@f9941": {
    "url": "db://assets/resources/Texture/Mainmenu/voice_open.png@f9941",
    "value": {
      "depends": [
        "2e28cfd9-16dc-431e-bca7-0cc19c1ee2d0@6c48a"
      ]
    }
  },
  "8c1406e0-8946-42e7-94ee-35539753af37": {
    "url": "db://assets/resources/UI/effect/addMoney.prefab",
    "value": {
      "depends": [
        "fda095cb-831d-4601-ad94-846013963de8",
        "22d512e0-80aa-4c28-8788-519b87477660@f9941",
        "fda095cb-831d-4601-ad94-846013963de8",
        "0913fe2f-f0aa-4fd4-9f19-056f457c6c32",
        "0913fe2f-f0aa-4fd4-9f19-056f457c6c32"
      ]
    }
  },
  "f8dc1f4c-f147-4da5-9d02-a6c483f2dcb6@f9941": {
    "url": "db://assets/resources/Texture/Mainmenu/voice_close.png@f9941",
    "value": {
      "depends": [
        "f8dc1f4c-f147-4da5-9d02-a6c483f2dcb6@6c48a"
      ]
    }
  },
  "6bb1ba3e-3f90-4e49-9605-d59d22f618c3": {
    "url": "db://assets/resources/UI/effect/choose.prefab",
    "value": {
      "depends": [
        "62c5832b-11dd-4ce9-9ddf-ee7b752f776d",
        "cc735e40-2993-4eec-aec1-e417eab31fff",
        "62c5832b-11dd-4ce9-9ddf-ee7b752f776d"
      ]
    }
  },
  "c9bf5207-06d3-45da-9f70-d9435384351d": {
    "url": "db://assets/resources/UI/effect/clearEffect.prefab",
    "value": {
      "depends": [
        "fda095cb-831d-4601-ad94-846013963de8",
        "d82621e1-1720-4931-8465-b9e7f07c65ce@f9941",
        "fda095cb-831d-4601-ad94-846013963de8",
        "7d8f9b89-4fd1-4c9f-a3ab-38ec7cded7ca@f9941",
        "fda095cb-831d-4601-ad94-846013963de8",
        "7d8f9b89-4fd1-4c9f-a3ab-38ec7cded7ca@f9941",
        "fda095cb-831d-4601-ad94-846013963de8",
        "7d8f9b89-4fd1-4c9f-a3ab-38ec7cded7ca@f9941",
        "fda095cb-831d-4601-ad94-846013963de8",
        "7d8f9b89-4fd1-4c9f-a3ab-38ec7cded7ca@f9941",
        "fda095cb-831d-4601-ad94-846013963de8",
        "7d8f9b89-4fd1-4c9f-a3ab-38ec7cded7ca@f9941",
        "fda095cb-831d-4601-ad94-846013963de8",
        "7d8f9b89-4fd1-4c9f-a3ab-38ec7cded7ca@f9941",
        "fda095cb-831d-4601-ad94-846013963de8",
        "7d8f9b89-4fd1-4c9f-a3ab-38ec7cded7ca@f9941",
        "fda095cb-831d-4601-ad94-846013963de8",
        "7d8f9b89-4fd1-4c9f-a3ab-38ec7cded7ca@f9941",
        "fda095cb-831d-4601-ad94-846013963de8",
        "7d8f9b89-4fd1-4c9f-a3ab-38ec7cded7ca@f9941",
        "909248c5-d93a-4a57-8bfa-56dfe9ec4712",
        "c09cbd08-b644-4699-a7d4-e87b700ff871",
        "48dbb4cc-e55c-4387-9bdf-abc8da372256"
      ]
    }
  },
  "b3907697-8fe7-4075-a428-ce7d5f785169": {
    "url": "db://assets/resources/UI/effect/delete.prefab",
    "value": {
      "depends": [
        "ff1e6925-151b-4b28-8ca5-5764aeef4840@f9941",
        "68bd08cf-2ee1-4152-a4a3-b42860126d4f",
        "68bd08cf-2ee1-4152-a4a3-b42860126d4f"
      ]
    }
  }
}
