{"refresh":"100","delete":"100","exchange":"100","b_openVoice":"1","b_openShock":"1","b_openVideo":"1","CountDownTime":"0","gold":"NaN","score":"NaN","maxScore":"NaN","blockDataList":"{\"0\":{\"0\":4,\"1\":4,\"2\":5,\"3\":4,\"4\":3,\"5\":4},\"1\":{\"0\":6,\"1\":6,\"2\":3,\"3\":6,\"4\":3,\"5\":4},\"2\":{\"0\":8,\"1\":5,\"2\":4,\"3\":4,\"4\":3,\"5\":4},\"3\":{\"0\":4,\"1\":3,\"2\":5,\"3\":5,\"4\":7,\"5\":3},\"4\":{\"0\":4,\"1\":9,\"2\":7,\"3\":4,\"4\":3,\"5\":5},\"5\":{\"0\":9,\"1\":8,\"2\":5,\"3\":5,\"4\":3,\"5\":3},\"6\":{\"0\":11,\"1\":6,\"2\":7,\"3\":6,\"4\":3,\"5\":3},\"7\":{\"0\":3,\"1\":9,\"2\":5,\"3\":6,\"4\":8,\"5\":11},\"8\":{\"0\":11,\"1\":12,\"2\":7,\"3\":4,\"4\":13,\"5\":4}}"}