[1,["bbYWJPl4pHVoVK50Ic2C1W"],["_textureSetter"],["cc.SpriteFrame"],0,[[[{"name":"quitbutton_floating","rect":[1,339,103,105],"offset":[0,0],"originalSize":[103,105],"capInsets":[0,0,0,0]}],[0],0,[0],[0],[0]],[[{"name":"LevelProgressBar","rect":[45,299,54,38],"offset":[0,0],"originalSize":[54,38],"capInsets":[21,0,19,0]}],[0],0,[0],[0],[0]],[[{"name":"ad","rect":[147,94,72,70],"offset":[0,0],"originalSize":[72,70],"capInsets":[0,0,0,0]}],[0],0,[0],[0],[0]],[[{"name":"egg2","rect":[106,299,100,93],"offset":[0,0],"originalSize":[100,93],"capInsets":[0,0,0,0]}],[0],0,[0],[0],[0]],[[{"name":"egg3","rect":[140,197,100,92],"offset":[0,0],"originalSize":[100,92],"rotated":1,"capInsets":[0,0,0,0]}],[0],0,[0],[0],[0]],[[{"name":"BalanceDarkBackground","rect":[1,446,41,28],"offset":[0,0],"originalSize":[41,28],"capInsets":[20,0,21,0]}],[0],0,[0],[0],[0]],[[{"name":"egg1","rect":[45,197,100,93],"offset":[0,0],"originalSize":[100,93],"rotated":1,"capInsets":[0,0,0,0]}],[0],0,[0],[0],[0]],[[{"name":"gem","rect":[106,394,81,76],"offset":[0,0],"originalSize":[81,76],"rotated":1,"capInsets":[0,0,0,0]}],[0],0,[0],[0],[0]],[[{"name":"egg0","rect":[45,102,100,93],"offset":[0,0],"originalSize":[100,93],"capInsets":[0,0,0,0]}],[0],0,[0],[0],[0]],[[{"name":"chuizi","rect":[45,1,100,99],"offset":[0,0],"originalSize":[100,99],"capInsets":[0,0,0,0]}],[0],0,[0],[0],[0]]]]