[1,["ecpdLyjvZBwrvm+cedCcQy","d77L2oPjJOqJT8RDuHCUvA","72TuYKRk1Bz7wFspCFa8AY"],["node","_parent","root","data","_spriteFrame","_textureSetter"],[["cc.Node",["_name","_prefab","_trs","_parent","_components","_contentSize","_children","_anchorPoint"],2,4,7,1,9,5,2,5],["cc.Node",["_name","_parent","_children","_prefab","_contentSize","_trs","_anchorPoint"],2,1,12,4,5,7,5],["cc.Widget",["_alignFlags","_left","_right","_bottom","_originalWidth","_originalHeight","node"],-3,1],["cc.PrefabInfo",["fileId","root","asset"],2,1,1],["cc.Sprite",["_sizeMode","node","_materials","_spriteFrame"],2,1,3,6],"cc.SpriteFrame",["cc.Prefab",["_name"],2],["2e822PuXo1Et4ruxitsDHX/",["node"],3,1]],[[3,0,1,2,2],[4,1,2,1],[0,0,3,1,2,2],[0,0,3,4,1,5,7,2,2],[1,0,1,2,3,4,6,5,2],[0,0,3,4,1,5,2,2],[1,0,1,2,3,4,5,2],[6,0,2],[0,0,6,4,1,5,2,2],[0,0,3,6,4,1,5,7,2,2],[0,0,3,1,2],[2,0,6,2],[2,0,1,2,3,4,5,6,7],[7,0,1],[3,1,2,1],[4,0,1,2,3,2]],[[[[7,"SceneView4"],[8,"SceneView4",[-4],[[11,45,-2],[13,-3]],[14,-1,0],[5,1080,1920],[540,960,0,0,0,0,1,1,1,1]],[9,"bgImg",1,[-7,-8,-9,-10,-11,-12,-13,-14,-15,-16],[[15,0,-5,[10],11],[12,1,-110,-110,-64,1300,2048,-6]],[0,"ffjrMPN2BC16I0chNA1XBZ",1,0],[5,1300,2048],[0,0.5,1],[0,960,0,0,0,0,1,1,1,1]],[6,"1",2,[[-17,[10,"pos",-18,[0,"817oxJiZJCjIiYkLoQZvmc",1,0]]],1,4],[0,"d2wrg6zKFG44Cwc9ThMOi4",1,0],[5,336,250],[145.255,-641.238,0,0,0,0,1,1,1,1]],[4,"4",2,[[-19,[2,"pos",-20,[0,"0fNahehmNNiYuCd73UtAcR",1,0],[17.656,239.828,0,0,0,0,1,1,1,1]]],1,4],[0,"8cA5rg0NpMy5kDybA9Fqbx",1,0],[5,358,269],[0,0.5,0],[170.462,-1252.676,0,0,0,0,1,1,1,1]],[6,"2",2,[[-21,[2,"pos",-22,[0,"3e3NS3ev5MSqbdfoxPR3aP",1,0],[30.967,-86.514,0,0,0,0,1,1,1,1]]],1,4],[0,"d0/1DzNxhPe4W5Krp6cm18",1,0],[5,206,138],[-318.309,-1509.32,0,0,0,0,1,1,1,1]],[4,"3",2,[[-23,[2,"pos",-24,[0,"a7Bp3sXWFHRYBI/ljxgOnF",1,0],[38.084,-273.856,0,0,0,0,1,1,1,1]]],1,4],[0,"82k1yaH7RIi6oZpTBQj3Hj",1,0],[5,349,177],[0,0.5,1],[176.019,-71.991,0,0,0,0,1,1,1,1]],[4,"6",2,[[-25,[2,"pos",-26,[0,"2c2Pjnok9IPoq12llxfgzU",1,0],[5.259,266.319,0,0,0,0,1,1,1,1]]],1,4],[0,"fcOpai80dHM5o82E4Z1kAN",1,0],[5,180,404],[0,0.5,0],[-366.84,-1285.635,0,0,0,0,1,1,1,1]],[6,"8",2,[[-27,[2,"pos",-28,[0,"08fSj9mx5ItILG3baVZRxG",1,0],[5.174,49.629,0,0,0,0,1,1,1,1]]],1,4],[0,"83LksiHa9IFLg8DwZp7TGj",1,0],[5,122,83],[-349.085,-1408.956,0,0,0,0,1,1,1,1]],[4,"5",2,[[-29,[2,"pos",-30,[0,"f4t1/Wl5dHCLEBgKKU9ftR",1,0],[-1.353,83.841,0,0,0,0,1,1,1,1]]],1,4],[0,"6eUj80NF1DALlEMwiu3HH5",1,0],[5,73,81],[0,0.5,0],[-75.607,-918.219,0,0,0,0,1,1,1,1]],[4,"9",2,[[-31,[2,"pos",-32,[0,"b1J4ux6k5I4Ywx9+pase3a",1,0],[32.601,-343.009,0,0,0,0,1,1,1,1]]],1,4],[0,"8eKaTG6QxL5ptKGlYLhygX",1,0],[5,327,289],[0,0.5,1],[202.891,-1145.461,0,0,0,0,1,1,1,1]],[4,"7",2,[[-33,[2,"pos",-34,[0,"b6IPXB8nxJfJTMWobEbTKJ",1,0],[-3.057,55.508,0,0,0,0,1,1,1,1]]],1,4],[0,"3d556ssRhDBb6GQgLdCy8i",1,0],[5,125,141],[0,0.5,0],[-372.751,-383.032,0,0,0,0,1,1,1,1]],[4,"10",2,[[-35,[2,"pos",-36,[0,"44fudwf7BOWZotNK3OkbM8",1,0],[6.834,86.874,0,0,0,0,1,1,1,1]]],1,4],[0,"88V1uurrNJtYpTJxTX+td4",1,0],[5,121,80],[0,0.5,0],[296.579,-1242.937,0,0,0,0,1,1,1,1]],[5,"room_items_04_01_00",3,[[1,-37,[0]]],[0,"45+pVtQWZIHKgQkmakrVGP",1,0],[5,336,250],[0,0,0,0,0,0,1,2,2,1]],[3,"room_items_04_04_00",4,[[1,-38,[1]]],[0,"c4pWTEtdVK6qeK+Rl3PLA6",1,0],[5,358,269],[0,0.5,0],[0,0,0,0,0,0,1,2,2,1]],[5,"room_items_04_02_00",5,[[1,-39,[2]]],[0,"28LEWYDulCT60vfwk9HHID",1,0],[5,206,138],[0,0,0,0,0,0,1,2,2,1]],[3,"room_items_04_03_00",6,[[1,-40,[3]]],[0,"1ds6iHH9tP7r9fH8VvCT+9",1,0],[5,349,177],[0,0.5,1],[0,0,0,0,0,0,1,2,2,1]],[3,"room_items_04_06_00",7,[[1,-41,[4]]],[0,"dbAPI8nnpJorShAn+jMgzR",1,0],[5,180,404],[0,0.5,0],[0,0,0,0,0,0,1,2,2,1]],[5,"room_items_04_08_00",8,[[1,-42,[5]]],[0,"d3MZQ0yB9By7DUb9qxknEo",1,0],[5,122,83],[0,0,0,0,0,0,1,2,2,1]],[3,"room_items_04_05_00",9,[[1,-43,[6]]],[0,"1dRRN8SExHlqgsfRj3ZVVZ",1,0],[5,73,81],[0,0.5,0],[0,0,0,0,0,0,1,2,2,1]],[3,"room_items_04_09_00",10,[[1,-44,[7]]],[0,"e3o1jvNttKto9vWOLEshmA",1,0],[5,327,289],[0,0.5,1],[0,0,0,0,0,0,1,2,2,1]],[3,"room_items_04_07_00",11,[[1,-45,[8]]],[0,"5aHCTuI3tIQ6zPcBnkUoxs",1,0],[5,125,141],[0,0.5,0],[0,0,0,0,0,0,1,2,2,1]],[3,"room_items_04_10_00",12,[[1,-46,[9]]],[0,"a5aRzpeKZP0YR2Y1xt/qkx",1,0],[5,121,80],[0,0.5,0],[0,0,0,0,0,0,1,2,2,1]]],0,[0,2,1,0,0,1,0,0,1,0,-1,2,0,0,2,0,0,2,0,-1,3,0,-2,4,0,-3,5,0,-4,6,0,-5,7,0,-6,8,0,-7,9,0,-8,10,0,-9,11,0,-10,12,0,-1,13,0,1,3,0,-1,14,0,1,4,0,-1,15,0,1,5,0,-1,16,0,1,6,0,-1,17,0,1,7,0,-1,18,0,1,8,0,-1,19,0,1,9,0,-1,20,0,1,10,0,-1,21,0,1,11,0,-1,22,0,1,12,0,0,13,0,0,14,0,0,15,0,0,16,0,0,17,0,0,18,0,0,19,0,0,20,0,0,21,0,0,22,0,3,1,46],[0,0,0,0,0,0,0,0,0,0,0,0],[-1,-1,-1,-1,-1,-1,-1,-1,-1,-1,-1,4],[0,0,0,0,0,0,0,0,0,0,0,1]],[[{"name":"back_04","rect":[0,0,650,1024],"offset":[0,0],"originalSize":[650,1024],"capInsets":[0,0,0,0]}],[5],0,[0],[5],[2]]]]