[1,["ecpdLyjvZBwrvm+cedCcQy","78eSeeGI5FZqMZ7lA2suLl","1fGWGDxytEtqUcQR4faouI"],["node","_parent","root","maskNode","data","_spriteFrame","_textureSetter"],[["cc.Node",["_name","_prefab","_trs","_components","_contentSize","_parent","_children","_anchorPoint"],2,4,7,9,5,1,2,5],["cc.Node",["_name","_parent","_children","_prefab","_contentSize","_trs","_anchorPoint","_components"],2,1,12,4,5,7,5,9],["cc.Widget",["_alignFlags","_left","_right","_bottom","_originalWidth","_originalHeight","node"],-3,1],["cc.PrefabInfo",["fileId","root","asset"],2,1,1],["cc.Sprite",["_sizeMode","node","_materials","_spriteFrame"],2,1,3,6],"cc.SpriteFrame",["cc.Prefab",["_name"],2],["2e822PuXo1Et4ruxitsDHX/",["node"],3,1],["2e54c1MENlO1IR1noq+RS5i",["node"],3,1],["52deepbQvdCoK2QrKUv69e9",["id","param","node","posList","maskNode","handlers"],1,1,2,1,9],["cc.ClickEvent",["_componentId","handler","customEventData","target"],0,1]],[[3,0,1,2,2],[0,0,5,1,2,2],[4,1,2,1],[0,0,5,3,1,4,2,2],[1,0,1,2,3,4,5,2],[0,0,5,3,1,4,7,2,2],[6,0,2],[0,0,6,3,1,4,2,2],[0,0,5,6,3,1,4,7,2,2],[0,0,5,6,3,1,4,2,2],[1,0,1,2,7,3,4,6,5,2],[1,0,1,2,3,4,6,5,2],[2,0,6,2],[2,0,1,2,3,4,5,6,7],[7,0,1],[3,1,2,1],[4,0,1,2,3,2],[8,0,1],[9,0,1,2,3,4,5,3],[10,0,1,2,3,4]],[[[[6,"SceneView1"],[7,"SceneView1",[-4],[[12,45,-2],[14,-3]],[15,-1,0],[5,1080,1920],[540,960,0,0,0,0,1,1,1,0]],[8,"bgImg",1,[-7,-8,-9,-10,-11,-12,-13,-14,-15,-16],[[16,0,-5,[10],11],[13,1,-110,-110,-64,1300,2048,-6]],[0,"ffjrMPN2BC16I0chNA1XBZ",1,0],[5,1300,2048],[0,0.5,1],[0,960,0,0,0,0,1,1,1,1]],[10,"1",2,[[-18,[1,"pos",-19,[0,"a2A21DarhI2Yy07WRSFmIQ",1,0],[-5.711,216.352,0,0,0,0,1,1,1,1]],-20],1,4,1],[[17,-17]],[0,"2epqI6DedK3bBACZmRToM1",1,0],[5,468,205],[0,0.5,0],[-30.732,-1862.152,0,0,0,0,1,1,1,1]],[9,"New Node",3,[-24],[[18,11,"onBuildClick",-23,[-22],-21,[[19,"2e54c1MENlO1IR1noq+RS5i","onBuildClick","0",3]]]],[0,"17ADc/w6VMD4/RtjsxkhHT",1,0],[5,791,372],[23.658,227.209,0,0,0,0,1,1,1,1]],[4,"2",2,[[-25,[1,"pos",-26,[0,"54FnGSDGZHHomoCbR2NKGp",1,0],[-147.878,-341.069,0,0,0,0,1,1,1,1]]],1,4],[0,"acqsyZppJNUo/pyMCU6Kut",1,0],[5,439,676],[152.624,-722.494,0,0,0,0,1,1,1,1]],[4,"3",2,[[-27,[1,"pos",-28,[0,"70HaN2hXpKwqTUZ504eeLq",1,0],[-105.184,95.436,0,0,0,0,1,1,1,1]]],1,4],[0,"b4ovM0D3NFgKqsXssEXx+f",1,0],[5,492,297],[156.071,-334.845,0,0,0,0,1,1,1,1]],[4,"4",2,[[-29,[1,"pos",-30,[0,"f01A2hrNlEzr9GuulTvjML",1,0],[-49.456,-63.27,0,0,0,0,1,1,1,1]]],1,4],[0,"34M1Dk72tDj5jW7eKwnyDW",1,0],[5,89,148],[355.398,-275.79,0,0,0,0,1,1,1,1]],[4,"5",2,[[-31,[1,"pos",-32,[0,"7e/gexly5K+bARXdjBf46i",1,0],[-12.157,-190.085,0,0,0,0,1,1,1,1]]],1,4],[0,"2efjt0jwBDzZsMKh4sX9ae",1,0],[5,150,318],[29.579,-650.658,0,0,0,0,1,1,1,1]],[4,"6",2,[[-33,[1,"pos",-34,[0,"aacCJoNaRKoahkyI5NXDe2",1,0],[-97.944,-25.971,0,0,0,0,1,1,1,1]]],1,4],[0,"9dmR9smHxNWqQClLx8ex89",1,0],[5,163,235],[409.887,-849.263,0,0,0,0,1,1,1,1]],[4,"7",2,[[-35,[1,"pos",-36,[0,"283i3uZEpKa6QFnlXFUot/",1,0],[-5.949,-57.735,0,0,0,0,1,1,1,1]]],1,4],[0,"e8fAxu+J5Lwbgr3C9hYZHU",1,0],[5,134,111],[-94.535,-425.07,0,0,0,0,1,1,1,1]],[4,"8",2,[[-37,[1,"pos",-38,[0,"141+VxG1xOWJ5wsAFuMAxr",1,0],[-51.088,123.279,0,0,0,0,1,1,1,1]]],1,4],[0,"31uCdRQLpHs7D70V03VsGB",1,0],[5,276,385],[-250.557,-1034.64,0,0,0,0,1,1,1,1]],[11,"9",2,[[-39,[1,"pos",-40,[0,"a6lImvcLZO1ok2JjmCs9Ua",1,0],[-119.572,183.661,0,0,0,0,1,1,1,1]]],1,4],[0,"acV18RsLhDV6MnqbaZzbKS",1,0],[5,206,168],[0,0.5,0],[376.082,-1453.762,0,0,0,0,1,1,1,1]],[4,"10",2,[[-41,[1,"pos",-42,[0,"37WykxsUBFQ6pESE3G6TyE",1,0],[-217.294,-31.664,0,0,0,0,1,1,1,1]]],1,4],[0,"94PxvA3/1Cm61zY9P8Tocw",1,0],[5,394,182],[-167.273,-1298.443,0,0,0,0,1,1,1,1]],[3,"pic",5,[[2,-43,[0]]],[0,"4a54Av5bZGUqX8cyH/dDGf",1,0],[5,439,676],[0,0,0,0,0,0,1,2,2,1]],[3,"pic",6,[[2,-44,[1]]],[0,"83El8DwnRAwqj2ItfF8ZeI",1,0],[5,492,297],[0,0,0,0,0,0,1,2,2,1]],[3,"pic",7,[[2,-45,[2]]],[0,"3fkBAUxjdAe6VjU5IXfxih",1,0],[5,89,148],[0,0,0,0,0,0,1,2,2,1]],[3,"pic",8,[[2,-46,[3]]],[0,"8aOLM3yihHqbW96KlxJZRw",1,0],[5,150,318],[0,0,0,0,0,0,1,2,2,1]],[3,"pic",9,[[2,-47,[4]]],[0,"e5fec4Iz5AVZt1L44TLI1o",1,0],[5,163,235],[0,0,0,0,0,0,1,2,2,1]],[3,"pic",10,[[2,-48,[5]]],[0,"f0tZWvbCtNoqCAjPB5/+3e",1,0],[5,134,111],[0,0,0,0,0,0,1,2,2,1]],[3,"pic",11,[[2,-49,[6]]],[0,"2ei0agu31BqKgJI3ipSbdM",1,0],[5,276,385],[0,0,0,0,0,0,1,2,2,1]],[5,"pic",12,[[2,-50,[7]]],[0,"69T4Sf4W5NU7UoDtgU5gSH",1,0],[5,165,109],[0,0.5,0],[0,0,0,0,0,0,1,2,2,1]],[3,"pic",13,[[2,-51,[8]]],[0,"fcPKUF3+BPV7BAqXwAkeU8",1,0],[5,394,182],[0,0,0,0,0,0,1,2,2,1]],[5,"pic",3,[[2,-52,[9]]],[0,"27GD+6YyhIZa8lnUEiwNKH",1,0],[5,468,205],[0,0.5,0],[0,0,0,0,0,0,1,2.2,2.2,1]],[1,"New Node",4,[0,"56nuSgB+tK0p3MEy5Ypz/J",1,0],[60.629,-50.019,0,0,0,0,1,1,1,1]]],0,[0,2,1,0,0,1,0,0,1,0,-1,2,0,0,2,0,0,2,0,-1,5,0,-2,6,0,-3,7,0,-4,8,0,-5,9,0,-6,10,0,-7,11,0,-8,12,0,-9,13,0,-10,3,0,0,3,0,-1,23,0,1,3,0,-3,4,0,3,4,0,-1,24,0,0,4,0,-1,24,0,-1,14,0,1,5,0,-1,15,0,1,6,0,-1,16,0,1,7,0,-1,17,0,1,8,0,-1,18,0,1,9,0,-1,19,0,1,10,0,-1,20,0,1,11,0,-1,21,0,1,12,0,-1,22,0,1,13,0,0,14,0,0,15,0,0,16,0,0,17,0,0,18,0,0,19,0,0,20,0,0,21,0,0,22,0,0,23,0,4,1,52],[0,0,0,0,0,0,0,0,0,0,0,0],[-1,-1,-1,-1,-1,-1,-1,-1,-1,-1,-1,5],[0,0,0,0,0,0,0,0,0,0,0,1]],[[{"name":"back_01","rect":[0,0,650,1024],"offset":[0,0],"originalSize":[650,1024],"capInsets":[0,0,0,0]}],[5],0,[0],[6],[2]]]]