[1,["ecpdLyjvZBwrvm+cedCcQy","6bLJhxOZhOoYWNT8iyt3WS","a2MjXRFdtLlYQ5ouAFv/+R","a9EB1mkQlLnLtoSCMte3F3","73n6FybnxMP5SR44Hcgcjo","258Xvs93VOQbnwf/LG8htQ","d6d1o/mHhHc7aJAX+QfnsE","53vN9PQQtGVIhgCm2xXX1a","e996P+Zf9G9p0Qf/dRyg99"],["node","_spriteFrame","_textureSetter","root","label","data"],[["cc.Node",["_name","_opacity","_prefab","_components","_contentSize","_trs","_parent","_children","_color","_anchorPoint"],1,4,9,5,7,1,2,5,5],"cc.SpriteFrame",["cc.Sprite",["_type","_sizeMode","node","_materials","_spriteFrame"],1,1,3,6],["cc.Label",["_string","_styleFlags","_N$horizontalAlign","_N$verticalAlign","_fontSize","_lineHeight","node","_materials"],-3,1,3],["cc.Widget",["_alignFlags","_originalWidth","_originalHeight","node"],0,1],["cc.PrefabInfo",["fileId","root","asset"],2,1,1],["cc.LabelOutline",["_width","node","_color"],2,1,5],["cc.Prefab",["_name"],2],["cc.Node",["_name","_parent","_components","_prefab","_contentSize","_anchorPoint","_trs"],2,1,12,4,5,5,7],["cc.BlockInputEvents",["node"],3,1],["008382AtQBBL6tP7e6mo/7u",["node","label"],3,1,1],["39a0bwOl7BLMrgO2KSWnlQ8",["node"],3,1],["402e5u5iilMuKgwl+GBNTjo",["node"],3,1],["cc.Button",["_N$transition","node","clickEvents"],2,1,9],["cc.ClickEvent",["_componentId","handler","target"],1,1],["339bcmA25RDwY0A+HoW+jmX",["node"],3,1]],[[5,0,1,2,2],[0,0,6,7,3,2,4,5,2],[0,0,6,3,2,4,9,5,2],[6,1,2,1],[0,0,6,3,2,4,5,2],[2,0,1,2,3,4,3],[2,2,3,4,1],[13,0,1,2,2],[14,0,1,2,3],[15,0,1],[3,0,1,2,3,6,7,5],[7,0,2],[0,0,7,3,2,4,5,2],[0,0,6,7,2,5,2],[0,0,1,6,3,2,8,4,3],[8,0,1,2,3,4,5,6,2],[4,0,3,2],[4,0,1,2,3,4],[9,0,1],[10,0,1,1],[11,0,1],[12,0,1],[5,1,2,1],[2,0,2,3,4,2],[2,1,2,3,4,2],[3,0,4,5,1,2,3,6,7,7],[3,0,4,1,2,3,6,7,6],[6,0,1,2,2]],[[[{"name":"button_red","rect":[823,461,197,80],"offset":[0,0],"originalSize":[197,80],"capInsets":[36,37,37,41]}],[1],0,[0],[2],[1]],[[{"name":"gem","rect":[942,1280,81,76],"offset":[0,0],"originalSize":[81,76],"capInsets":[0,0,0,0]}],[1],0,[0],[2],[1]],[[{"name":"btns2","rect":[595,1005,197,80],"offset":[0,0],"originalSize":[197,80],"capInsets":[50,34,50,42]}],[1],0,[0],[2],[1]],[[{"name":"font1","rect":[515,1,586,164],"offset":[0,0],"originalSize":[588,164],"capInsets":[290,0,290,0]}],[1],0,[0],[2],[1]],[[[11,"InstallAppView"],[12,"InstallAppView",[-8,-9],[[16,45,-2],[18,-3],[19,-5,-4],[20,-6],[21,-7]],[22,-1,0],[5,1080,1920],[540,960,0,0,0,0,1,1,1,1]],[13,"content",1,[-10,-11,-12,-13,-14,-15],[0,"5f9GEehKxJ7oypThVn1tW7",1,0],[0,-89.348,0,0,0,0,1,1,1,1]],[1,"yes_btn",2,[-19],[[23,1,-16,[6],7],[7,3,-17,[[8,"008382AtQBBL6tP7e6mo/7u","onInstallAppButtonRightClick",1]]],[9,-18]],[0,"30qotq+ExCwL+B71bKNh7z",1,0],[5,197,80],[194.491,-22.404,0,0,0,0,1,1.4,1.4,0]],[1,"no_btn",2,[-23],[[5,1,0,-20,[9],10],[7,3,-21,[[8,"008382AtQBBL6tP7e6mo/7u","onInstallAppButtonLeftClick",1]]],[9,-22]],[0,"c5w32fEldJS6jC/r55Cf1L",1,0],[5,197,80],[-167.931,-22.315,0,0,0,0,1,1.4,1.4,0]],[14,"New Sprite(Splash)",150,1,[[24,0,-24,[0],1],[17,45,1280,720,-25]],[0,"c7EaZhwGpEXJqFLl9LPYzl",1,0],[4,4278190080],[5,1080,1920]],[1,"install_title",2,[-27],[[5,1,0,-26,[3],4]],[0,"e7vTBW/9pDE6oBS4/YRP0x",1,0],[5,640,164],[0,457.383,0,0,0,0,1,1,1,1]],[2,"no",6,[[25,"是否添加到桌面",60,60,1,1,1,-28,[2]],[27,5,-29,[4,4278216147]]],[0,"05Cr15TJlF4ZfuUatX7mD1",1,0],[5,430,85.6],[0,0,0],[-211.339,-10.676,0,0,0,0,1,1,1,1]],[2,"no",3,[[10,"确定",1,1,1,-30,[5]],[3,-31,[4,4283587962]]],[0,"8dbgqmW71F77lJIAtvMneO",1,0],[5,82,52.4],[0,0,0.5],[-36.85,4.902,0,0,0,0,1,1,1,1]],[2,"no",4,[[10,"取消",1,1,1,-32,[8]],[3,-33,[4,4283587962]]],[0,"c3Zs/u9LhJfItRfiw6M7TL",1,0],[5,82,52.4],[0,0,0.5],[-40.183,4.902,0,0,0,0,1,1,1,1]],[15,"New Label",2,[[-34,[3,-35,[4,4283587962]]],1,4],[0,"57l0HhQP9ORYetcnEBFVBg",1,0],[5,137.15,52.4],[0,0,0.5],[-30.578,146.115,0,0,0,0,1,1,1,1]],[4,"icon2",2,[[6,-36,[11],12]],[0,"43aZqgE49Pg7vC1soaEoOP",1,0],[5,124,124],[0,311.698,0,0,0,0,1,1,1,1]],[4,"gem",2,[[6,-37,[13],14]],[0,"1eSle/+OlNFpk/PpBBZCdl",1,0],[5,81,76],[-72.208,147.216,0,0,0,0,1,1,1,1]],[26,"+100",60,1,1,1,10,[15]]],0,[0,3,1,0,0,1,0,0,1,0,4,13,0,0,1,0,0,1,0,0,1,0,-1,5,0,-2,2,0,-1,6,0,-2,3,0,-3,4,0,-4,11,0,-5,12,0,-6,10,0,0,3,0,0,3,0,0,3,0,-1,8,0,0,4,0,0,4,0,0,4,0,-1,9,0,0,5,0,0,5,0,0,6,0,-1,7,0,0,7,0,0,7,0,0,8,0,0,8,0,0,9,0,0,9,0,-1,13,0,0,10,0,0,11,0,0,12,0,5,1,37],[0,0,0,0,0,0,0,0,0,0,0,0,0,0,0,0],[-1,1,-1,-1,1,-1,-1,1,-1,-1,1,-1,1,-1,1,-1],[0,2,0,0,3,0,0,4,0,0,5,0,6,0,7,0]],[[{"name":"icon2","rect":[0,0,124,124],"offset":[0,0],"originalSize":[124,124],"capInsets":[0,0,0,0]}],[1],0,[0],[2],[8]]]]