{
  "__type__": "cc.SpriteFrame",
  "content": {
    "name": "guanbi",
    "atlas": "",
    "rect": {
      "x": 2,
      "y": 1,
      "width": 91,
      "height": 92
    },
    "offset": {
      "x": 0,
      "y": 0
    },
    "originalSize": {
      "width": 95,
      "height": 94
    },
    "rotated": false,
    "capInsets": [
      0,
      0,
      0,
      0
    ],
    "vertices": {
      "rawPosition": [
        -45.5,
        -46,
        0,
        45.5,
        -46,
        0,
        -45.5,
        46,
        0,
        45.5,
        46,
        0
      ],
      "indexes": [
        0,
        1,
        2,
        2,
        1,
        3
      ],
      "uv": [
        2,
        93,
        93,
        93,
        2,
        1,
        93,
        1
      ],
      "nuv": [
        0.021052631578947368,
        0.010638297872340425,
        0.9789473684210527,
        0.010638297872340425,
        0.021052631578947368,
        0.9893617021276596,
        0.9789473684210527,
        0.9893617021276596
      ],
      "minPos": {
        "x": -45.5,
        "y": -46,
        "z": 0
      },
      "maxPos": {
        "x": 45.5,
        "y": 46,
        "z": 0
      }
    },
    "texture": "d518cf07-fa37-4359-ae3f-f807d5413bb2@6c48a",
    "packable": true,
    "pixelsToUnit": 100,
    "pivot": {
      "x": 0.5,
      "y": 0.5
    },
    "meshType": 0
  }
}