{
  "__type__": "cc.SpriteFrame",
  "content": {
    "name": "plus",
    "atlas": "",
    "rect": {
      "x": 0,
      "y": 0,
      "width": 33,
      "height": 33
    },
    "offset": {
      "x": 0,
      "y": 0
    },
    "originalSize": {
      "width": 33,
      "height": 33
    },
    "rotated": false,
    "capInsets": [
      0,
      0,
      0,
      0
    ],
    "vertices": {
      "rawPosition": [
        -16.5,
        -16.5,
        0,
        16.5,
        -16.5,
        0,
        -16.5,
        16.5,
        0,
        16.5,
        16.5,
        0
      ],
      "indexes": [
        0,
        1,
        2,
        2,
        1,
        3
      ],
      "uv": [
        0,
        33,
        33,
        33,
        0,
        0,
        33,
        0
      ],
      "nuv": [
        0,
        0,
        1,
        0,
        0,
        1,
        1,
        1
      ],
      "minPos": {
        "x": -16.5,
        "y": -16.5,
        "z": 0
      },
      "maxPos": {
        "x": 16.5,
        "y": 16.5,
        "z": 0
      }
    },
    "texture": "d98b1f43-4f65-4d8b-a5b0-867e9489ff6a@6c48a",
    "packable": true,
    "pixelsToUnit": 100,
    "pivot": {
      "x": 0.5,
      "y": 0.5
    },
    "meshType": 0
  }
}