[1,["ecpdLyjvZBwrvm+cedCcQy","6bLJhxOZhOoYWNT8iyt3WS","b04xSdA0NNx7RxvlD8F+bB","f93d7fxthM+IAma5RwPtqQ","bbEU55Z9hFUow5lCy+1UML","91hl+c0O9P6qpiV1orkLaA","3bbDGxnl5Pwr3z8rIIYXmF"],["_spriteFrame","_textureSetter","node","root","star","mask","time","freeze","energy","icon","data"],["cc.SpriteFrame",["cc.Sprite",["_sizeMode","_type","_fillType","_fillStart","node","_materials","_spriteFrame","_fillCenter"],-1,1,3,6,5],["cc.Node",["_name","_parent","_components","_prefab","_contentSize","_trs","_eulerAngles"],2,1,2,4,5,7,5],["cc.Node",["_name","_children","_components","_prefab","_contentSize","_parent","_trs"],2,2,9,4,5,1,7],["cc.Node",["_name","_parent","_components","_prefab","_contentSize","_trs"],2,1,12,4,5,7],["cc.PrefabInfo",["fileId","root","asset"],2,1,1],["cc.Prefab",["_name"],2],["410aeBonTJLTK7Co4GDmJw4",["node","icon","energy","freeze","time","mask","star"],3,1,1,1,1,1,1,1],["cc.Widget",["_alignFlags","_left","_right","_top","_bottom","_originalWidth","_originalHeight","node"],-4,1],["fad3e88g/JI2b7P+MLMnRob",["node"],3,1],["cc.ProgressBar",["_N$mode","_N$progress","_N$reverse","node","_N$barSprite"],0,1,1]],[[5,0,1,2,2],[1,0,4,5,2],[6,0,2],[3,0,1,2,3,4,2],[3,0,5,1,2,3,4,6,2],[4,0,1,2,3,4,2],[4,0,1,2,3,4,5,2],[2,0,1,2,3,4,5,6,2],[2,0,1,2,3,4,2],[2,0,1,2,3,4,5,2],[7,0,1,2,3,4,5,6,1],[5,1,2,1],[1,0,4,5,6,2],[1,4,5,1],[1,1,0,2,3,4,5,7,5],[8,0,1,2,3,4,5,6,7,8],[9,0,1],[10,0,1,2,3,4,4]],[[[{"name":"energy","rect":[751,1187,59,77],"offset":[0,0],"originalSize":[59,77],"rotated":1,"capInsets":[0,0,0,0]}],[0],0,[0],[1],[1]],[[[2,"FoodItemView"],[3,"FoodItemView",[-9,-10,-11,-12,-13],[[10,-8,-7,-6,-5,-4,-3,-2]],[11,-1,0],[5,140,140]],[4,"time",1,[-15],[[12,0,-14,[3],4]],[0,"aaSpxYalFAR5VwRI6OvVnw",1,0],[5,54,58],[44.874,-42.318,0,0,0,0,1,1,1,1]],[5,"bubbleMERGER",1,[[-16,[15,45,-2.5,-2.5,-2.5,-2.5,268,293,-17]],1,4],[0,"1cfPATjWtGyYw5QNzLA6wB",1,0],[5,145,145]],[7,"progressBar",2,[-18,-19],[0,"89LB8YtgVDLJpWWM3w4RmG",1,0],[5,37,37],[0,0,0,0,0,0.7071067811865475,0.7071067811865476,1,1,1],[1,0,0,90]],[6,"energy",1,[[-20,[16,-21]],1,4],[0,"25VDA1pypAPaj+wgEs7fwE",1,0],[5,59,77],[37.805,-26.568,0,0,0,0,1,0.8,0.8,1]],[8,"icon",1,[-22],[0,"3e9Ch8ogxKl6HdgN7ws8rN",1,0],[5,40,36]],[13,6,[0]],[1,0,3,[1]],[14,3,0,2,1,4,[2],[0,0.5,0.5]],[17,2,0,true,4,9],[9,"img_ui_onboarding_star64",1,[-23],[0,"82MqUjbfJIJ7gDr55D/gu6",1,0],[5,56,53],[-44.595,-45.282,0,0,0,0,1,1,1,1]],[1,0,11,[5]],[1,0,5,[6]]],0,[0,3,1,0,4,12,0,5,10,0,6,2,0,7,8,0,8,13,0,9,7,0,2,1,0,-1,6,0,-2,3,0,-3,2,0,-4,11,0,-5,5,0,2,2,0,-1,4,0,-1,8,0,2,3,0,-1,9,0,-2,10,0,-1,13,0,2,5,0,-1,7,0,-1,12,0,10,1,23],[0,0,0,0,0,0,0,8,9,12,13],[-1,-1,-1,-1,0,-1,-1,0,0,0,0],[0,0,0,0,2,0,0,3,4,5,6]],[[{"name":"img_ui_coincollector_paginator_star_big","rect":[1107,1554,56,53],"offset":[0,0],"originalSize":[56,53],"capInsets":[0,0,0,0]}],[0],0,[0],[1],[1]],[[{"name":"st1","rect":[1168,1228,54,58],"offset":[0,0],"originalSize":[54,58],"rotated":1,"capInsets":[0,0,0,0]}],[0],0,[0],[1],[1]],[[{"name":"st","rect":[1107,1515,37,37],"offset":[0,0],"originalSize":[37,37],"capInsets":[0,0,0,0]}],[0],0,[0],[1],[1]]]]