[1,["ecpdLyjvZBwrvm+cedCcQy","calGTc/VBHrZCjb7XzuR+1","c2LKBJSRdO0pFwBCdYRGwF","adnFwSZDJDDLxaJ6NtDfDN","62ZzMQa7NMNLjOnKVP5VSG","0dMccPbQ1GCLpeSmAuSzyb","aapkBO2b1LOaqaw6IieK7i"],["node","_spriteFrame","_textureSetter","root","progressBar","tipLabel","data"],[["cc.Widget",["_alignFlags","_bottom","_horizontalCenter","_top","_originalHeight","node"],-2,1],["cc.Node",["_name","_components","_prefab","_contentSize","_trs","_parent","_children"],2,9,4,5,7,1,2],["cc.Sprite",["_sizeMode","_type","node","_materials","_spriteFrame"],1,1,3,6],"cc.SpriteFrame",["cc.Node",["_name","_parent","_components","_prefab","_contentSize","_trs","_children"],2,1,12,4,5,7,2],["cc.PrefabInfo",["fileId","root","asset"],2,1,1],["cc.Label",["_string","_fontSize","_N$horizontalAlign","_lineHeight","_N$overflow","_styleFlags","_N$verticalAlign","node","_materials"],-4,1,3],["cc.Prefab",["_name"],2],["cc.Node",["_name","_parent","_components","_prefab","_contentSize","_anchorPoint","_trs"],2,1,2,4,5,5,7],["fdbe9YVc0lOIZGLt3FbK0pE",["node","tipLabel","progressBar"],3,1,1,1],["cc.LabelOutline",["_width","node","_color"],2,1,5],["cc.ProgressBar",["_N$totalLength","_N$progress","node","_N$barSprite"],1,1,1]],[[5,0,1,2,2],[1,0,5,1,2,3,4,2],[0,0,1,5,3],[2,0,2,3,4,2],[7,0,2],[1,0,6,1,2,3,4,2],[1,0,5,1,2,3,2],[4,0,1,6,2,3,4,5,2],[4,0,1,2,3,4,5,2],[8,0,1,2,3,4,5,6,2],[0,0,5,2],[0,0,1,2,5,4],[0,0,3,1,4,5,5],[9,0,1,2,1],[5,1,2,1],[2,1,0,2,3,4,3],[2,1,0,2,3,3],[10,0,1,2,2],[6,0,1,3,2,4,7,8,6],[6,0,1,5,2,6,7,8,6],[11,0,1,2,3,3]],[[[{"name":"img_ui_coincollector_progress_bar_fill","rect":[0,0,69,53],"offset":[0,0],"originalSize":[69,53],"capInsets":[32,0,32,0]}],[3],0,[0],[2],[1]],[[[4,"LoadingView"],[5,"LoadingView",[-6,-7,-8,-9,-10],[[10,45,-2],[13,-5,-4,-3]],[14,-1,0],[5,1080,1920],[540,960,0,0,0,0,1,1,1,1]],[7,"progressBar",1,[-14],[[[15,1,0,-11,[6],7],-12,[11,20,329.48,12.258,-13]],4,1,4],[0,"a5WrW8EDhOQZ6VCIusM33H",1,0],[5,500,54],[12.258,-603.52,0,0,0,0,1,1,1,1]],[8,"New Label",1,[[-15,[2,20,390.18399999999997,-16],[17,2,-17,[4,4291305843]]],1,4,4],[0,"9fGsdljaVNbbvGToHvynlO",1,0],[5,98.03,54.4],[0,-542.616,0,0,0,0,1,1,1,1]],[6,"TitleScreenBgFlat",1,[[3,0,-18,[0],1],[12,5,-64,-64,2048,-19]],[0,"81KYCmnTFOVL7ba+shOrqd",1,0],[5,2048,2048]],[1,"New Label",1,[[18,"抵制不良游戏，拒绝盗版游戏。\n注意自我保护，谨防受骗上当。\n适度游戏益脑，沉迷游戏伤身。\n合理安排时间，享受健康生活。\n著作权人：北京旺兔航天科技有限公司\n认证号：2023SA0056080\n适龄提示：8+",28,32,1,3,-20,[8]],[2,4,16,-21]],[0,"a2OJoBgJxCLrgHIKECMZ5M",1,0],[5,500,232.32],[0,-827.84,0,0,0,0,1,1,1,1]],[19,"Label",36,1,1,1,3,[2]],[1,"logo",1,[[3,2,-22,[3],4]],[0,"54ZTodkGZFBa0+94prtE0W",1,0],[5,512,227],[0,480.089,0,0,0,0,1,1.4,1.4,1]],[9,"bar",2,[-23],[0,"d1oQdJZ+5Cz4+WllZZpr3U",1,0],[5,500,53],[0,0,0.5],[-252.535,0,0,0,0,0,1,1,1,1]],[16,1,0,8,[5]],[20,300,0.5,2,9]],0,[0,3,1,0,0,1,0,4,10,0,5,6,0,0,1,0,-1,4,0,-2,3,0,-3,7,0,-4,2,0,-5,5,0,0,2,0,-2,10,0,0,2,0,-1,8,0,-1,6,0,0,3,0,0,3,0,0,4,0,0,4,0,0,5,0,0,5,0,0,7,0,-1,9,0,6,1,23],[0,0,0,0,0,0,0,0,0,9],[-1,1,-1,-1,1,-1,-1,1,-1,1],[0,2,0,0,3,0,0,4,0,5]],[[{"name":"img_ui_coincollector_progress_bar_bg","rect":[0,0,77,54],"offset":[0,0],"originalSize":[77,54],"capInsets":[34,0,34,0]}],[3],0,[0],[2],[6]]]]