[1,["0b3pZuJ21MOLqFeXZobV/L","79LNh70sNEIJnEYlSKnJeF","7a7mTy9KBNxa/sfG2MORzL","30Z6anMF5C7rJU3B+EgyxH","2aEKPUjwpN8qSgcqzq7250","78Y89F7KlItKu9vJRtOpf4","a9bAGU8L9JvrelIf6DyKKQ","d59MTTgtBBqbjBUUWzLSNe","9fe1sveXNKf4fckNT4vUon","5bkoQUbUxO25GjMzPAjI0H","d2q1nAqaJJ27EMbO0Mb5dW","15sFo8mTZPman6tlEnOcjV","098v37eNBE7ofO/PevYc5h","124Xi9WFFI7am9KLg40EF8","24hKS/QaZPA5iRYoLhldLz","5ejJMyTOVL25ARZRDAIlhk","fad+6hEHlNmZTjgaImOR3G","30xO8U9OJDBI/OVv4oka1S"],["_textureSetter","Edwina_Cash_Dash_Rig_14","Edwina_Cash_Dash_Rig_18","Edwina_Cash_Dash_Rig_25","Edwina_Cash_Dash_Rig_47","coin-chest","energy-chest","freeItemChest","grocerystage2","img_ui_coincollector_banner","img_ui_coincollector_coin_bg","img_ui_coincollector_progress_bar_fill","special10","special4","special5","special6","special7","special9"],["cc.SpriteFrame",["cc.SpriteAtlas",["_name","_spriteFrames"],2,11]],[[1,0,1,2]],[[[{"name":"special10","rect":[346,1,192,156],"offset":[0,8],"originalSize":[192,192],"rotated":1,"capInsets":[0,0,0,0]}],[0],0,[0],[0],[0]],[[{"name":"special4","rect":[201,515,154,150],"offset":[0,-1],"originalSize":[158,158],"rotated":1,"capInsets":[0,0,0,0]}],[0],0,[0],[0],[0]],[[{"name":"img_ui_coincollector_progress_bar_fill","rect":[1,515,449,32],"offset":[0,0],"originalSize":[449,32],"rotated":1,"capInsets":[0,0,0,0]}],[0],0,[0],[0],[0]],[[{"name":"special5","rect":[35,515,164,158],"offset":[-1,-3],"originalSize":[172,172],"capInsets":[0,0,0,0]}],[0],0,[0],[0],[0]],[[{"name":"Edwina_Cash_Dash_Rig_47","rect":[327,789,94,39],"offset":[0,0],"originalSize":[94,39],"capInsets":[0,0,0,0]}],[0],0,[0],[0],[0]],[[{"name":"Edwina_Cash_Dash_Rig_25","rect":[445,758,93,57],"offset":[0,0],"originalSize":[93,57],"rotated":1,"capInsets":[0,0,0,0]}],[0],0,[0],[0],[0]],[[{"name":"special9","rect":[353,507,154,142],"offset":[1,0],"originalSize":[158,158],"rotated":1,"capInsets":[0,0,0,0]}],[0],0,[0],[0],[0]],[[{"name":"special6","rect":[35,675,158,160],"offset":[1,1],"originalSize":[166,166],"capInsets":[0,0,0,0]}],[0],0,[0],[0],[0]],[[{"name":"coin-chest","rect":[35,837,119,119],"offset":[-1,0],"originalSize":[121,121],"capInsets":[0,0,0,0]}],[0],0,[0],[0],[0]],[[{"name":"Edwina_Cash_Dash_Rig_14","rect":[445,663,93,57],"offset":[0,0],"originalSize":[93,57],"rotated":1,"capInsets":[0,0,0,0]}],[0],0,[0],[0],[0]],[[{"name":"Edwina_Cash_Dash_Rig_18","rect":[391,853,101,64],"offset":[0,0],"originalSize":[101,64],"capInsets":[0,0,0,0]}],[0],0,[0],[0],[0]],[[[0,"special.plist",[{},"Edwina_Cash_Dash_Rig_14",6,0,"Edwina_Cash_Dash_Rig_18",6,1,"Edwina_Cash_Dash_Rig_25",6,2,"Edwina_Cash_Dash_Rig_47",6,3,"coin-chest",6,4,"energy-chest",6,5,"freeItemChest",6,6,"grocerystage2",6,7,"img_ui_coincollector_banner",6,8,"img_ui_coincollector_coin_bg",6,9,"img_ui_coincollector_progress_bar_fill",6,10,"special10",6,11,"special4",6,12,"special5",6,13,"special6",6,14,"special7",6,15,"special9",6,16]]],0,0,[0,0,0,0,0,0,0,0,0,0,0,0,0,0,0,0,0],[1,2,3,4,5,6,7,8,9,10,11,12,13,14,15,16,17],[1,2,3,4,5,6,7,8,9,10,11,12,13,14,15,16,17]],[[{"name":"grocerystage2","rect":[327,671,116,116],"offset":[0,1],"originalSize":[120,120],"capInsets":[0,0,0,0]}],[0],0,[0],[0],[0]],[[{"name":"energy-chest","rect":[274,845,119,115],"offset":[0,1],"originalSize":[121,121],"rotated":1,"capInsets":[0,0,0,0]}],[0],0,[0],[0],[0]],[[{"name":"freeItemChest","rect":[156,845,116,120],"offset":[0,0],"originalSize":[120,120],"capInsets":[0,0,0,0]}],[0],0,[0],[0],[0]],[[{"name":"special7","rect":[195,675,168,130],"offset":[0,0],"originalSize":[170,170],"rotated":1,"capInsets":[0,0,0,0]}],[0],0,[0],[0],[0]]]]