[1,["ecpdLyjvZBwrvm+cedCcQy","5aajerEURMyb28WLsNL/Hy","d6mQ29brJDqZ61bkllIZD7"],["node","_parent","root","data","_spriteFrame","_textureSetter"],[["cc.Node",["_name","_prefab","_trs","_parent","_components","_contentSize","_anchorPoint","_children"],2,4,7,1,9,5,5,2],["cc.Node",["_name","_parent","_children","_prefab","_contentSize","_trs","_anchorPoint"],2,1,12,4,5,7,5],["cc.Widget",["_alignFlags","_left","_right","_bottom","_originalHeight","node"],-2,1],["cc.PrefabInfo",["fileId","root","asset"],2,1,1],["cc.Sprite",["_sizeMode","node","_materials","_spriteFrame"],2,1,3,6],"cc.SpriteFrame",["cc.Prefab",["_name"],2],["2e822PuXo1Et4ruxitsDHX/",["node"],3,1]],[[3,0,1,2,2],[4,1,2,1],[0,0,3,1,2,2],[0,0,3,4,1,5,2,2],[1,0,1,2,3,4,5,2],[1,0,1,2,3,4,6,5,2],[0,0,3,4,1,5,6,2,2],[6,0,2],[0,0,7,4,1,5,2,2],[0,0,3,7,4,1,5,6,2,2],[0,0,3,1,6,2,2],[2,0,5,2],[2,0,1,2,3,4,5,6],[7,0,1],[3,1,2,1],[4,0,1,2,3,2]],[[[[7,"SceneView6"],[8,"SceneView6",[-4],[[11,45,-2],[13,-3]],[14,-1,0],[5,1080,1920],[540,960,0,0,0,0,1,1,1,1]],[9,"bgImg",1,[-7,-8,-9,-10,-11,-12,-13,-14,-15,-16],[[15,0,-5,[10],11],[12,1,-110,-110,-64,2048,-6]],[0,"ffjrMPN2BC16I0chNA1XBZ",1,0],[5,1300,2048],[0,0.5,1],[0,960,0,0,0,0,1,1,1,1]],[4,"1",2,[[-17,[2,"pos",-18,[0,"55JoLm9KlKEqcElD3aLVtF",1,0],[-22.469,14.949,0,0,0,0,1,1,1,1]]],1,4],[0,"d2wrg6zKFG44Cwc9ThMOi4",1,0],[5,421,373],[319.632,-1735.301,0,0,0,0,1,1,1,1]],[5,"4",2,[[-19,[2,"pos",-20,[0,"f1EVjfNVpCP6J48AUPMz6z",1,0],[-45.567,166.238,0,0,0,0,1,1,1,1]]],1,4],[0,"8cA5rg0NpMy5kDybA9Fqbx",1,0],[5,167,174],[0,0.5,0],[-368.307,-1018.713,0,0,0,0,1,1,1,1]],[4,"2",2,[[-21,[2,"pos",-22,[0,"1cXqzaQRtJXZTK8BcWhb/W",1,0],[-22.469,14.949,0,0,0,0,1,1,1,1]]],1,4],[0,"d0/1DzNxhPe4W5Krp6cm18",1,0],[5,546,325],[-160.468,-375.917,0,0,0,0,1,1,1,1]],[5,"3",2,[[-23,[2,"pos",-24,[0,"3fRHzr5khKxroy9UNKSVsV",1,0],[-10.275,-230.68,0,0,0,0,1,1,1,1]]],1,4],[0,"82k1yaH7RIi6oZpTBQj3Hj",1,0],[5,72,256],[0,0.5,1],[-128.338,-445.717,0,0,0,0,1,1,1,1]],[4,"7",2,[[-25,[2,"pos",-26,[0,"d9nO5ygDVGPoZ8wr310eVr",1,0],[-22.469,14.949,0,0,0,0,1,1,1,1]]],1,4],[0,"3d556ssRhDBb6GQgLdCy8i",1,0],[5,216,201],[372.264,-876.366,0,0,0,0,1,1,1,1]],[4,"8",2,[[-27,[2,"pos",-28,[0,"d5l/veRe9DDYOk03cbawe7",1,0],[-22.469,14.949,0,0,0,0,1,1,1,1]]],1,4],[0,"83LksiHa9IFLg8DwZp7TGj",1,0],[5,224,206],[127.007,-1096.459,0,0,0,0,1,1,1,1]],[5,"6",2,[[-29,[10,"pos",-30,[0,"b2mZMrFINAT6yaRAsPm6mN",1,0],[0,0.5,0],[-15.469,63.949,0,0,0,0,1,1,1,1]]],1,4],[0,"fcOpai80dHM5o82E4Z1kAN",1,0],[5,102,75],[0,0.5,0],[-81.205,-1361.935,0,0,0,0,1,1,1,1]],[5,"5",2,[[-31,[2,"pos",-32,[0,"31bX3/aElLtoFelgT+p4C5",1,0],[-25.469,80.949,0,0,0,0,1,1,1,1]]],1,4],[0,"6eUj80NF1DALlEMwiu3HH5",1,0],[5,168,75],[0,0.5,0],[-323.283,-1222.181,0,0,0,0,1,1,1,1]],[4,"10",2,[[-33,[2,"pos",-34,[0,"b0EdY3CPFMUqiA4DoPvjSr",1,0],[-22.469,14.949,0,0,0,0,1,1,1,1]]],1,4],[0,"88V1uurrNJtYpTJxTX+td4",1,0],[5,473,310],[-361.737,-1662.575,0,0,0,0,1,1,1,1]],[5,"9",2,[[-35,[2,"pos",-36,[0,"fdLuoZQ0VNy43124biFtpj",1,0],[-22.469,72.546,0,0,0,0,1,1,1,1]]],1,4],[0,"8eKaTG6QxL5ptKGlYLhygX",1,0],[5,139,78],[0,0.5,0],[320.308,-1432.302,0,0,0,0,1,1,1,1]],[3,"room_items_06_01_00",3,[[1,-37,[0]]],[0,"817MsXK1dGcrF82b/PU9E+",1,0],[5,421,373],[0,0,0,0,0,0,1,2,2,1]],[6,"room_items_06_04_00",4,[[1,-38,[1]]],[0,"f2SmlDwQZN3ZYqTpYM+zW7",1,0],[5,167,174],[0,0.5,0],[0,0,0,0,0,0,1,2,2,1]],[3,"room_items_06_02_00",5,[[1,-39,[2]]],[0,"6cqlk9WglFf6ryWm457wjO",1,0],[5,546,325],[0,0,0,0,0,0,1,2,2,1]],[6,"room_items_06_03_00",6,[[1,-40,[3]]],[0,"7dPu8noj9NyoiEushddEnv",1,0],[5,72,256],[0,0.5,1],[0,0,0,0,0,0,1,2,2,1]],[3,"room_items_06_07_00",7,[[1,-41,[4]]],[0,"8cEnfsxFBJyaEvFrff32lz",1,0],[5,216,201],[0,0,0,0,0,0,1,2,2,1]],[3,"room_items_06_08_00",8,[[1,-42,[5]]],[0,"53X8ulg79Jfq+TajhCVQaD",1,0],[5,224,206],[0,0,0,0,0,0,1,2,2,1]],[3,"room_items_06_06_00",9,[[1,-43,[6]]],[0,"b93057bglI/JSAKFJNTWne",1,0],[5,102,75],[0,0,0,0,0,0,1,2,2,1]],[6,"room_items_06_05_00",10,[[1,-44,[7]]],[0,"6eCjd1XjJJeqsDPcKgBXcj",1,0],[5,168,75],[0,0.5,0],[0,0,0,0,0,0,1,2,2,1]],[3,"room_items_06_10_00",11,[[1,-45,[8]]],[0,"87VrplUoRPEqB9hFZtyapO",1,0],[5,473,310],[0,0,0,0,0,0,1,2,2,1]],[6,"room_items_06_09_00",12,[[1,-46,[9]]],[0,"5dON/+541K9aEnASeurdeQ",1,0],[5,139,78],[0,0.5,0],[0,0,0,0,0,0,1,2,2,1]]],0,[0,2,1,0,0,1,0,0,1,0,-1,2,0,0,2,0,0,2,0,-1,3,0,-2,4,0,-3,5,0,-4,6,0,-5,7,0,-6,8,0,-7,9,0,-8,10,0,-9,11,0,-10,12,0,-1,13,0,1,3,0,-1,14,0,1,4,0,-1,15,0,1,5,0,-1,16,0,1,6,0,-1,17,0,1,7,0,-1,18,0,1,8,0,-1,19,0,1,9,0,-1,20,0,1,10,0,-1,21,0,1,11,0,-1,22,0,1,12,0,0,13,0,0,14,0,0,15,0,0,16,0,0,17,0,0,18,0,0,19,0,0,20,0,0,21,0,0,22,0,3,1,46],[0,0,0,0,0,0,0,0,0,0,0,0],[-1,-1,-1,-1,-1,-1,-1,-1,-1,-1,-1,4],[0,0,0,0,0,0,0,0,0,0,0,1]],[[{"name":"back_06","rect":[0,0,650,1024],"offset":[0,0],"originalSize":[650,1024],"capInsets":[0,0,0,0]}],[5],0,[0],[5],[2]]]]