[1,["ecpdLyjvZBwrvm+cedCcQy","1b1f9fd9e","8cTHeXVj1JzIjmpPYVLQvy","beVQC6PHxE1p26To5YhVl9","01anCIxodJuaJhveBDX0pj"],["node","_spriteFrame","_textureSetter","root","personName","label","data"],["cc.SpriteFrame",["cc.Node",["_name","_components","_prefab","_contentSize","_children","_parent","_trs"],2,9,4,5,2,1,7],["cc.Sprite",["_sizeMode","_type","node","_materials","_spriteFrame"],1,1,3,6],["cc.Node",["_name","_parent","_components","_prefab","_contentSize","_trs","_color"],2,1,2,4,5,7,5],["cc.PrefabInfo",["fileId","root","asset"],2,1,1],["cc.Label",["_string","_styleFlags","_N$horizontalAlign","_N$verticalAlign","_N$overflow","node","_materials"],-2,1,3],["cc.Prefab",["_name"],2],["3380ef1e7ZMR5sDv78oA/gg",["node","label","personName","personIcon","person"],3,1,1,1,2,2],["cc.Widget",["_alignFlags","_left","_right","_top","_bottom","_originalWidth","_originalHeight","node"],-4,1]],[[4,0,1,2,2],[1,0,5,4,1,2,3,6,2],[1,0,5,1,2,3,6,2],[3,0,1,2,3,4,5,2],[3,0,1,2,3,6,4,5,2],[2,0,2,3,4,2],[2,1,0,2,3,4,3],[2,2,3,1],[6,0,2],[1,0,4,1,2,3,2],[7,0,1,2,3,4,1],[4,1,2,1],[8,0,1,2,3,4,5,6,7,8],[5,0,1,2,3,5,6,5],[5,0,4,5,6,3]],[[[{"name":"chatbubble","rect":[373,291,132,123],"offset":[0,0],"originalSize":[132,123],"capInsets":[52,47,50,49]}],[0],0,[0],[2],[1]],[[[8,"DialogItemView"],[9,"DialogItemView",[-9,-10,-11,-12,-13,-14],[[10,-8,-7,-6,[-4,-5],[-2,-3]]],[11,-1,0],[5,1000,300]],[1,"left",1,[-16],[[5,0,-15,[5],6]],[0,"1csqmV+NRN56LfhFk0qjk5",1,0],[5,168.7,162.8],[-415.983,7.253,0,0,0,0,1,1,1,1]],[1,"right",1,[-18],[[5,0,-17,[8],9]],[0,"98+iDUY5BAjL0a+PnymL39",1,0],[5,168.7,162.8],[402.615,16.528,0,0,0,0,1,-1,1,1]],[2,"chatbubble",1,[[6,1,0,-19,[2],3],[12,45,169.99999999999997,181.99999999999997,1.1546319456101628e-14,72,138,121,-20]],[0,"1erhBeNCVFn42Fh5wIF17+",1,0],[5,648,228],[-6,36,0,0,0,0,1,1,1,1]],[2,"booster_title_bg",1,[[6,1,0,-21,[0],1]],[0,"69+WOtWdRN+b26t1FwpXoZ",1,0],[5,400,111],[-14,156.515,0,0,0,0,1,1,1,1]],[3,"person0",2,[-22],[0,"671l7s781HzbUIbg204gnT",1,0],[5,147,197],[-5.14,30.442,0,0,0,0,1,1,1,1]],[7,6,[4]],[3,"person1",3,[-23],[0,"f1d1yl1AVBAYFLn4XwGqYK",1,0],[5,147,197],[-5.14,30.442,0,0,0,0,1,1,1,1]],[7,8,[7]],[4,"nameLabel",1,[-24],[0,"8aEeoOgOxOxpqKKdsjqboR",1,0],[4,4289294595],[5,104.47,50.4],[0,181.882,0,0,0,0,1,1,1,1]],[13,"Label",1,1,1,10,[10]],[4,"content",1,[-25],[0,"a5kRpM2gpKH4SInGpW56XE",1,0],[4,4279128459],[5,563,217],[-7,11,0,0,0,0,1,1,1,1]],[14,"Label",1,12,[11]]],0,[0,3,1,0,-1,2,0,-2,3,0,-1,7,0,-2,9,0,4,11,0,5,13,0,0,1,0,-1,5,0,-2,4,0,-3,2,0,-4,3,0,-5,10,0,-6,12,0,0,2,0,-1,6,0,0,3,0,-1,8,0,0,4,0,0,4,0,0,5,0,-1,7,0,-1,9,0,-1,11,0,-1,13,0,6,1,25],[0,0,0,0,0,0,0,0,0,0,0,0],[-1,1,-1,1,-1,-1,1,-1,-1,1,-1,-1],[0,3,0,4,0,0,2,0,0,2,0,0]],[[{"name":"chatheadbackgroundshape","rect":[3,437,113,119],"offset":[0,0],"originalSize":[115,119],"capInsets":[0,0,0,0]}],[0],0,[0],[2],[1]],[[{"name":"booster_title_bg","rect":[122,437,160,111],"offset":[0,0.5],"originalSize":[160,112],"capInsets":[54,34.5,58,27.5]}],[0],0,[0],[2],[1]]]]