[1,["f0BIwQ8D5Ml7nTNQbh1YlS","e97GVMl6JHh5Ml5qEDdSGa","29FYIk+N1GYaeWH/q1NxQO","ecpdLyjvZBwrvm+cedCcQy","40TMY1KLBEPLns+0h/N5Xz","a2MjXRFdtLlYQ5ouAFv/+R","0e2e0x7CJPPKYQB1AD9aqH"],["node","_N$normalSprite","_N$pressedSprite","_N$hoverSprite","_N$disabledSprite","_spriteFrame","_textureSetter","root","data"],[["cc.Node",["_name","_opacity","_components","_prefab","_contentSize","_trs","_parent","_children","_color"],1,9,4,5,7,1,2,5],["cc.Widget",["_alignFlags","_originalWidth","_originalHeight","node"],0,1],["cc.PrefabInfo",["fileId","root","asset"],2,1,1],["cc.Sprite",["_sizeMode","node","_materials","_spriteFrame"],2,1,3,6],"cc.SpriteFrame",["cc.Prefab",["_name"],2],["3a3e3uuLyJPxYIbZcsmWSVY",["node"],3,1],["cc.BlockInputEvents",["node"],3,1],["cc.Button",["_N$transition","node","clickEvents","_N$normalColor","_N$pressedColor","_N$disabledColor","_N$normalSprite","_N$pressedSprite","_N$hoverSprite","_N$disabledSprite"],2,1,9,5,5,5,6,6,6,6],["cc.ClickEvent",["_componentId","handler","target"],1,1]],[[2,0,1,2,2],[0,0,6,2,3,4,5,2],[8,0,1,2,3,4,5,6,7,8,9,2],[9,0,1,2,3],[1,0,3,2],[5,0,2],[0,0,7,2,3,4,5,2],[0,0,6,7,2,3,4,5,2],[0,0,1,6,2,3,8,4,3],[1,0,1,2,3,4],[6,0,1],[7,0,1],[2,1,2,1],[3,1,2,3,1],[3,0,1,2,3,2]],[[[{"name":"agreement","rect":[0,0,530,885],"offset":[0,0],"originalSize":[530,885],"capInsets":[0,0,0,0]}],[4],0,[0],[6],[4]],[[[5,"PrivacyView"],[6,"PrivacyView",[-5,-6],[[4,45,-2],[10,-3],[11,-4]],[12,-1,0],[5,1080,1920],[540,960,0,0,0,0,1,1,1,1]],[7,"agreement",1,[-9,-10,-11,-12],[[13,-7,[18],19],[4,18,-8]],[0,"26aiM/zLREI7I9Lpru8iOw",1,0],[5,530,885],[0,0,0,0,0,0,1,1.4,1.4,1]],[8,"New Sprite(Splash)",160,1,[[14,0,-13,[0],1],[9,45,100,100,-14]],[0,"6d+fva6JNEAIJ9zqQVRAbW",1,0],[4,4278190080],[5,1080,1920]],[1,"agreeBtn",2,[[2,3,-15,[[3,"3a3e3uuLyJPxYIbZcsmWSVY","onOkClick",1]],[4,4293322470],[4,4291348680],[4,3363338360],2,3,4,5]],[0,"3enaQjdTNOiLKv4+4XFEuF",1,0],[5,461,75],[-2,-315,0,0,0,0,1,1,1,0]],[1,"New Button",2,[[2,3,-16,[[3,"3a3e3uuLyJPxYIbZcsmWSVY","onYinsiBtn",1]],[4,4293322470],[4,4291348680],[4,3363338360],6,7,8,9]],[0,"07l4f69mxHvqVhLBz55cR3",1,0],[5,132.6,40],[151.747,225.212,0,0,0,0,1,1,1,0]],[1,"New Button",2,[[2,3,-17,[[3,"3a3e3uuLyJPxYIbZcsmWSVY","onUserBtn",1]],[4,4293322470],[4,4291348680],[4,3363338360],10,11,12,13]],[0,"65lkFsHpJIo6k+P4CK3DBy",1,0],[5,132.6,40],[-130.369,190.286,0,0,0,0,1,1,1,0]],[1,"cancelBtn",2,[[2,3,-18,[[3,"3a3e3uuLyJPxYIbZcsmWSVY","onCancelClick",1]],[4,4293322470],[4,4291348680],[4,3363338360],14,15,16,17]],[0,"e9GZnwDTpOhrKa5exqGkjB",1,0],[5,202,75],[-6.044,-393,0,0,0,0,1,1,1,0]]],0,[0,7,1,0,0,1,0,0,1,0,0,1,0,-1,3,0,-2,2,0,0,2,0,0,2,0,-1,4,0,-2,5,0,-3,6,0,-4,7,0,0,3,0,0,3,0,0,4,0,0,5,0,0,6,0,0,7,0,8,1,18],[0,0,0,0,0,0,0,0,0,0,0,0,0,0,0,0,0,0,0,0],[-1,5,1,2,3,4,1,2,3,4,1,2,3,4,1,2,3,4,-1,5],[3,5,0,1,0,2,0,1,0,2,0,1,0,2,0,1,0,2,3,6]]]]