[1,["ecpdLyjvZBwrvm+cedCcQy","bcGBgicuZJzaFCN2wjR0Dm","82DosOzzRCnbXPsr4CnSM4"],["node","_parent","_textureSetter","root","data","_spriteFrame"],[["cc.Node",["_name","_prefab","_trs","_components","_contentSize","_parent","_children","_anchorPoint"],2,4,7,9,5,1,2,5],["cc.Node",["_name","_parent","_children","_prefab","_contentSize","_trs","_anchorPoint"],2,1,12,4,5,7,5],["cc.Widget",["_alignFlags","_left","_right","_bottom","_originalWidth","_originalHeight","node"],-3,1],["cc.PrefabInfo",["fileId","root","asset"],2,1,1],["cc.Sprite",["_sizeMode","node","_materials","_spriteFrame"],2,1,3,6],"cc.SpriteFrame",["cc.Prefab",["_name"],2],["2e822PuXo1Et4ruxitsDHX/",["node"],3,1]],[[3,0,1,2,2],[0,0,5,1,2,2],[4,1,2,1],[0,0,5,3,1,4,2,2],[1,0,1,2,3,4,5,2],[0,0,5,3,1,4,7,2,2],[1,0,1,2,3,4,6,5,2],[6,0,2],[0,0,6,3,1,4,2,2],[0,0,5,6,3,1,4,7,2,2],[2,0,6,2],[2,0,1,2,3,4,5,6,7],[7,0,1],[3,1,2,1],[4,0,1,2,3,2]],[[[{"name":"back_02","rect":[0,0,650,1024],"offset":[0,0],"originalSize":[650,1024],"capInsets":[0,0,0,0]}],[5],0,[0],[2],[1]],[[[7,"SceneView2"],[8,"SceneView2",[-4],[[10,45,-2],[12,-3]],[13,-1,0],[5,1080,1920],[540,960,0,0,0,0,1,1,1,1]],[9,"bgImg",1,[-7,-8,-9,-10,-11,-12,-13,-14,-15,-16],[[14,0,-5,[10],11],[11,1,-110,-110,-64,1300,2048,-6]],[0,"ffjrMPN2BC16I0chNA1XBZ",1,0],[5,1300,2048],[0,0.5,1],[0,960,0,0,0,0,1,1,1,1]],[4,"4",2,[[-17,[1,"pos",-18,[0,"7aP14gCsFErJ/3YMTnpc1k",1,0],[-447.943,187.921,0,0,0,0,1,1,1,1]]],1,4],[0,"42MDkz4zNIsrWYyCOWFJt2",1,0],[5,667,522],[17.447,-930.323,0,0,0,0,1,1,1,1]],[4,"1",2,[[-19,[1,"pos",-20,[0,"69GXpdzlJOCImo451TStmB",1,0],[-15.071,-2.951,0,0,0,0,1,1,1,1]]],1,4],[0,"4a2r5WEx1Ij4dDFBMgXQP1",1,0],[5,112,129],[0,-681.372,0,0,0,0,1,1,1,1]],[4,"2",2,[[-21,[1,"pos",-22,[0,"a3IIuQPfVE262/mX11ucb8",1,0],[-3.474,-206.584,0,0,0,0,1,1,1,1]]],1,4],[0,"3eii57Np1DRYKPnHb1IM4i",1,0],[5,599,259],[13.468,-1647.204,0,0,0,0,1,1,1,1]],[6,"6",2,[[-23,[1,"pos",-24,[0,"8aJRbgrndODLYqQ2jCTI5T",1,0],[-11.267,393.972,0,0,0,0,1,1,1,1]]],1,4],[0,"bcpCmk26tNqq+U/Ee+agTu",1,0],[5,166,370],[0,0.5,0],[352.338,-1378.606,0,0,0,0,1,1,1,1]],[6,"5",2,[[-25,[1,"pos",-26,[0,"6dCvql99NP/rtFWOIOMRbw",1,0],[-21.427,-168.213,0,0,0,0,1,1,1,1]]],1,4],[0,"5euPsPFXtPmJ/27PVkQDp8",1,0],[5,167,111],[0,0.5,1],[-5.396,-831.373,0,0,0,0,1,1,1,1]],[4,"3",2,[[-27,[1,"pos",-28,[0,"440gqn11lIPotzxsdrbPyf",1,0],[131.122,-104.651,0,0,0,0,1,1,1,1]]],1,4],[0,"adM5o/ChNO1oL/G29yPTGA",1,0],[5,310,146],[215.921,-1589.623,0,0,0,0,1,1,1,1]],[4,"8",2,[[-29,[1,"pos",-30,[0,"15mwdkyjVPyrzMjX9NhiBg",1,0],[-27.783,44.72,0,0,0,0,1,1,1,1]]],1,4],[0,"32c5F4epRN15UDfmPNL5Qp",1,0],[5,375,235],[4.702,-1295.714,0,0,0,0,1,1,1,1]],[4,"9",2,[[-31,[1,"pos",-32,[0,"51er6BfYxNLo2FaYD+rvgq",1,0],[-34.139,86.036,0,0,0,0,1,1,1,1]]],1,4],[0,"1fvt5Z5y1FEKRPdnWGGW0F",1,0],[5,148,159],[183.72,-1552.854,0,0,0,0,1,1,1,1]],[6,"7",2,[[-33,[1,"pos",-34,[0,"00AXrIq1JKEblB0nB959oT",1,0],[-53.208,403.847,0,0,0,0,1,1,1,1]]],1,4],[0,"8fPXMguMxCdaDeb7MGEv5Q",1,0],[5,136,306],[0,0.5,0],[-403.318,-1464.576,0,0,0,0,1,1,1,1]],[4,"10",2,[[-35,[1,"pos",-36,[0,"93xVHGEndHD7Czug168QOn",1,0],[-59.564,-18.842,0,0,0,0,1,1,1,1]]],1,4],[0,"a8n9nlcetF/J+U5ZFr2Lat",1,0],[5,249,183],[-280.941,-1619.987,0,0,0,0,1,1,1,1]],[3,"room_items_02_04_00",3,[[2,-37,[0]]],[0,"639HR7+A1IW4ihRlKAm2eg",1,0],[5,667,522],[0,0,0,0,0,0,1,2,2,1]],[3,"room_items_02_01_00",4,[[2,-38,[1]]],[0,"11Nwnj3sNEG6yAZho8ds08",1,0],[5,112,129],[0,0,0,0,0,0,1,2,2,1]],[3,"room_items_02_02_00",5,[[2,-39,[2]]],[0,"bd8vYr0pJHILnfrTLPG1TS",1,0],[5,599,259],[0,0,0,0,0,0,1,2,2,1]],[5,"room_items_02_06_00",6,[[2,-40,[3]]],[0,"cdrRsNUlZAtrEPAWcwFffa",1,0],[5,166,370],[0,0.5,0],[0,0,0,0,0,0,1,2,2,1]],[5,"room_items_02_05_00",7,[[2,-41,[4]]],[0,"c9f+9bUapLOoUJmxVhPWaX",1,0],[5,167,111],[0,0.5,1],[0,0,0,0,0,0,1,2,2,1]],[3,"room_items_02_03_00",8,[[2,-42,[5]]],[0,"14mu8jPXNMM7UrrxsmOPUa",1,0],[5,310,146],[0,0,0,0,0,0,1,2,2,1]],[3,"room_items_02_08_00",9,[[2,-43,[6]]],[0,"fcmvCtjpxHdqYRrcy7r+TO",1,0],[5,375,235],[0,0,0,0,0,0,1,2,2,1]],[3,"room_items_02_09_00",10,[[2,-44,[7]]],[0,"a4vqejD/1Bz4SWdSEZ58M7",1,0],[5,148,159],[0,0,0,0,0,0,1,2,2,1]],[5,"room_items_02_07_00",11,[[2,-45,[8]]],[0,"bflQWbZeRKybhQYq2uFRZ1",1,0],[5,136,306],[0,0.5,0],[0,0,0,0,0,0,1,2,2,1]],[3,"room_items_02_10_00",12,[[2,-46,[9]]],[0,"5boLG3CkJL5Ky1md8IY4Nx",1,0],[5,249,183],[0,0,0,0,0,0,1,2,2,1]]],0,[0,3,1,0,0,1,0,0,1,0,-1,2,0,0,2,0,0,2,0,-1,3,0,-2,4,0,-3,5,0,-4,6,0,-5,7,0,-6,8,0,-7,9,0,-8,10,0,-9,11,0,-10,12,0,-1,13,0,1,3,0,-1,14,0,1,4,0,-1,15,0,1,5,0,-1,16,0,1,6,0,-1,17,0,1,7,0,-1,18,0,1,8,0,-1,19,0,1,9,0,-1,20,0,1,10,0,-1,21,0,1,11,0,-1,22,0,1,12,0,0,13,0,0,14,0,0,15,0,0,16,0,0,17,0,0,18,0,0,19,0,0,20,0,0,21,0,0,22,0,4,1,46],[0,0,0,0,0,0,0,0,0,0,0,0],[-1,-1,-1,-1,-1,-1,-1,-1,-1,-1,-1,5],[0,0,0,0,0,0,0,0,0,0,0,2]]]]