{
  "__type__": "cc.SpriteAtlas",
  "_name": "props.plist",
  "_objFlags": 0,
  "_native": "",
  "_spriteFrames": {
    "Game_night_item_chest": {
      "__uuid__": "a5f18c53-d387-4ea9-a458-b3ce2833841c"
    },
    "Garden_item_chest": {
      "__uuid__": "a39f1c1a-eb08-47d6-ba2e-2ebdde56cd9c"
    },
    "MiguelfanclubboxGenerator01": {
      "__uuid__": "74667d4c-6385-45ad-b382-78de08ea6699"
    },
    "MiguelfanclubboxGenerator02": {
      "__uuid__": "a355426a-af91-4ded-b7f6-b8bd060ee272"
    },
    "MiguelfanclubboxGenerator03": {
      "__uuid__": "82be0834-fb65-46ea-a06f-afb4da6ab5e7"
    },
    "MiguelfanclubboxGenerator04": {
      "__uuid__": "cdc66da8-1067-4594-9b8c-e12485f4befb"
    },
    "MiguelfanclubboxGenerator05": {
      "__uuid__": "037a115b-447c-43db-9e9a-3ca5b23bf168"
    },
    "MiguelfanclubboxGenerator06": {
      "__uuid__": "4bd10687-227c-4aef-b518-2a86b6246747"
    },
    "bee": {
      "__uuid__": "affd6e69-95cf-4549-af45-76f123d38e4c"
    },
    "beehive01": {
      "__uuid__": "2eb5367a-e926-411d-9c62-784e531e915e"
    },
    "beehive02": {
      "__uuid__": "64da417f-400b-4d5e-9916-3f8e1e08ce4f"
    },
    "beehouse01": {
      "__uuid__": "4f54f14f-0ae5-4a59-99e1-970db14586ef"
    },
    "beehouse02": {
      "__uuid__": "497135ae-fa39-4e4c-bc02-a3ecac1c56ce"
    },
    "beehouse03": {
      "__uuid__": "5c01f562-6990-4f59-9161-7069dd8b2ec7"
    },
    "beehouse04": {
      "__uuid__": "c828ebaf-5f54-47f9-9f84-49780d21e5c1"
    },
    "beehouse05": {
      "__uuid__": "818edd1d-27fc-4896-b049-dc4608eed4c3"
    },
    "bees02": {
      "__uuid__": "73ffbfd0-4561-4935-a7be-6b1a8e5c5e96"
    },
    "book_01": {
      "__uuid__": "19c25f54-4a13-4670-ae77-1e2ff284244d"
    },
    "book_02": {
      "__uuid__": "65f2a5dc-adc7-4606-a1ad-4f4c096cbeea"
    },
    "book_03": {
      "__uuid__": "bea0920e-7cac-476a-ae17-7e72833a2323"
    },
    "book_04": {
      "__uuid__": "37552cc3-97d7-4660-b9dd-2d4cc0793055"
    },
    "book_05": {
      "__uuid__": "bdb8902b-437a-442b-a42c-d0d238d9319c"
    },
    "book_06": {
      "__uuid__": "84cfdb74-7de3-4f3c-9046-d2e63d5794ab"
    },
    "book_07": {
      "__uuid__": "5a0a6a22-4b16-415d-a714-e9a86d29e30f"
    },
    "book_08": {
      "__uuid__": "e9bbff0d-2e07-475c-b4d5-1d260c2ebdbe"
    },
    "book_09": {
      "__uuid__": "ada3b173-ffdc-41ce-be17-b4f03e1ce736"
    },
    "book_10": {
      "__uuid__": "5ca19bfb-f52d-4f57-ae73-49b1daa11650"
    },
    "bread_01": {
      "__uuid__": "3188232e-8cfe-4a3c-ac2c-ecdfdd2f7e99"
    },
    "bread_02": {
      "__uuid__": "7ac91716-fcea-45b1-b856-396192f9e9e5"
    },
    "bread_03": {
      "__uuid__": "6657aa85-7642-4e7a-b811-203efe774efd"
    },
    "bread_04": {
      "__uuid__": "efcb61f0-de2d-4a46-b0f5-9e0ddfce4373"
    },
    "bread_05": {
      "__uuid__": "3d84744e-5826-45c6-a66a-d56e2842605e"
    },
    "bubbleMERGER": {
      "__uuid__": "f9dddedf-c6d8-4cf8-8026-6b94703eda90"
    },
    "cake-01": {
      "__uuid__": "9dd74ed0-dc15-4347-963a-05927277735e"
    },
    "cake-02": {
      "__uuid__": "b8173a7f-c05e-4ee6-8f9e-e59303a3fb1d"
    },
    "cake-03": {
      "__uuid__": "fb0f8bd1-1909-424b-8abb-0e164b24e76d"
    },
    "cake-04": {
      "__uuid__": "9acf683c-f01b-4290-9c3e-018cebf47820"
    },
    "cake-05": {
      "__uuid__": "cade9e3e-10b6-4078-b429-558889c003fc"
    },
    "cake-06": {
      "__uuid__": "36c54e94-c425-498a-a7f4-5c8a9cc8b6ef"
    },
    "cake-07": {
      "__uuid__": "eeb4c171-9b19-4745-8246-baf576e30bf7"
    },
    "cake-08": {
      "__uuid__": "d8045d1f-a361-4781-b6db-305b63013909"
    },
    "cake-09": {
      "__uuid__": "b85ffa42-136d-43a5-9d64-7c215ea9b224"
    },
    "cake-10": {
      "__uuid__": "7356f49b-97c8-4b35-9361-f8d89f2edfb3"
    },
    "cake-11": {
      "__uuid__": "bf644d84-be06-4b1c-af2d-6ba648f12dd5"
    },
    "cake-12": {
      "__uuid__": "b0e0c8c5-5ecb-4178-9c6e-7793f0087c85"
    },
    "cake-13": {
      "__uuid__": "0cbbebe6-2688-430f-a31b-917c6bdc10fa"
    },
    "cake-14": {
      "__uuid__": "1a2fc826-98ac-453d-b4e5-ce4acadc9d9d"
    },
    "cake-15": {
      "__uuid__": "20418fb5-9375-48ae-a28a-cca0dc560be1"
    },
    "cathouse-generator-01": {
      "__uuid__": "86a743a7-6114-4c6a-bac8-2ad65e0a0c8e"
    },
    "cathouse-generator-02": {
      "__uuid__": "f70524bc-6ded-4f21-9450-06d32a1b800a"
    },
    "cathouse-generator-03": {
      "__uuid__": "ba7d6203-0556-493d-ad1a-3413cb1b6d27"
    },
    "cathouse-generator-04": {
      "__uuid__": "3dfa42f5-bdd6-4fac-a36d-a9cfb5f4822d"
    },
    "cathouse-generator-05": {
      "__uuid__": "e4c5f94a-0b91-4b05-a08f-29f03a328b77"
    },
    "cathouse-generator-06": {
      "__uuid__": "1c17ce2b-5549-4edd-a789-33d05fb812ad"
    },
    "cathouse-generator-07": {
      "__uuid__": "c563502b-d106-4ed2-9466-bbe5de6ea2b2"
    },
    "cats-01": {
      "__uuid__": "418089dc-369d-415b-86b4-3c18b627e677"
    },
    "cats-02": {
      "__uuid__": "b2e1e37d-d25f-49b7-965a-d2a442a6c87d"
    },
    "cats-03": {
      "__uuid__": "5978eba2-1002-40c9-b3f3-55199d060ae3"
    },
    "cats-04": {
      "__uuid__": "6ff3244b-53ce-48b5-86a7-393730e30eba"
    },
    "cats-05": {
      "__uuid__": "1941de17-fac0-47d4-9963-06ea8c795041"
    },
    "cats-06": {
      "__uuid__": "f39b38bc-5045-4b3e-aada-ab7017bf4da3"
    },
    "cats-07": {
      "__uuid__": "4a365103-da7c-44fb-a53e-9a0e8652c1f2"
    },
    "cats-08": {
      "__uuid__": "d29beab4-c2db-4be5-9dbb-8ec97bd90690"
    },
    "cats-09": {
      "__uuid__": "e2ec59eb-ddff-4e07-abc6-772af9a271cf"
    },
    "cats-10": {
      "__uuid__": "2f055bbe-8b0e-4d12-a2e8-c520a136fbc5"
    },
    "coin-chest": {
      "__uuid__": "ee7595b4-0566-4c12-9a24-9d5433a5f6b4"
    },
    "coin1": {
      "__uuid__": "a5d013f2-8771-4c78-8ffc-39605718942d"
    },
    "coin2": {
      "__uuid__": "864cc661-2718-42d1-a0a9-af1be390af14"
    },
    "coin3": {
      "__uuid__": "ebb5d884-e65a-44c2-91b6-c009dc89c72a"
    },
    "coin4": {
      "__uuid__": "cec69dca-7473-4606-8522-a649bab7fc50"
    },
    "coin5": {
      "__uuid__": "52762c05-926c-459d-a455-309ff80c7862"
    },
    "cold-drink-01": {
      "__uuid__": "6bf3bd74-20bf-4c89-81c9-99027b19fe7e"
    },
    "cold-drink-02": {
      "__uuid__": "14d109ce-bc75-425b-b954-455f7fc92e83"
    },
    "cold-drink-03": {
      "__uuid__": "0ca08b3e-3d42-468f-9426-81f3f189ff5f"
    },
    "cold-drink-04": {
      "__uuid__": "e2b2bffa-4e49-484a-947a-6879399c6d7a"
    },
    "cold-drink-05": {
      "__uuid__": "58c8300f-87f5-4fbc-b687-820922799b9d"
    },
    "energy-chest": {
      "__uuid__": "e353dc3e-dbab-4d02-af3e-0eceac0eb4a9"
    },
    "energy1": {
      "__uuid__": "dda33175-8527-482b-aea1-30e99cac884c"
    },
    "energy2": {
      "__uuid__": "a0e37f38-e0e0-4c64-b8bd-dc592ac43da5"
    },
    "energy3": {
      "__uuid__": "08bbf93b-9051-4371-b636-e86e67a72414"
    },
    "energy4": {
      "__uuid__": "4174030b-cb02-48ef-b0d4-74c35a73871e"
    },
    "energy5": {
      "__uuid__": "46d7eee0-0c06-4391-9ff9-fedfa68f5fa5"
    },
    "freeItemChest": {
      "__uuid__": "e6c3a156-831d-420c-beb7-34830e5d4ef1"
    },
    "game01": {
      "__uuid__": "a831003e-4365-4c1b-8675-270368877743"
    },
    "game02": {
      "__uuid__": "32c28c93-fdde-45d6-b3ec-324d6e17d61f"
    },
    "game03": {
      "__uuid__": "6cf65c40-2751-4051-9973-db0ec70de048"
    },
    "game04": {
      "__uuid__": "3fbeeb93-5913-48be-9651-178ed96cf3e0"
    },
    "game05": {
      "__uuid__": "e89c2278-57a1-470b-965c-7f7ae901947a"
    },
    "game06": {
      "__uuid__": "19248c8a-6b70-4008-8e57-60aed85d2aa5"
    },
    "game07": {
      "__uuid__": "331a7f19-c7d9-403c-aafe-9cec94e0dd31"
    },
    "gem1": {
      "__uuid__": "fab8813b-3dcf-4484-b13e-0922ff1862d9"
    },
    "gem2": {
      "__uuid__": "704bcf98-4407-490b-9488-669b14934d96"
    },
    "gem3": {
      "__uuid__": "e90f9058-cceb-4ecc-8a64-a9734ec84603"
    },
    "gem4": {
      "__uuid__": "facbf159-4b40-46e4-a9c2-521cd8c15d2b"
    },
    "gem5": {
      "__uuid__": "9ce4dbb6-3478-4075-a9f9-f1d3e32eb06f"
    },
    "groceries-generator-01": {
      "__uuid__": "53140393-0fae-4726-8dee-9875f3ea56d5"
    },
    "groceries-generator-02": {
      "__uuid__": "0926cb29-2f9a-4d07-b522-3ddf6723b58b"
    },
    "groceries-generator-03": {
      "__uuid__": "b330fa61-8b33-4356-97f3-e248241911f3"
    },
    "groceries-generator-04": {
      "__uuid__": "f59f533e-877d-43e9-93d5-e6d3f90ea394"
    },
    "groceries-generator-05": {
      "__uuid__": "fd73c513-8518-47d0-9970-1b0fec3acdbd"
    },
    "groceries-generator-06": {
      "__uuid__": "a3783ff2-c025-4050-a676-0ea65b76537c"
    },
    "groceries-generator-07": {
      "__uuid__": "90a0e393-8348-4411-bbb7-d54efa8eb87e"
    },
    "groceries-generator-08": {
      "__uuid__": "5ee59e5b-3f7d-46f5-b084-f95a4056cd43"
    },
    "groceries-generator-09": {
      "__uuid__": "b6892d96-91d6-4fb8-9269-4dea5b88d902"
    },
    "groceries-generator-10": {
      "__uuid__": "ad3c9b25-fcef-4931-83ef-adf57ab95c94"
    },
    "grocerystage1": {
      "__uuid__": "9e030daf-fcb7-4605-87f0-bcdb86411413"
    },
    "grocerystage2": {
      "__uuid__": "b8e8d6f3-2904-4a22-848f-fe5a9ae28cb5"
    },
    "herb-generator-01": {
      "__uuid__": "749b080f-459c-456e-abb7-471fc87c9df7"
    },
    "herb-generator-02": {
      "__uuid__": "c11be37b-fa1e-4902-9b25-260bcd8b43cf"
    },
    "herb-generator-03": {
      "__uuid__": "22ede933-6ae6-476b-afe0-788852f6f480"
    },
    "herb-generator-04": {
      "__uuid__": "b8d69839-f5c6-42e5-9379-2e4952e765c6"
    },
    "herb-generator-05": {
      "__uuid__": "d21f9f23-e22d-49d9-bd5b-e0ce7f37e0ad"
    },
    "herb-generator-06": {
      "__uuid__": "4d00dad0-6bc2-4897-a345-24c1835dc15c"
    },
    "herb-generator-07": {
      "__uuid__": "6e0f1588-99b3-4a35-8a82-02f661201f94"
    },
    "herb-generator-08": {
      "__uuid__": "ab55af83-02ed-43bb-a28d-fb0a1b58371d"
    },
    "herb-generator-09": {
      "__uuid__": "b512c829-57d4-4105-bcb0-b7b78ee51eae"
    },
    "herb-generator-10": {
      "__uuid__": "318ef627-27b8-45bb-8c1e-b85615e063cb"
    },
    "herb-generator-11": {
      "__uuid__": "0cfa2920-39e2-4705-8ae1-af3c724ffffd"
    },
    "honey01": {
      "__uuid__": "abfd7e23-0678-467e-9fd6-382ebb348f72"
    },
    "honey02": {
      "__uuid__": "9f8f7899-b581-448d-88c9-ed8622db2917"
    },
    "honey03": {
      "__uuid__": "7897f1a8-cb36-430e-b321-4289f2dc2a8e"
    },
    "honey04": {
      "__uuid__": "6cd56466-5197-414e-b7c4-4b200118f1bb"
    },
    "honey05": {
      "__uuid__": "4cfc1d52-6292-4c88-ba00-d7513842f4bc"
    },
    "honey06": {
      "__uuid__": "d0fd6e39-f1ca-4a78-a60c-d9bd0e8568e0"
    },
    "hotdrink01": {
      "__uuid__": "65698293-28df-43e1-ac1e-2b107f32ef3d"
    },
    "hotdrink02": {
      "__uuid__": "4f8a3b24-4a8a-46e1-b0fd-bcfc6870bbf3"
    },
    "hotdrink03": {
      "__uuid__": "63b3bd90-84c0-47b6-bedc-b258ce0f3557"
    },
    "hotdrink04": {
      "__uuid__": "655e3d6a-56bc-4c0e-8249-54935df1712f"
    },
    "hotdrink05": {
      "__uuid__": "62465a5a-a965-4420-a066-338a6820c6ca"
    },
    "hotdrink06": {
      "__uuid__": "7d2dfde6-04bb-4951-89be-4d55cd274da3"
    },
    "hotdrink07": {
      "__uuid__": "81cdf78f-a30e-440d-bfeb-8b96e90556d5"
    },
    "hotdrink08": {
      "__uuid__": "3d92ff0c-c0e6-4f8e-92fd-63f53f92bdf7"
    },
    "hotdrink09": {
      "__uuid__": "89dadcf1-df23-4117-abff-c81de1d6790a"
    },
    "hotdrink10": {
      "__uuid__": "46371dcb-5084-4b35-900e-8d786d81c189"
    },
    "hotdrink11": {
      "__uuid__": "b69ff078-c0fb-40c2-adfe-851f33ab5f01"
    },
    "hotdrink12": {
      "__uuid__": "f64b020d-c967-45cb-b8fb-65306f810ac1"
    },
    "hotdrink13": {
      "__uuid__": "a617f922-5012-4654-b7bf-2af1f5ef3466"
    },
    "hotdrink14": {
      "__uuid__": "bd788084-c5b4-4fb3-b60f-81e2b106765b"
    },
    "img_ui_story_customer_mystery_box": {
      "__uuid__": "7e95d66f-7abc-446b-bb72-ebe9dbe9de00"
    },
    "itemchoicechest": {
      "__uuid__": "ef619baf-eac4-4523-9515-c74fb49cf502"
    },
    "itemchoicechestgenerator": {
      "__uuid__": "74495fe9-d7ce-4dd1-8e96-a322e50afa0a"
    },
    "itemchoicecheststory ": {
      "__uuid__": "47646496-f3d1-43ec-8fd4-1fd389ba8a27"
    },
    "level-up-chest-1": {
      "__uuid__": "94425e35-4a8b-4af4-a62a-ad763444868d"
    },
    "level-up-chest-2": {
      "__uuid__": "5ea2a665-6aee-4538-8a1c-80f0306b8bde"
    },
    "level-up-chest-3": {
      "__uuid__": "ef7752a7-a12b-401d-8ad9-9086a0074721"
    },
    "level-up-chest-4": {
      "__uuid__": "9680906b-e39c-4734-b316-7d9d63b84f63"
    },
    "level-up-chest-5": {
      "__uuid__": "3bc71060-e0d7-4479-97cf-948499c37e06"
    },
    "miguel-merch-01": {
      "__uuid__": "a643dd53-841f-4d7e-9a26-c46554d9bc26"
    },
    "miguel-merch-02": {
      "__uuid__": "1a1c245f-52d6-4efb-8e27-b751453442e8"
    },
    "miguel-merch-03": {
      "__uuid__": "0a117bf8-17cb-4c71-9892-26939069926f"
    },
    "miguel-merch-04": {
      "__uuid__": "0cec826b-1b3d-4ab1-8c9e-e1ce8633b634"
    },
    "miguel-merch-05": {
      "__uuid__": "6d0e5c64-b28d-4dfe-9af9-2b8cf95ad6b5"
    },
    "miguel-merch-06": {
      "__uuid__": "d94c6409-fbf1-476f-ac32-278d247dfff9"
    },
    "miguel-merch-07": {
      "__uuid__": "497d78ae-315e-407e-b83f-bbb7d63165a4"
    },
    "miguel-merch-08": {
      "__uuid__": "af40bb95-ca0f-402c-b5f7-b113610305f4"
    },
    "miguel-merch-09": {
      "__uuid__": "99853a1a-4292-4121-9d8d-d3bbc27ccbf7"
    },
    "miguel-merch-10": {
      "__uuid__": "eb1521cc-2b5b-4a39-8fde-4278465f558d"
    },
    "mysterystage1": {
      "__uuid__": "526e2b50-aa42-48e5-8e44-31810d9a0808"
    },
    "mysterystage2": {
      "__uuid__": "559b8282-29ac-487b-9f49-32f0c813d893"
    },
    "naturestage1": {
      "__uuid__": "5df1b8f4-2db8-40c0-8134-b02b124339b7"
    },
    "naturestage2": {
      "__uuid__": "100852c7-90bd-47e3-b5a6-0ad49346c82e"
    },
    "oven3": {
      "__uuid__": "a1c095fa-c0a5-4a5a-a83d-6eb140b85050"
    },
    "oven4": {
      "__uuid__": "57b1ed2b-c454-4be4-b675-3b5d023dfd5b"
    },
    "oven5": {
      "__uuid__": "f841e55b-b4f4-4914-a3dd-9e54c2bc6505"
    },
    "oven6": {
      "__uuid__": "f382adb1-5844-4212-8793-dd36af7750a5"
    },
    "oven7": {
      "__uuid__": "cfb4a614-e4c4-48c8-8147-9507c474c917"
    },
    "oven8": {
      "__uuid__": "ec1ce90b-1d8e-4feb-ae3d-e9b84b3a8600"
    },
    "oven9": {
      "__uuid__": "1056fa1b-8dca-4471-82ef-7fca93bbb8b6"
    },
    "oven_01": {
      "__uuid__": "c7630c5a-bf8f-4d1a-97ea-18554497473d"
    },
    "oven_02": {
      "__uuid__": "3b7b812d-b5a7-429c-9aea-748cb14d5a5d"
    },
    "party01": {
      "__uuid__": "d878ccf1-c6a7-4535-8c3f-e12977e926e5"
    },
    "party02": {
      "__uuid__": "8a011231-ac3d-4adf-9340-2fdbbc95e887"
    },
    "party03": {
      "__uuid__": "44b91fb4-5424-48c7-95c7-1ee3ae35ef6f"
    },
    "party04": {
      "__uuid__": "7d7ea251-bad9-4619-851e-4490030354d1"
    },
    "party05": {
      "__uuid__": "7aec7822-33e8-4d4a-b43d-865434fb6e07"
    },
    "party06": {
      "__uuid__": "382a0155-8d81-429b-b9e0-552624bb46d7"
    },
    "party07": {
      "__uuid__": "66fef8b0-635a-4883-97d1-1f34711cb83f"
    },
    "partyfood01": {
      "__uuid__": "cae7cb30-e449-46a2-8df9-6fa08cbb67c1"
    },
    "partyfood02": {
      "__uuid__": "5a8309f7-2908-48c6-aa58-5e9418f7ae13"
    },
    "partyfood03": {
      "__uuid__": "9c416f66-8a09-453c-ab82-eb2c2640a655"
    },
    "partyfood04": {
      "__uuid__": "4036bf6b-7945-4043-850f-af2d3004e004"
    },
    "partyfood05": {
      "__uuid__": "713c6040-fb22-4676-a603-cf7cdc76300c"
    },
    "partyfood06": {
      "__uuid__": "079710d7-31dd-4a1f-8e59-07caedb242e5"
    },
    "partyfood07": {
      "__uuid__": "8e82dc54-b691-4126-98a5-0926c4595d10"
    },
    "partyfood08": {
      "__uuid__": "43b2c5d0-9c2c-432c-95fe-ab0359ba2960"
    },
    "partyfood09": {
      "__uuid__": "c482f8c8-2085-4a45-9279-73e6dc113648"
    },
    "partyfood10": {
      "__uuid__": "87852f71-99ee-492c-8817-83a8b85ece3c"
    },
    "partyfood11": {
      "__uuid__": "7b6a0dd6-a432-454a-9928-99b2ee719726"
    },
    "partygift01": {
      "__uuid__": "9069ab19-c537-44bc-b239-c35ee4511f2a"
    },
    "partygift02": {
      "__uuid__": "917a3ecb-2067-472a-8d08-aba16d4812c9"
    },
    "partygift03": {
      "__uuid__": "8337589e-909d-46f6-9a38-1d0526123990"
    },
    "partygift04": {
      "__uuid__": "5702146d-bc6e-41fc-be43-c722590a775f"
    },
    "partygift05": {
      "__uuid__": "26e4ae4a-a186-49d5-b494-b9a1eeb66187"
    },
    "partygift06": {
      "__uuid__": "eecd3ac6-18fe-44e5-8990-9d47f8905121"
    },
    "pie-01": {
      "__uuid__": "ece111b9-6960-4b24-b396-9de53071b69d"
    },
    "pie-02": {
      "__uuid__": "d4751a91-ca15-4bbe-82ce-d46a3ab2d052"
    },
    "pie-03": {
      "__uuid__": "e351cbc1-7755-43ff-b48a-473674de28a2"
    },
    "pie-04": {
      "__uuid__": "13d33ee3-1451-4cdd-82e0-9967eabb2b6a"
    },
    "pie-05": {
      "__uuid__": "a12867d9-2a16-411c-a934-2f4c41a8c3bf"
    },
    "salad-01": {
      "__uuid__": "47875e4f-a8ba-4f22-ab18-afb128c0574c"
    },
    "salad-02": {
      "__uuid__": "fe943e4b-ff23-4536-89ad-dc3f978c5229"
    },
    "salad-03": {
      "__uuid__": "575bb0a8-d5d8-431b-ba83-194cc5ac63ae"
    },
    "salad-04": {
      "__uuid__": "0979831b-91a0-4d8b-9c85-95898409b517"
    },
    "salad-05": {
      "__uuid__": "cba94dbc-9d0d-41db-bd32-5fe0e34f6531"
    },
    "salad-06": {
      "__uuid__": "bcefa32d-ce80-437f-9d26-6f341d42cc69"
    },
    "salad-07": {
      "__uuid__": "7fb625c2-4146-47eb-bedd-982cd07819ac"
    },
    "salad-08": {
      "__uuid__": "1c7822de-1714-4537-8e37-81cdedd8aeb6"
    },
    "salad-09": {
      "__uuid__": "c1b0a57a-181e-41a9-af68-457d77628910"
    },
    "salad-10": {
      "__uuid__": "93e45c0c-56d8-440d-b191-dc194fc67920"
    },
    "salad-11": {
      "__uuid__": "94abf9e8-84a2-4b19-8d4d-38765a6f4f21"
    },
    "salad-12": {
      "__uuid__": "9ebf188d-d995-46bb-b71f-412794a78f60"
    },
    "sandwich01": {
      "__uuid__": "f297a314-9bd4-4ec8-86b8-ffda43e944e7"
    },
    "sandwich02": {
      "__uuid__": "aa764a33-743e-45f3-8c07-12de062a8517"
    },
    "sandwich03": {
      "__uuid__": "4a2c1285-cfe9-4adf-bfe5-28fe9b5f9b8d"
    },
    "sandwich04": {
      "__uuid__": "14da2105-527e-4600-8e6c-1c06a1668880"
    },
    "sandwich05": {
      "__uuid__": "59734c84-2532-4f70-b67d-68250371d149"
    },
    "sandwich06": {
      "__uuid__": "29d45971-a8e8-4a0e-a422-0c792b56da91"
    },
    "sandwich07": {
      "__uuid__": "27503bfc-584c-4a0a-b3b5-8c61037f868c"
    },
    "sandwich08": {
      "__uuid__": "cafd953d-0948-4929-ad38-c2a26e248326"
    },
    "sandwich09": {
      "__uuid__": "de8ce743-14f1-4210-8cce-442c36169c97"
    },
    "sandwich10": {
      "__uuid__": "e28824a9-c073-45cb-8c31-8ed10cf588ef"
    },
    "shelf_generator_01": {
      "__uuid__": "49250630-f60b-46a5-92a5-e1f724038a42"
    },
    "shelf_generator_02": {
      "__uuid__": "29b8487d-4662-41d7-a0ad-eaf1af598757"
    },
    "shelf_generator_03": {
      "__uuid__": "6f2e8bc3-dd2e-4186-b950-92dced50fb66"
    },
    "shelf_generator_04": {
      "__uuid__": "887adebb-4564-4c89-a98d-e37b55d306a3"
    },
    "shelf_generator_05": {
      "__uuid__": "e900ef96-9521-4271-ad26-6fb18c83a0f4"
    },
    "shelf_generator_06": {
      "__uuid__": "caf71be6-616f-451a-9c54-7d4587bdaf45"
    },
    "shelf_generator_07": {
      "__uuid__": "473dd879-45ed-4a0b-9f51-1558768bee95"
    },
    "shelf_generator_08": {
      "__uuid__": "674ecae3-ed3a-405b-b6aa-6fc4655b2798"
    },
    "shelf_generator_09": {
      "__uuid__": "d4b3f298-62e2-430f-9542-228862ffafd0"
    },
    "shelf_generator_10": {
      "__uuid__": "0d992705-a0da-4e52-92b3-094b663d06c6"
    },
    "starterItemChest": {
      "__uuid__": "c938b7d1-399c-461c-9b54-774b68d4a78b"
    },
    "trolley-generator-01": {
      "__uuid__": "ae439dc5-4af9-4552-998d-4e73f82ff243"
    },
    "trolley-generator-02": {
      "__uuid__": "412e1ef6-7110-4dbf-9e4c-413942540589"
    },
    "trolley-generator-03": {
      "__uuid__": "7fce373b-464d-46ce-a816-812cbb2e8e05"
    },
    "trolley-generator-04": {
      "__uuid__": "9b28b017-5d18-4962-a7d5-f6c6b5d31c36"
    },
    "trolley-generator-05": {
      "__uuid__": "d6e939af-ccda-4572-82af-f491221d6c14"
    },
    "trolley-generator-06": {
      "__uuid__": "b778b7a4-aebe-4ffc-8448-2f30c9532c1b"
    },
    "trolley-generator-07": {
      "__uuid__": "625376e4-95c7-4537-a6fb-efc3c34e4b7d"
    },
    "trolley-generator-08": {
      "__uuid__": "6d5e667c-2e4f-469a-861e-f9c75831799a"
    },
    "trolley-generator-09": {
      "__uuid__": "685f2b0c-5eae-407b-a3a5-d85067d8fafd"
    },
    "trolley-generator-10": {
      "__uuid__": "170e60a7-5fdb-4bc9-828b-630701e54de5"
    }
  }
}