[1,["ecpdLyjvZBwrvm+cedCcQy","fdBxa5TfRBQoWaWTdqDCCC","d608qFRoFHwbXd0Dap056i","1f3ussYhtFIYAuSqM4f3UX","5cO7kybDxGj4ipyMYdRYZB"],["node","_spriteFrame","_textureSetter","root","$Vright","$Vmask","$Vnum","$Vicon","$Vtitle","data"],[["cc.Widget",["_alignFlags","_bottom","_top","_verticalCenter","_originalWidth","_originalHeight","node"],-3,1],["cc.Node",["_name","_active","_opacity","_parent","_components","_prefab","_contentSize","_trs","_anchorPoint","_color"],0,1,12,4,5,7,5,5],["cc.Node",["_name","_components","_prefab","_contentSize","_parent","_trs","_children","_color"],2,9,4,5,1,7,2,5],["cc.Sprite",["_sizeMode","_type","node","_materials","_spriteFrame"],1,1,3,6],["cc.PrefabInfo",["fileId","root","asset"],2,1,1],["cc.Label",["_string","_N$horizontalAlign","_N$verticalAlign","_styleFlags","node","_materials"],-1,1,3],"cc.SpriteFrame",["cc.Prefab",["_name"],2],["17ab6q8iAZCQ7pU1d/DOXa2",["node","$Vtitle","$Vicon","$Vnum","$Vmask","$Vright","bg"],3,1,1,1,1,1,1,2],["cc.LabelOutline",["_width","node","_color"],2,1,5]],[[4,0,1,2,2],[1,0,3,4,5,6,7,2],[9,0,1,2,2],[3,1,0,2,3,4,3],[3,2,3,1],[7,0,2],[2,0,6,1,2,3,2],[2,0,4,1,2,3,5,2],[2,0,4,1,2,7,3,5,2],[1,0,3,4,5,6,8,7,2],[1,0,3,4,5,6,2],[1,0,1,2,3,4,5,9,6,7,4],[8,0,1,2,3,4,5,6,1],[4,1,2,1],[0,0,1,6,3],[0,0,2,6,3],[0,0,3,6,3],[0,0,6,2],[0,0,2,1,4,5,6,6],[3,0,2,3,2],[5,0,3,1,2,4,5,5],[5,0,1,2,4,5,4]],[[[{"name":"default_scrollbar_vertical","rect":[0,0,15,30],"offset":[0,0],"originalSize":[15,30],"capInsets":[4,10,4,10]}],[6],0,[0],[2],[2]],[[[5,"WeeklyItemView"],[6,"WeeklyItemView",[-10,-11,-12,-13,-14,-15,-16],[[12,-9,-8,-7,-6,-5,-4,[-2,-3]]],[13,-1,0],[5,200,256]],[1,"label",1,[[-17,[14,20,187.096,-18],[2,3,-19,[4,4283587962]]],1,4,4],[0,"60x62iejVCdbg/c+qOxLKQ",1,0],[5,28.25,56.4],[0,87.296,0,0,0,0,1,1,1,1]],[1,"title",1,[[-20,[15,17,163.258,-21],[2,2,-22,[4,4283587962]]],1,4,4],[0,"b3MRwuYZdKYYYUeN2k9in1",1,0],[5,101.87,54.4],[0,-62.45800000000001,0,0,0,0,1,1,1,1]],[7,"PremiumSubscriptionWindowDealShape",1,[[3,1,0,-23,[0],1]],[0,"7d7aFM0TRFpbaVh4xnzhv/",1,0],[5,200,240],[0.8,6.1,0,0,0,0,1,1,1,1]],[8,"PremiumSub2",1,[[3,1,0,-24,[2],3]],[0,"35JA8XbnxNCoqmK/1PHkay",1,0],[4,4290046880],[5,200,240],[-0.5,7,0,0,0,0,1,1,1,1]],[9,"$Vicon",1,[[-25,[16,18,-11.216,-26]],1,4],[0,"80N29yqkZNT5atUCFsXq8b",1,0],[5,40,36],[0,0.5,0],[0,-29.216,0,0,0,0,1,1,1,1]],[10,"Check",1,[[-27,[17,18,-28]],1,4],[0,"43hJB+zrlDpZWyvO8ubcS5",1,0],[5,89,75]],[11,"New Sprite(Splash)",false,56,1,[[-29,[18,45,1,17,128,100,-30]],1,4],[0,"5a3p0fwxlEmbnPP351HolV",1,0],[4,4282712101],[5,200,238],[0,8,0,0,0,0,1,1,1,1]],[4,6,[4]],[4,7,[5]],[19,0,8,[6]],[20,"0",1,1,1,2,[7]],[21,"Label",1,1,3,[8]]],0,[0,3,1,0,-1,5,0,-2,4,0,4,10,0,5,11,0,6,12,0,7,9,0,8,13,0,0,1,0,-1,4,0,-2,5,0,-3,6,0,-4,7,0,-5,8,0,-6,2,0,-7,3,0,-1,12,0,0,2,0,0,2,0,-1,13,0,0,3,0,0,3,0,0,4,0,0,5,0,-1,9,0,0,6,0,-1,10,0,0,7,0,-1,11,0,0,8,0,9,1,30],[0,0,0,0,0,0,0,0,0,10,11],[-1,1,-1,1,-1,-1,-1,-1,-1,1,1],[0,1,0,1,0,0,0,0,0,3,4]]]]