{
  "__type__": "cc.SpriteFrame",
  "content": {
    "name": "startfull",
    "atlas": "",
    "rect": {
      "x": 1,
      "y": 1,
      "width": 52,
      "height": 51
    },
    "offset": {
      "x": 0,
      "y": 0
    },
    "originalSize": {
      "width": 54,
      "height": 53
    },
    "rotated": false,
    "capInsets": [
      0,
      0,
      0,
      0
    ],
    "vertices": {
      "rawPosition": [
        -26,
        -25.5,
        0,
        26,
        -25.5,
        0,
        -26,
        25.5,
        0,
        26,
        25.5,
        0
      ],
      "indexes": [
        0,
        1,
        2,
        2,
        1,
        3
      ],
      "uv": [
        1,
        52,
        53,
        52,
        1,
        1,
        53,
        1
      ],
      "nuv": [
        0.018518518518518517,
        0.018867924528301886,
        0.9814814814814815,
        0.018867924528301886,
        0.018518518518518517,
        0.9811320754716981,
        0.9814814814814815,
        0.9811320754716981
      ],
      "minPos": {
        "x": -26,
        "y": -25.5,
        "z": 0
      },
      "maxPos": {
        "x": 26,
        "y": 25.5,
        "z": 0
      }
    },
    "texture": "32717c0f-fbf6-4aa6-91c3-c3cd65c20a48@6c48a",
    "packable": true,
    "pixelsToUnit": 100,
    "pivot": {
      "x": 0.5,
      "y": 0.5
    },
    "meshType": 0
  }
}