[1,["ecpdLyjvZBwrvm+cedCcQy","6bLJhxOZhOoYWNT8iyt3WS","32ZGz+EJRFb7GgT9NfHmP1","1218b1b62","00vtT5DxtKwrQR8CiOpxIB","258Xvs93VOQbnwf/LG8htQ","12o42w8PlA5YM3D859a87N","61O8WY8PlByrF3etJk5oTN","aeBsC1QYxIsL6swnm69Xwy","08kmwn4AlLMb5jIzwupxCZ","8d4Xe6s7BPJYs8ILrrnlle","7dS+Cmk4lMaoQ3Le0+FtTO","b94RHjFLhFWJNeO3U0yobH","0eaedfc8-887d-4ed3-8b9e-40e394d1ee26@6c48a","50pgrOqANIXbvodA33xY/W","f9fEcHw/lFnJ5CGOqnQBxy","36cK/pW5tCUpF6vfo03NSq","cakSTGkApKSZRlgPlshK7E","66bSiqD4RKDL1Zl3G5VWZC","8fLbU2lqNNApNK61xUl6jI","32+36fgiNLupbzIKcFtLny","9bvaMerUlDyary99mJa6xp","4502GBbKBKn70EWM2N78AK","94nzYxbvxDHoQzdRQTuA1G","49Npv49z5GDa8+NDSWgoZv","640qj9zlxFMLxk+mKPkckp","c609pZCBVFxItc7kGbb7sq"],["node","_spriteFrame","_textureSetter","_parent","target","maskNode","root","game","layout","buyPropView","buyTaskItemView","dayTimeLabelLabel","itemIcon","coinNum","data","personPrefab","buyItemPrefab","prefab","itemPrefab","foodPrefab"],["cc.SpriteFrame",["cc.Node",["_name","_active","_components","_prefab","_contentSize","_trs","_parent","_children","_anchorPoint"],1,9,4,5,7,1,2,5],["cc.Widget",["_alignFlags","_originalHeight","_top","_originalWidth","_bottom","_left","_right","_verticalCenter","_horizontalCenter","node"],-6,1],["cc.Node",["_name","_prefab","_trs","_parent","_contentSize","_children","_components","_anchorPoint"],2,4,7,1,5,2,12,5],["cc.Sprite",["_sizeMode","_type","_enabled","node","_materials","_spriteFrame"],0,1,3,6],["cc.Node",["_name","_parent","_components","_prefab","_contentSize","_trs","_color","_anchorPoint"],2,1,2,4,5,7,5,5],["cc.PrefabInfo",["fileId","root","asset"],2,1,1],["776dfNCN8pL/rb2zSG8MOUT",["eventType","param","initCheck","node"],0,1],["cc.Button",["_N$transition","node","clickEvents"],2,1,9],["52deepbQvdCoK2QrKUv69e9",["id","param","funcList","node","posList","maskNode","handlers"],0,1,2,1,9],["cc.Label",["_string","_fontSize","_styleFlags","_N$horizontalAlign","_N$verticalAlign","_lineHeight","node","_materials"],-3,1,3],["cc.LabelOutline",["_width","node","_color"],2,1,5],["cc.Prefab",["_name"],2],["db8fdy1J7NEG6maGYuV8UAG",["node","buyTaskItemView","buyPropView","layout","buyItemPrefab"],3,1,1,1,1,6],["b8024eN+j1K24ja+KvbD7+u",["node","coinNum","itemIcon","dayTimeLabelLabel","personPrefab"],3,1,1,1,1,6],["cc.ClickEvent",["_componentId","handler","target"],1,1],["52deepbQvdCoK2QrKUv69e9",["_enabled","id","param","posList","node","maskNode","handlers"],-1,1,1,9],["339bcmA25RDwY0A+HoW+jmX",["node"],3,1],["4ca8fG6vFFMyJVt33qQiZGP",["node"],3,1],["cc.Layout",["_resize","_N$layoutType","_N$spacingX","node","_layoutSize"],0,1,5],["da398iu0llEt4lqIElKJn/v",["num","node"],2,1],["cc.ScrollView",["vertical","brake","bounceDuration","_N$horizontalScrollBar","_N$verticalScrollBar","node","_N$content"],-2,1,1],["cc.Mask",["_N$alphaThreshold","node","_materials"],2,1,3],["fad3e88g/JI2b7P+MLMnRob",["scale","node"],2,1],["b70ddJcJyhOHZXY7bkNhrD3",["foodID","node","game"],2,1,1],["6b9e45Ewv1Ka6sY5NKdkIZ4",["node","itemView","gridView","frameNode","finger"],3,1,1,1,1,1],["ad94blq3D9BoI5i8CIe2R5E",["node"],3,1],["b79d3dKYfRJjJJzVr9ryL2J",["node","content","finger"],3,1,1,1]],[[6,0,1,2,2],[15,0,1,2,3],[1,0,6,2,3,4,5,2],[4,1,0,3,4,5,3],[1,0,6,7,2,3,4,5,2],[9,0,1,3,4,5,6,3],[2,0,9,2],[4,0,3,4,5,2],[7,0,3,2],[3,0,3,1,2,2],[3,0,3,1,7,2,2],[3,0,3,1,4,2,2],[1,0,7,2,3,4,5,2],[17,0,1],[3,0,5,6,1,4,2,2],[1,0,6,2,3,4,2],[1,0,6,2,3,4,8,5,2],[19,0,1,2,3,4,4],[10,0,1,2,3,4,6,7,6],[1,0,7,2,3,4,8,5,2],[2,0,2,4,9,4],[2,0,5,6,2,4,3,1,9,8],[2,0,7,8,9,4],[6,0,1,2],[8,1,2,1],[8,0,1,2,2],[4,3,4,5,1],[24,0,1,2,2],[11,0,1,2,2],[12,0,2],[3,0,3,6,1,4,2,2],[3,0,3,5,1,4,2,2],[1,0,6,7,2,3,4,2],[1,0,6,7,2,3,4,8,5,2],[1,0,1,6,2,3,4,5,3],[1,0,1,6,2,3,4,8,5,3],[5,0,1,2,3,6,4,5,2],[5,0,1,2,3,4,7,5,2],[5,0,1,2,3,4,5,2],[2,0,1,9,3],[2,0,2,4,1,9,5],[2,0,3,9,3],[2,0,2,3,9,4],[2,0,3,1,9,4],[2,0,5,6,2,4,7,3,1,9,9],[13,0,1,2,3,4,1],[7,0,1,2,3,4],[6,1,2,1],[14,0,1,2,3,4,1],[9,0,1,2,3,4,5,4],[16,0,1,2,3,4,5,6,5],[18,0,1],[20,0,1,2],[4,2,1,0,3,4,5,4],[4,2,1,0,3,4,4],[4,3,4,1],[21,0,1,2,3,4,5,6,6],[22,0,1,2,2],[23,0,1,2],[10,0,1,5,2,3,4,6,7,7],[11,1,2,1],[25,0,1,2,3,4,1],[26,0,1],[27,0,1,2,1]],[[[{"name":"bigbg1","rect":[1174,820,70,73],"offset":[0,0],"originalSize":[70,73],"rotated":1,"capInsets":[30,30,30,30]}],[0],0,[0],[2],[1]],[[{"name":"sawHammer2","rect":[3,141,128,115],"offset":[0,0],"originalSize":[128,115],"capInsets":[0,0,0,0]}],[0],0,[0],[2],[3]],[[{"name":"button_red","rect":[823,461,197,80],"offset":[0,0],"originalSize":[197,80],"capInsets":[36,37,37,41]}],[0],0,[0],[2],[1]],[[{"name":"bgt","rect":[417,1544,107,163],"offset":[0,0],"originalSize":[107,163],"rotated":1,"capInsets":[51,80,51,80]}],[0],0,[0],[2],[1]],[[{"name":"gridSelectionOutline","rect":[417,1231,157,157],"offset":[0,0],"originalSize":[157,157],"capInsets":[0,0,0,0]}],[0],0,[0],[2],[1]],[[{"name":"gift_special","rect":[610,812,191,203],"offset":[0,0],"originalSize":[191,203],"rotated":1,"capInsets":[0,0,0,0]}],[0],0,[0],[2],[1]],[[{"name":"img_ui_task_icon2","rect":[3,3,144,132],"offset":[0,0],"originalSize":[144,132],"capInsets":[0,0,0,0]}],[0],0,[0],[2],[3]],[[{"name":"img_ui_appointment_icon_timer","rect":[1158,1621,33,39],"offset":[0,0],"originalSize":[33,39],"capInsets":[0,0,0,0]}],[0],0,[0],[2],[1]],[[{"name":"taizi","rect":[0,0,512,27],"offset":[0,0],"originalSize":[512,27],"capInsets":[0,0,0,0]}],[0],0,[0],[2],[8]],[[{"name":"core_mainbg02","rect":[0,0,512,512],"offset":[0,0],"originalSize":[512,512],"capInsets":[0,0,0,0]}],[0],0,[0],[2],[9]],[[{"name":"timebg","rect":[1211,625,47,35],"offset":[0,0],"originalSize":[47,35],"rotated":1,"capInsets":[20,17,20,17]}],[0],0,[0],[2],[1]],[[[29,"GameView"],[14,"GameView",[-15,-16,-17,-18,-19,-20,-21],[[[6,45,-2],-3,[45,-7,-6,-5,-4,50],[8,6,-8],[8,11,-9],[8,7,-10],[8,8,-11],[46,10,"13",false,-12],[8,13,-13],[8,14,-14]],4,1,4,4,4,4,4,4,4,4],[47,-1,0],[5,1080,1920],[540,960,0,0,0,0,1,1,1,1]],[12,"SpecialBuyView",[-26,-27,-28,-29,-30,-31,-32,-33,-34],[[48,-25,-24,-23,-22,41]],[0,"d21lpyko9GBqZH14qy1CLi",1,0],[5,220,250],[800,1.015,0,0,0,0,1,1,1,1]],[14,"BuyPropView",[-46,-47,-48],[[[24,-36,[[1,"b79d3dKYfRJjJJzVr9ryL2J","onButtonClick",-35]]],-37,[5,13,"onButtonClick",-41,[-40],-39,[[1,"b79d3dKYfRJjJJzVr9ryL2J","onButtonClick",-38]]],[5,15,"onButtonClick",-44,[-43],1,[[1,"b79d3dKYfRJjJJzVr9ryL2J","onButtonClick",-42]]],[13,-45]],4,1,4,4,4],[0,"56HOhs7OpJaJu6VAum3A3F",1,0],[5,220,200],[570,-57.45,0,0,0,0,1,1,1,0]],[19,"GuideNode",[-50,-51,-52,-53,-54,-55,-56,-57,-58,-59,-60],[[6,45,-49]],[0,"b0Egsu2khKLb6dkW6YNEmJ",1,0],[5,980,1260],[0,0,1],[-490,630,0,0,0,0,1,1,1,1]],[12,"BuyBuildTipView",[-68,-69,-70,-71],[[25,3,-62,[[1,"4ca8fG6vFFMyJVt33qQiZGP","onButtonClick",-61]]],[51,-63],[5,9,"onBuiltClick",-66,[-65],1,[[1,"4ca8fG6vFFMyJVt33qQiZGP","onButtonClick",-64]]],[13,-67]],[0,"a6GUXAeyhMJJSmPBuE63Wn",1,0],[5,220,200],[110,-57.45,0,0,0,0,1,1,1,0]],[14,"BuyTaskItemView",[-79,-80,-81,-82],[[[25,3,-73,[[1,"ad94blq3D9BoI5i8CIe2R5E","onButtonClick",-72]]],-74,[5,8,"onTaskBtnClick",-77,[-76],1,[[1,"ad94blq3D9BoI5i8CIe2R5E","onButtonClick",-75]]],[13,-78]],4,1,4,4],[0,"4986TXtNBDaquQVZFlwsGX",1,0],[5,220,200],[340,-57.45,0,0,0,0,1,1,1,0]],[19,"content",[5,6,3,2,-85],[[39,13,400,-83],[17,1,1,10,-84,[5,1120,300]]],[0,"a3NVBxug5Fqo7PV5HttgXj",1,0],[5,1120,300],[0,0,0.5],[-540,0,0,0,0,0,1,1,1,1]],[15,"GuideView",1,[[6,45,-86],[5,2,"GameView_touchEnd",-90,[-88,-89],-87,[[1,"6b9e45Ewv1Ka6sY5NKdkIZ4","touchStart",1],[1,"6b9e45Ewv1Ka6sY5NKdkIZ4","touchEnd",1],[1,"6b9e45Ewv1Ka6sY5NKdkIZ4","touchMove",1]]],[49,3,"GameView_touchEnd2",["GameView&touchStart","GameView&touchEnd","GameView&touchMove"],-94,[-92,-93],-91],[5,4,"GameView_touchEnd2",-98,[-96,-97],-95,[[1,"6b9e45Ewv1Ka6sY5NKdkIZ4","touchStart",1],[1,"6b9e45Ewv1Ka6sY5NKdkIZ4","touchEnd",1],[1,"6b9e45Ewv1Ka6sY5NKdkIZ4","touchMove",1]]],[5,5,"GameView_addFoodByGrid",-101,[-100],-99,[[1,"6b9e45Ewv1Ka6sY5NKdkIZ4","touchStart",1],[1,"6b9e45Ewv1Ka6sY5NKdkIZ4","touchEnd",1],[1,"6b9e45Ewv1Ka6sY5NKdkIZ4","touchMove",1]]],[5,16,"clickFood",-104,[-103],-102,[[1,"6b9e45Ewv1Ka6sY5NKdkIZ4","touchStart",1],[1,"6b9e45Ewv1Ka6sY5NKdkIZ4","touchEnd",1],[1,"6b9e45Ewv1Ka6sY5NKdkIZ4","touchMove",1]]],[5,19,"clickFood",-107,[-106],-105,[[1,"6b9e45Ewv1Ka6sY5NKdkIZ4","touchStart",1],[1,"6b9e45Ewv1Ka6sY5NKdkIZ4","touchEnd",1],[1,"6b9e45Ewv1Ka6sY5NKdkIZ4","touchMove",1]]]],[0,"a8TKsTjHFMeK0g/g9cCpmX",1,0],[5,1080,1920]],[4,"content",1,[-109,-110,-111,4],[[20,16,486.608,173.39200000000005,-108]],[0,"18tShZPR9Cr4LL4nJcAXHg",1,0],[5,980,1260],[0,-156.608,0,0,0,0,1,1,1,1]],[4,"TopInfo",1,[-114,-115],[[40,41,-45.297000000000025,1659.454,200,-112],[52,600,-113]],[0,"d8wOAdBHROFqTNjgeitVl+",1,0],[5,1080,200],[0,905.297,0,0,0,0,1,1,1,1]],[12,"ScrollView",[-119],[[53,false,1,0,-116,[43],44],[56,false,0.75,0.23,null,null,-117,7],[41,40,240,-118]],[0,"337FR5b+dODLfqgnaWted8",1,0],[5,1080,300],[0,-170.096,0,0,0,0,1,1,1,1]],[12,"shelfwindow",[11],[[54,false,1,0,-120,[45]],[42,41,-251.5,293,-121]],[0,"8drWZOa49PLKnH/3BhoGQu",1,0],[5,1080,745],[0,79,0,0,0,0,1,1,1,1]],[32,"view",11,[7],[[57,0,-122,[42]],[43,45,240,250,-123]],[0,"45cYQy59xFZotzLvvKpyq5",1,0],[5,1080,300]],[2,"GameFinger",3,[[7,0,-125,[26],27]],[23,"5chemLNvVMvJjTKMvoKrWJ",-124],[5,292,289],[52.117,-38.314,0,0,0,0,1,0.5,0.5,1]],[15,"button",2,[[6,45,-126],[24,-127,[[1,"b8024eN+j1K24ja+KvbD7+u","onButtonClick",2]]],[13,-128]],[0,"e461PIOT9M2qmG11M01wL8",1,0],[5,220,250]],[33,"frameView",9,[-130,-131],[[6,45,-129]],[0,"bcPtGz57xCe6ZfRXGyHXOJ",1,0],[5,980,1260],[0,0,1],[-490,630,0,0,0,0,1,1,1,1]],[2,"gridSelectionOutline",16,[[7,0,-132,[46],47],[58,0.2,-133]],[0,"6631piG85KqaQhWcm9JY9D",1,0],[5,157,157],[92.496,-86.014,0,0,0,0,1,1,1,1]],[2,"GameFinger",16,[[7,0,-135,[48],49]],[23,"9a3YLxrRRHz6o8HNFITfYt",-134],[5,292,289],[159.556,-160.746,0,0,0,0,1,1,1,1]],[4,"chestMask",4,[-138],[[27,30125,-137,-136]],[0,"f74FNTU9RNA5GARW8iEXf+",1,0],[5,400,400],[664.605,-1136.474,0,0,0,0,1,1,1,1]],[4,"chestMask",4,[-141],[[27,30213,-140,-139]],[0,"3eOEeuQwxFZK3tcnxBOEgU",1,0],[5,400,400],[664.605,-1136.474,0,0,0,0,1,1,1,1]],[16,"loadingbackground",1,[[7,0,-142,[0],1],[21,45,-100,-100,423.29,-3.2899999999999636,1536,1536,-143]],[0,"839UTG+O5FA70k4+PNqCSC",1,0],[5,1280,1500],[0,0.5,1],[0,536.71,0,0,0,0,1,1,1,1]],[34,"loadingbackground",false,1,[[3,1,0,-144,[2],3],[21,45,30,30,549.608,236.39200000000005,1536,1536,-145]],[0,"3bgZlMaYxMRILyi7FxBjxz",1,0],[5,1020,1134],[0,-156.60799999999995,0,0,0,0,1,1,1,1]],[35,"loadingbackground",false,1,[[3,1,0,-146,[4],5],[44,18,-228,-228,348.60799999999995,35.391999999999996,-155,1536,1536,-147]],[0,"66E56nZoVKIa/AEyvYyJ0Z",1,0],[5,1020,1300],[0,0.5,1],[0,495,0,0,0,0,1,1,1,1]],[4,"core_topbg02",10,[-149],[[7,0,-148,[8],9]],[0,"7cKCidgoJKfZkvTkgZ9LY9",1,0],[5,512,220],[0,-145.176,0,0,0,0,1,2.4,2.4,1]],[2,"person",5,[[26,-150,[12],13],[22,18,0.826,3.876,-151]],[0,"0252Q4MW9P+KoVw8YgIRJU",1,0],[5,128,115],[3.876,0.826,0,0,0,0,1,1,1,1]],[4,"cion_icon",5,[-153],[[3,1,0,-152,[15],16]],[0,"21HtjiCaVAt7o94npi6oTM",1,0],[5,50,50],[83.979,70,0,0,0,0,1,1,1,1]],[2,"intion",26,[[18,"!",36,1,1,1,-154,[14]],[28,2,-155,[4,4278453421]]],[0,"33cdEtI1tNvpdY7z+4/NT9",1,0],[5,15.99,54.4],[0.908,3.745,0,0,0,0,1,1.2,0.9,1]],[2,"person",6,[[26,-156,[19],20],[22,18,-2.016,-0.301,-157]],[0,"52ry+k5U1AuIcri4R3uD2r",1,0],[5,144,132],[-0.301,-2.016,0,0,0,0,1,1,1,1]],[4,"cion_icon",6,[-159],[[3,1,0,-158,[22],23]],[0,"122Ke/NTxOxbmGD10Puyqh",1,0],[5,50,50],[84.014,70,0,0,0,0,1,1,1,1]],[2,"intion",29,[[18,"!",36,1,1,1,-160,[21]],[28,2,-161,[4,4278453421]]],[0,"2akzPXxfdByrQLTu7XJ1DW",1,0],[5,15.99,54.4],[0.908,3.745,0,0,0,0,1,1.2,0.9,1]],[2,"bubbleorder_bubble",3,[[3,1,0,-162,[24],25]],[0,"75eZkE3ixNn6aLZ2jwMBf1",1,0],[5,180,180],[0.326,0,0,0,0,0,1,1,1,1]],[9,"New Node",3,[0,"21flCbuQJMFYCmYpRYBg5B",1,0],[36.063,-83.387,0,0,0,0,1,1,1,1]],[4,"bubbleorder_bubble",2,[-164],[[3,1,0,-163,[30],31]],[0,"49xSbDjxFC6bOI6xjw+M2s",1,0],[5,220,160],[0,-70.414,0,0,0,0,1,1,1,1]],[2,"GuideView",2,[[20,45,-3.440000000000019,-26.560000000000016,-165],[50,false,6,"onBuyItemClick",[null],-166,2,[[1,"8f1fffciCxAIbKFHpHnzTzG","onGoButtonClick",2]]]],[0,"8fzQvEcltEUJWRBGIVLd/i",1,0],[5,220,280],[0,-11.560000000000002,0,0,0,0,1,1,1,1]],[4,"img_ui_merger tile_icon_timer_Background",2,[-168],[[3,1,0,-167,[36],37]],[0,"a5SHeOjW1MdqvtKhh6o62i",1,0],[5,150,30],[5.576,-124.693,0,0,0,0,1,1,1,1]],[30,"endLabel",2,[[-169,[60,-170,[4,4291979176]]],1,4],[0,"9bNC368UxJF7xTmJ+kRjgt",1,0],[5,119.4,39.8],[14.131,-123.174,0,0,0,0,1,1,1,1]],[16,"gridView",9,[[6,45,-171]],[0,"2agaIJLYxMbaxXCLP+XXU9",1,0],[5,980,1260],[0,0,1],[-490,630,0,0,0,0,1,1,1,1]],[16,"itemView",9,[[6,45,-172]],[0,"e3WMOYZZRD9K0F5L5zgh+L",1,0],[5,980,1260],[0,0,1],[-490,630,0,0,0,0,1,1,1,1]],[10,"node1",4,[0,"30fpEQU2lJGYMnl3vUDIqe",1,0],[0,0.17,0.8],[532.925,-632.357,0,0,0,0,1,1,1,1]],[10,"node2",4,[0,"63IeEoD1ZHbYJ+XNLJX/9+",1,0],[0,0.17,0.8],[532.925,-822.358,0,0,0,0,1,1,1,1]],[61,1,38,37,17,18],[15,"BottomView",1,[[6,45,-173]],[0,"428yqG7PVOW6r2N90nk9pD",1,0],[5,1080,1920]],[2,"core_topbg03",24,[[7,0,-174,[6],7]],[0,"0chzLqkFNIPKO3AbnoFP79",1,0],[5,1020,57],[0,-111.767,0,0,0,0,1,0.5,0.5,0.41667]],[31,"buyView",10,[12],[0,"b0eUuLdAxPdJqpjd1ad2j7",1,0],[5,1080,400],[0,-186.071,0,0,0,0,1,1,1,1]],[2,"bubbleorder_bubble",5,[[3,1,0,-175,[10],11]],[0,"a9KMG7aaxKyICNHvbOT1cF",1,0],[5,180,180],[-0.467,0,0,0,0,0,1,1,1,1]],[9,"New Node",5,[0,"79E9PPjVBHKa4unvigB6pz",1,0],[88.763,-108.78,0,0,0,0,1,1,1,1]],[2,"bubbleorder_bubble",6,[[3,1,0,-176,[17],18]],[0,"8ej4gXUmtOEYaYtCbyRxA0",1,0],[5,180,180],[-0.858,0,0,0,0,0,1,1,1,1]],[9,"New Node",6,[0,"18paK9jXBOvKLU03U9qgIi",1,0],[91.443,-107.002,0,0,0,0,1,1,1,1]],[62,6],[63,3,31,14],[2,"cion_icon",2,[[7,0,-177,[28],29]],[0,"7b9owJhp9MX4TqEF2LEtSA",1,0],[5,199,125],[-3.063,53.828,0,0,0,0,1,0.9,0.9,0.6]],[2,"layout",33,[[17,1,1,5,-178,[5,50,60]]],[0,"7bNaTuMP9Ooo+pcsF2q5ys",1,0],[5,50,60],[0,-5.686,0,0,0,0,1,1,1,1]],[2,"cion_icon",2,[[7,0,-179,[32],33]],[0,"a7EleDF3REWopDlfHw7b5O",1,0],[5,74,77],[-71.524,-86.991,0,0,0,0,1,0.5,0.5,1]],[2,"img_ui_merger tile_icon_timer_Foreground",35,[[3,1,0,-180,[34],35]],[0,"ef4WhAV9JOaoMsFr3+9sgt",1,0],[5,33,39],[-69.149,1.067,0,0,0,0,1,0.9,0.9,1]],[36,"coinNum",2,[-181],[0,"dctz3WFwRGpbgjp9akDZ16",1,0],[4,4291582105],[5,130.13,50.4],[22.945,-84.402,0,0,0,0,1,1,1,1]],[18,"200/200",36,1,1,1,55,[38]],[59,"1d12h32m",24,30,1,1,1,36,[39]],[37,"itemIcon",2,[-182],[0,"e8N/13tGNK85nAjkPaF9mV",1,0],[5,191,203],[0,0,0],[-27.417,-61.133,0,0,0,0,1,0.3,0.3,1]],[55,58,[40]],[38,"layout",7,[-183],[0,"82DweElbtDSaOt2YL6plWL",1,0],[5,200,300],[1020,0,0,0,0,0,1,1,1,1]],[17,1,1,6,60,[5,200,300]],[10,"node0",4,[0,"39Vj9uIHJJfLuVipSGQ8TQ",1,0],[0,0.17,0.8],[360.957,-661.518,0,0,0,0,1,1,1,1]],[10,"node3",4,[0,"fdn3qntFxKXr4/B8psQ+82",1,0],[0,0.17,0.8],[666.413,-822,0,0,0,0,1,1,1,1]],[10,"node4",4,[0,"c2dFO25SVBn4duy3s5LE5v",1,0],[0,0.75,0.18],[849.588,-1031.884,0,0,0,0,1,1,1,1]],[11,"maskNode1",4,[0,"ca1ne3UiND+aBJm98uHHze",1,0],[5,400,200],[411.938,-635.94,0,0,0,0,1,1,1,1]],[11,"maskNode2",4,[0,"1aFjwXOY9K4aLq/mtN4iKu",1,0],[5,400,400],[495,-707.355,0,0,0,0,1,1,1,1]],[11,"maskNode3",4,[0,"4dUBfJGKRHhLZDejymG8nU",1,0],[5,400,400],[565.908,-774.452,0,0,0,0,1,1,1,1]],[11,"maskNode4",4,[0,"a0ivXPGGhHkK8x1DYGQrNJ",1,0],[5,220,220],[639.714,-767.742,0,0,0,0,1,1,1,1]],[9,"chestNode",19,[0,"30qpNZkwNNALLfOms88uLM",1,0],[365,-300,0,0,0,0,1,1,1,1]],[9,"chestNode",20,[0,"a77c3Ju9lI1YAQmKidKfOq",1,0],[365,-300,0,0,0,0,1,1,1,1]]],0,[0,6,1,0,0,1,0,-2,41,0,8,61,0,9,50,0,10,49,0,0,1,0,0,1,0,0,1,0,0,1,0,0,1,0,0,1,0,0,1,0,0,1,0,-1,21,0,-2,22,0,-3,23,0,-4,42,0,-5,10,0,-6,9,0,-7,8,0,11,57,0,12,59,0,13,56,0,0,2,0,-1,51,0,-2,33,0,-3,53,0,-4,34,0,-5,35,0,-6,55,0,-7,36,0,-8,58,0,-9,15,0,4,3,0,0,3,0,-2,50,0,4,3,0,5,3,0,-1,32,0,0,3,0,4,3,0,-1,32,0,0,3,0,0,3,0,-1,31,0,-2,32,0,-3,14,0,0,4,0,-1,62,0,-2,39,0,-3,40,0,-4,63,0,-5,64,0,-6,65,0,-7,66,0,-8,67,0,-9,68,0,-10,19,0,-11,20,0,4,5,0,0,5,0,0,5,0,4,5,0,-1,46,0,0,5,0,0,5,0,-1,45,0,-2,25,0,-3,26,0,-4,46,0,4,6,0,0,6,0,-2,49,0,4,6,0,-1,48,0,0,6,0,0,6,0,-1,47,0,-2,28,0,-3,29,0,-4,48,0,0,7,0,0,7,0,-5,60,0,0,8,0,5,65,0,-1,62,0,-2,39,0,0,8,0,5,66,0,-1,39,0,-2,40,0,0,8,0,5,67,0,-1,40,0,-2,63,0,0,8,0,5,68,0,-1,64,0,0,8,0,5,19,0,-1,69,0,0,8,0,5,20,0,-1,70,0,0,8,0,0,9,0,-1,37,0,-2,16,0,-3,38,0,0,10,0,0,10,0,-1,24,0,-2,44,0,0,11,0,0,11,0,0,11,0,-1,13,0,0,12,0,0,12,0,0,13,0,0,13,0,6,14,0,0,14,0,0,15,0,0,15,0,0,15,0,0,16,0,-1,17,0,-2,18,0,0,17,0,0,17,0,6,18,0,0,18,0,7,41,0,0,19,0,-1,69,0,7,41,0,0,20,0,-1,70,0,0,21,0,0,21,0,0,22,0,0,22,0,0,23,0,0,23,0,0,24,0,-1,43,0,0,25,0,0,25,0,0,26,0,-1,27,0,0,27,0,0,27,0,0,28,0,0,28,0,0,29,0,-1,30,0,0,30,0,0,30,0,0,31,0,0,33,0,-1,52,0,0,34,0,0,34,0,0,35,0,-1,54,0,-1,57,0,0,36,0,0,37,0,0,38,0,0,42,0,0,43,0,0,45,0,0,47,0,0,51,0,0,52,0,0,53,0,0,54,0,-1,56,0,-1,59,0,-1,61,0,14,1,2,3,7,3,3,7,4,3,9,5,3,7,6,3,7,7,3,13,11,3,12,12,3,44,183],[0,0,0,0,0,0,0,0,0,0,0,0,0,0,0,0,0,0,0,0,0,0,0,0,0,0,0,0,0,0,0,0,0,0,0,0,0,0,0,0,0,0,0,0,0,0,0,0,0,0,0,50,59,41,41],[-1,1,-1,1,-1,1,-1,1,-1,1,-1,1,-1,1,-1,-1,1,-1,1,-1,1,-1,-1,1,-1,1,-1,1,-1,1,-1,1,-1,1,-1,1,-1,1,-1,-1,-1,15,-1,-1,1,-1,-1,1,-1,1,16,17,1,18,19],[0,10,0,4,0,4,0,11,0,12,0,2,0,13,0,0,5,0,2,0,14,0,0,5,0,2,0,6,0,15,0,16,0,17,0,18,0,19,0,0,0,20,0,0,21,0,0,22,0,6,23,7,24,25,7]],[[{"name":"core_topbg02","rect":[0,0,1024,440],"offset":[0,0],"originalSize":[1024,440],"capInsets":[0,0,0,0]}],[0],0,[0],[2],[26]],[[{"name":"gifttt","rect":[1,1552,199,125],"offset":[0,0],"originalSize":[199,125],"capInsets":[0,0,0,0]}],[0],0,[0],[2],[1]]]]