[1,["ecpdLyjvZBwrvm+cedCcQy","f0BIwQ8D5Ml7nTNQbh1YlS","e97GVMl6JHh5Ml5qEDdSGa","29FYIk+N1GYaeWH/q1NxQO","e6IHWjSOpOGo8d5zSGeyZq","bbWavOmdJAY6LmahUxp5q5","6bLJhxOZhOoYWNT8iyt3WS","b4gGqH8K9HP6gN0NfL9SgO","a6EdqSfaZMvLF1j8XYp2jC","18Fi3Zka1M+JtN7s3VlDvG","a2MjXRFdtLlYQ5ouAFv/+R","c4rACV/vJLG4uf4j+cNEln","e9Co+ZLlFFIJOowMrh6tO1","4cncczUxNBipHP9CQ7O3pV","0b9Eh7/c5DmZ+UOqQXYUZC","c07rXBAAZMNIoC5horxwbs","c1BhJwen9I3LarkvN7DdVF","b9PoUbQ59Hv4W3D8x0Sq2i","f1gKqS+m9Cs7awRlipmhSs","06ZEQNm2FNtoFP3jRO7ZJK","a9EB1mkQlLnLtoSCMte3F3","18YPpppxVF3J5ajNyfrfUi","11wCx5QV1Nib2FbKU6dcSW","41x0ZDnWlElLXsc5ZuHhc0"],["node","_spriteFrame","_N$normalSprite","_N$pressedSprite","_N$hoverSprite","_N$disabledSprite","_parent","_textureSetter","root","tip","freeLabel","itemIcon","replayBtn","egg","boxNode","eggNode","eggshell","shells","chuizi","box","back$VButton","click$VButton","progressBar","giftBox$VSprite","_N$target","data"],[["cc.Node",["_name","_opacity","_active","_prefab","_contentSize","_components","_parent","_trs","_children","_color","_anchorPoint"],0,4,5,9,1,7,2,5,5],["cc.Widget",["_alignFlags","_originalWidth","_originalHeight","_top","alignMode","_bottom","_verticalCenter","_left","_right","node"],-6,1],["cc.Sprite",["_sizeMode","_type","node","_materials","_spriteFrame"],1,1,3,6],["cc.Node",["_name","_active","_parent","_components","_prefab","_contentSize","_trs","_color","_anchorPoint"],1,1,2,4,5,7,5,5],"cc.SpriteFrame",["cc.Button",["_N$transition","node","_N$normalColor","_N$pressedColor","_N$disabledColor","clickEvents","_N$target","_N$normalSprite","_N$pressedSprite","_N$hoverSprite","_N$disabledSprite"],2,1,5,5,5,9,1,6,6,6,6],["cc.Node",["_name","_parent","_components","_prefab","_contentSize","_trs","_children","_color"],2,1,12,4,5,7,2,5],["cc.Label",["_string","_N$horizontalAlign","_N$verticalAlign","_fontSize","_styleFlags","_lineHeight","_enableWrapText","_N$overflow","_N$cacheMode","_isSystemFontUsed","node","_materials"],-7,1,3],["cc.PrefabInfo",["fileId","root","asset"],2,1,1],["cc.Prefab",["_name"],2],["865410Cld1AapdUHEVHJZRk",["node","giftBox$VSprite","progressBar","click$VButton","back$VButton","box","chuizi","shells","eggshell","eggNode","boxNode","egg","replayBtn","itemIcon","freeLabel","tip"],3,1,1,1,1,1,1,1,1,1,1,1,1,1,1,1,1],["cc.BlockInputEvents",["node"],3,1],["18b25Yo4StEFa9Z10s6D5Ry",["node"],3,1],["402e5u5iilMuKgwl+GBNTjo",["node"],3,1],["cc.ClickEvent",["_componentId","handler","target"],1,1],["339bcmA25RDwY0A+HoW+jmX",["node"],3,1],["cc.Mask",["_N$alphaThreshold","node","_materials"],2,1,3],["cc.Layout",["_N$layoutType","_N$spacingX","node"],1,1],["cc.LabelOutline",["_width","node","_color"],2,1,5],["36f71SKPHtGWKcEBexxDpHC",["node"],3,1],["cc.ProgressBar",["_N$totalLength","node","_N$barSprite"],2,1,1]],[[8,0,1,2,2],[0,0,6,5,3,4,7,2],[2,2,3,4,1],[0,0,6,8,5,3,4,7,2],[0,0,8,5,3,4,7,2],[0,0,6,5,3,9,4,7,2],[2,1,0,2,3,4,3],[14,0,1,2,3],[15,0,1],[18,0,1,2,2],[2,2,3,1],[7,0,3,5,6,4,1,2,7,8,10,11,10],[1,4,0,7,8,3,5,1,2,9,9],[2,0,2,3,4,2],[5,0,1,5,2,3,4,6,7,8,9,10,2],[0,0,6,8,5,3,4,2],[0,0,2,6,5,3,4,7,3],[6,0,1,6,2,3,4,5,2],[1,0,1,2,9,4],[1,0,6,9,3],[5,1,2,3,4,7,8,9,10,1],[7,0,4,1,2,10,11,5],[7,0,3,9,1,2,10,11,6],[9,0,2],[0,0,8,3,4,10,7,2],[0,0,1,6,5,3,9,4,3],[0,0,6,8,3,7,2],[0,0,6,5,3,4,2],[6,0,1,2,3,4,5,2],[6,0,1,2,3,7,4,5,2],[3,0,2,3,4,7,5,6,2],[3,0,1,2,3,4,5,6,3],[3,0,2,3,4,5,6,2],[3,0,1,2,3,4,5,8,6,3],[3,0,2,3,4,7,5,8,6,2],[1,0,3,9,3],[1,0,9,2],[1,4,0,3,5,1,2,9,7],[10,0,1,2,3,4,5,6,7,8,9,10,11,12,13,14,15,1],[11,0,1],[12,0,1],[13,0,1],[8,1,2,1],[2,0,2,3,2],[2,1,0,2,3,3],[5,1,5,2,3,4,1],[5,0,1,5,2,3,4,6,2],[16,0,1,2,2],[17,0,1,2,3],[19,0,1],[20,0,1,2,2]],[[[{"name":"font1","rect":[515,1,586,164],"offset":[0,0],"originalSize":[588,164],"capInsets":[290,0,290,0]}],[4],0,[0],[7],[6]],[[{"name":"Rays1","rect":[1,1,512,512],"offset":[0,0],"originalSize":[512,512],"capInsets":[0,0,0,0]}],[4],0,[0],[7],[6]],[[[23,"CrazyClickView"],[4,"CrazyClickView",[-22,-23,-24,-25],[[18,45,1280,720,-2],[38,-18,-17,-16,-15,-14,-13,-12,-11,-10,-9,-8,-7,-6,-5,-4,-3],[39,-19],[40,-20],[41,-21]],[42,-1,0],[5,1080,1920],[540,960,0,0,0,0,1,1,1,1]],[24,"box",[-26,-27,-28,-29,-30,-31,-32,-33,-34],[0,"28/OV/qWBLrYNrZzM//8F9",1,0],[5,420,420],[0,0,0],[-221.809,-74.324,0,0,0,0,1,1,1,1]],[4,"box",[2,-36,-37,-38,-39,-40,-41],[[19,18,-30,-35]],[0,"0e1QKiKOdIo6bAw1OmUcMT",1,0],[5,720,820],[0,-30,0,0,0,0,1,0.9,0.9,1]],[4,"mide",[-43,-44,-45,-46,-47,-48,-49],[[19,18,-830,-42]],[0,"28d9oM+rJAh6KIumWOC/E7",1,0],[5,500,800],[0,-830,0,0,0,0,1,1,1,1]],[4,"Background",[-52,-53],[[6,1,0,-50,[37],38],[12,0,45,-56.509,-13.490999999999957,-15,-15,100,40,-51]],[0,"7ebl+JfJpA2bclqKwSDcDI",1,0],[5,300,134],[-21.509000000000015,0,0,0,0,0,1,1,1,0]],[4,"Background",[-56,-57],[[6,1,0,-54,[47],48],[12,0,45,-35,-35,-15,-15,100,40,-55]],[0,"abaVaySiVLJaamakPsqBSL",1,0],[5,300,134],[0,0,0,0,0,0,1,1,1,0]],[3,"eggshell",4,[-59,-60],[[10,-58,[56]]],[0,"75ETQKIUtKHrjfE8ev85QT",1,0],[5,229,212],[0,58.389,0,0,0,0,1,1,1,1]],[3,"replayBtn",4,[-64],[[14,3,-62,[[7,"865410Cld1AapdUHEVHJZRk","replayButtonClick",1]],[4,4293322470],[4,4291348680],[4,3363338360],-61,67,68,69,70],[8,-63]],[0,"f8X8Annb1KpYvKB+6YbNW2",1,0],[5,230,104],[0,-310.6,0,0,0,0,1,1,1,1]],[3,"Background",8,[-67],[[6,1,0,-65,[65],66],[12,0,45,-85,-85,-15,-15,100,40,-66]],[0,"7bYC9okfxJbalQgwPwqinf",1,0],[5,400,134],[0,0,0,0,0,0,1,1,1,0]],[4,"font1",[-70,-71],[[2,-68,[75],76],[35,17,408,-69]],[0,"ae/HHFmslNYJPqxulTZzSb",1,0],[5,586,164],[0,470,0,0,0,0,1,1,1,2]],[15,"content",1,[-73,10],[[36,18,-72]],[0,"079i0yw7RJZ5mTwYGQmSyO",1,0],[5,1080,1920]],[15,"mask",11,[3,4],[[47,0,-74,[71]]],[0,"fcBmuxg0tNCbQNO960/PXK",1,0],[5,900,800]],[3,"speBtn",3,[5],[[14,3,-75,[[7,"865410Cld1AapdUHEVHJZRk","onLeftButtonClick",1]],[4,4293322470],[4,4291348680],[4,3363338360],5,39,40,41,42],[8,-76]],[0,"5bve//MmJPwLgoNzJ3IPaf",1,0],[5,230,104],[-130.124,-280.912,0,0,0,0,1,1,1,1]],[3,"normalBtn",3,[6],[[14,3,-77,[[7,"865410Cld1AapdUHEVHJZRk","onRightButtonClick",1]],[4,4293322470],[4,4291348680],[4,3363338360],6,49,50,51,52],[8,-78]],[0,"f0TEOE8bBGebYHmMX/HYTs",1,0],[5,230,104],[177.927,-280.912,0,0,0,0,1,1,1,1]],[3,"New Node",6,[-80,-81],[[48,1,-2,-79]],[0,"29CVNU5ltFB4qY+B0prbPd",1,0],[5,80,50],[-89.112,5.742,0,0,0,0,1,1,1,1]],[17,"progress$V",4,[-84],[[[6,1,0,-82,[60],61],-83],4,1],[0,"c5OSFgpkNKpaLntKjuxOKt",1,0],[5,290,30],[0,325.747,0,0,0,0,1,1,1,1]],[17,"back$V",10,[-87],[[-85,[8,-86]],1,4],[0,"7331Hu4DxJDLGw9pa+dPH+",1,0],[5,103,114],[365.491,68.313,0,0,0,0,1,1,1,0.5]],[5,"Background",17,[[6,1,0,-88,[72],73],[37,0,45,4.5,4.5,100,40,-89]],[0,"0fz3dquvZG7pRiVHqNE2pH",1,0],[4,4293322470],[5,103,105],[0,0,0,0,0,0,1,1,1,0]],[25,"New Sprite(Splash)",148,1,[[13,0,-90,[0],1],[18,45,100,100,-91]],[0,"a2iR93FNZO26D+hHl51sSR",1,0],[4,4278190080],[5,1080,1920]],[3,"eggbox",3,[-93],[[2,-92,[24],25]],[0,"0eJXLefxhAuIU0RpFHfjv2",1,0],[5,702,677],[0,206.943,0,0,0,0,1,0.8,0.8,1]],[3,"eggbox copy",3,[-95],[[13,0,-94,[30],31]],[0,"2cwZ/tPGdM77eX65vGBNRj",1,0],[5,946,632],[10.961,-156.178,0,0,0,0,1,0.8,0.8,1]],[5,"Label",5,[[11,"稀有",50,50,false,1,1,1,1,1,-96,[34]],[9,3,-97,[4,4290209870]]],[0,"6fu58PFlJB3rl9dnEGfBqp",1,0],[4,4294506751],[5,100,60],[47.186,5.47,0,0,0,0,1,1,1,1]],[28,"count",15,[[-98,[9,3,-99,[4,4278268338]]],1,4],[0,"e6xAzh2IVH1p354luDqpc0",1,0],[5,41.57,56.4],[59.785,-18.257,0,0,0,0,1,1,1,1]],[5,"Label",6,[[11,"普通",50,50,false,1,1,1,1,1,-100,[46]],[9,3,-101,[4,4280321868]]],[0,"8b2pDIErJHGa7vuRnBhVNN",1,0],[4,4294506751],[5,100,60],[48.434,8.717,0,0,0,0,1,1,1,1]],[1,"win_light2",7,[[13,0,-102,[53],54],[49,-103]],[0,"d92IRAHY1Mvoodib03+jYC",1,0],[5,512,505],[-13.121,2.308,0,0,0,0,1,1,1,1]],[26,"shell",4,[-104],[0,"e7tGUreUFL1obDekGmLt3g",1,0],[0,52.205,0,0,0,0,1,1,1,1]],[29,"click$V",4,[[-105,[8,-106]],1,4],[0,"c4SHE/9zZApLFp2zYQRbc6",1,0],[4,4293322470],[5,299,200],[0,63.112,0,0,0,0,1,1,1,1]],[1,"chuizi",4,[[2,-107,[62],63]],[0,"6bfBWrb8pPE5svkJPfxgSy",1,0],[5,100,99],[114.778,-2.23,0,0,0,0,1,1,1,1]],[5,"Label",9,[[11,"再来一次",50,50,false,1,1,1,1,1,-108,[64]],[9,3,-109,[4,4280321868]]],[0,"06PsuFo9JOio0L6qNYgDW8",1,0],[4,4294506751],[5,200,60],[0,11.067,0,0,0,0,1,1,1,1]],[5,"Label",10,[[11,"幸运扭蛋",60,50,false,1,1,1,1,1,-110,[74]],[9,5,-111,[4,4278418151]]],[0,"d7MzlSbAVCHo0Xb+r83hB9",1,0],[4,4294506751],[5,400,80],[5.549,30.916,0,0,0,0,1,1,1,1]],[1,"egg0",2,[[2,-112,[2],3]],[0,"70qJQLtYFLcrLVRMdU2avl",1,0],[5,100,93],[214.539,251.315,0,0,0,0,1,1.5,1.5,1]],[1,"egg1",2,[[2,-113,[4],5]],[0,"09UhkLJPBMEaCKxA/Xi6qO",1,0],[5,100,93],[294.887,253.414,0,0,0,0,1,1.5,1.5,1]],[1,"egg3",2,[[2,-114,[6],7]],[0,"50D2W8+PJBI48YNGzOXhFT",1,0],[5,100,92],[217.188,87.993,0,0,0,0,1,1.5,1.5,1]],[1,"egg1",2,[[2,-115,[8],9]],[0,"705e1KCMBBKKyg5ZEfx44o",1,0],[5,100,93],[305.318,108.335,0,0,0,0,1,1.5,1.5,1]],[1,"egg2",2,[[2,-116,[10],11]],[0,"37bRMO7QFGZaXY/c6ccWCa",1,0],[5,100,93],[144.721,217.311,0,0,0,0,1,1.5,1.5,1]],[1,"egg3",2,[[2,-117,[12],13]],[0,"142ovpwQtJSYqoUpbjry0F",1,0],[5,100,92],[105.32,112.852,0,0,0,0,1,1.5,1.5,1]],[1,"egg2",2,[[2,-118,[14],15]],[0,"67ZiWmRYBFVbPgPsjAzTtU",1,0],[5,100,93],[347.33,129.683,0,0,0,0,1,1.5,1.5,1]],[1,"egg0",2,[[2,-119,[16],17]],[0,"967jNenu5IX6fSIdtJca10",1,0],[5,100,93],[271.401,131.838,0,0,0,0,1,1.5,1.5,1]],[1,"egg1",2,[[2,-120,[18],19]],[0,"36ETsGjCJEsb+E4wKPqNPv",1,0],[5,100,93],[88.71,159.918,0,0,0,0,1,1.5,1.5,1]],[1,"button",20,[[20,-121,[4,4293322470],[4,4291348680],[4,3363338360],20,21,22,23]],[0,"6267J7Qa5CfaQFSrM2vRFX",1,0],[5,150,150],[2.103,-228.815,0,0,0,0,1,1,1,1]],[1,"button",21,[[20,-122,[4,4293322470],[4,4291348680],[4,3363338360],26,27,28,29]],[0,"86g8kZMBxNOofaFNgzMDkB",1,0],[5,150,150],[2.103,-228.815,0,0,0,0,1,1,1,1]],[30,"tipLabel",3,[-123],[0,"de6SgNJg5BXqFYIKmguk81",1,0],[4,4294394210],[5,422.25,50.4],[-21.263,-83.908,0,0,0,0,1,1,1,1]],[21,"每扭蛋5次必中稀有物品",1,1,1,42,[32]],[31,"egg",false,3,[-124],[0,"1c7pJScZxFsKb9T9fzeMvZ",1,0],[5,202,188],[277.859,-68.381,0,0,0,0,1,0.8,0.8,0.8]],[10,44,[33]],[1,"ad",5,[[2,-125,[35],36]],[0,"abzABbLbBFaa1l5E+DWDUG",1,0],[5,72,70],[-60.563,6.212,0,0,0,0,1,1,1,1]],[1,"energy1",15,[[2,-126,[43],44]],[0,"efDT7qQF9H76KA2YlsJ/Pi",1,0],[5,81,76],[28.264,0.88,0,0,0,0,1,1,1,1]],[21,"-5",1,1,1,23,[45]],[32,"itemIcon",7,[-127],[0,"b16BtcMZ1AVp0jq4g2AAjd",1,0],[5,40,36],[-8.863,0.119,0,0,0,0,1,1,1,1]],[10,49,[55]],[33,"giftBox$V",false,4,[-128],[0,"78Hy1mb8NJloHN8f89KS7t",1,0],[5,202,188],[0,0.5,0],[0,-26.517,0,0,0,0,1,1,1,1]],[43,0,51,[57]],[27,"eggshell1",26,[[10,-129,[58]]],[0,"43AEuV/oNAxIj28hIgpImB",1,0],[5,58,42]],[34,"bar",16,[-130],[0,"7cKRkDADxFYIk7UzEuiJJk",1,0],[4,4294958560],[5,300,38],[0,0,0.5],[-149.065,-5.329,0,0,0,0,1,1,1,1]],[44,1,0,54,[59]],[50,300,16,55],[45,27,[[7,"865410Cld1AapdUHEVHJZRk","onclick$VButtonClick",1]],[4,4293322470],[4,4291348680],[4,3363338360]],[46,3,17,[[7,"865410Cld1AapdUHEVHJZRk","onback$VButtonClick",1]],[4,4293322470],[4,4291348680],[4,3363338360],18],[16,"New Label",false,1,[[22,"高级道具",50,false,1,1,-131,[77]]],[0,"58PZdWJsxFlJJiILHmsRhs",1,0],[5,207.81,40],[-165.121,-453.694,0,0,0,0,1,1,1,1]],[16,"New Label copy",false,1,[[22,"低级道具",50,false,1,1,-132,[78]]],[0,"445r9Q/79H5qizIT/tzKNX",1,0],[5,207.81,40],[214.391,-453.694,0,0,0,0,1,1,1,1]]],0,[0,8,1,0,0,1,0,9,43,0,10,48,0,11,50,0,12,8,0,13,45,0,14,3,0,15,4,0,16,7,0,17,26,0,18,28,0,19,2,0,20,58,0,21,57,0,22,56,0,23,52,0,0,1,0,0,1,0,0,1,0,0,1,0,-1,19,0,-2,11,0,-3,59,0,-4,60,0,-1,31,0,-2,32,0,-3,33,0,-4,34,0,-5,35,0,-6,36,0,-7,37,0,-8,38,0,-9,39,0,0,3,0,-2,20,0,-3,21,0,-4,42,0,-5,44,0,-6,13,0,-7,14,0,0,4,0,-1,7,0,-2,51,0,-3,26,0,-4,16,0,-5,27,0,-6,28,0,-7,8,0,0,5,0,0,5,0,-1,22,0,-2,46,0,0,6,0,0,6,0,-1,15,0,-2,24,0,0,7,0,-1,25,0,-2,49,0,24,9,0,0,8,0,0,8,0,-1,9,0,0,9,0,0,9,0,-1,29,0,0,10,0,0,10,0,-1,17,0,-2,30,0,0,11,0,-1,12,0,0,12,0,0,13,0,0,13,0,0,14,0,0,14,0,0,15,0,-1,47,0,-2,23,0,0,16,0,-2,56,0,-1,54,0,-1,58,0,0,17,0,-1,18,0,0,18,0,0,18,0,0,19,0,0,19,0,0,20,0,-1,40,0,0,21,0,-1,41,0,0,22,0,0,22,0,-1,48,0,0,23,0,0,24,0,0,24,0,0,25,0,0,25,0,-1,53,0,-1,57,0,0,27,0,0,28,0,0,29,0,0,29,0,0,30,0,0,30,0,0,31,0,0,32,0,0,33,0,0,34,0,0,35,0,0,36,0,0,37,0,0,38,0,0,39,0,0,40,0,0,41,0,-1,43,0,-1,45,0,0,46,0,0,47,0,-1,50,0,-1,52,0,0,53,0,-1,55,0,0,59,0,0,60,0,25,1,2,6,3,3,6,12,4,6,12,5,6,13,6,6,14,10,6,11,132],[0,0,0,0,0,0,0,0,0,0,0,0,0,0,0,0,0,0,0,0,0,0,0,0,0,0,0,0,0,0,0,0,0,0,0,0,0,0,0,0,0,0,0,0,0,0,0,0,0,0,0,0,0,0,0,0,0,0,0,0,0,0,0,0,0,0,0,0,0,0,0,0,0,0,0,0,0,0,0,45,52,55,57,57,57,57,58,58,58,58],[-1,1,-1,1,-1,1,-1,1,-1,1,-1,1,-1,1,-1,1,-1,1,-1,1,2,3,4,5,-1,1,2,3,4,5,-1,1,-1,-1,-1,-1,1,-1,1,2,3,4,5,-1,1,-1,-1,-1,1,2,3,4,5,-1,1,-1,-1,-1,-1,-1,-1,1,-1,1,-1,-1,1,2,3,4,5,-1,-1,1,-1,-1,1,-1,-1,1,1,1,2,3,4,5,2,3,4,5],[0,10,0,4,0,5,0,7,0,5,0,8,0,7,0,8,0,4,0,5,1,2,1,3,0,11,1,2,1,3,0,12,0,0,0,0,13,0,14,1,2,1,3,0,15,0,0,0,9,1,2,1,3,0,16,0,0,0,0,0,0,17,0,18,0,0,9,1,2,1,3,0,0,19,0,0,20,0,0,4,4,21,1,2,1,3,1,2,1,3]],[[{"name":"eggbox","rect":[0,1,702,677],"offset":[0,-0.5],"originalSize":[702,678],"capInsets":[0,0,0,0]}],[4],0,[0],[7],[22]],[[{"name":"eggbox2","rect":[1,65,946,632],"offset":[0.5,-32.5],"originalSize":[947,697],"capInsets":[0,0,0,0]}],[4],0,[0],[7],[23]]]]