[1,["ecpdLyjvZBwrvm+cedCcQy","cfgcT/cyhBNZg1OyqWn629","2bGpBcanxNT469UVYOH/6K"],["node","_parent","root","data","_spriteFrame","_textureSetter"],[["cc.Node",["_name","_prefab","_trs","_components","_contentSize","_parent","_children","_anchorPoint"],2,4,7,9,5,1,2,5],["cc.Node",["_name","_parent","_children","_prefab","_contentSize","_trs","_anchorPoint"],2,1,12,4,5,7,5],["cc.Widget",["_alignFlags","_left","_right","_bottom","_originalWidth","_originalHeight","node"],-3,1],["cc.PrefabInfo",["fileId","root","asset"],2,1,1],["cc.Sprite",["_sizeMode","node","_materials","_spriteFrame"],2,1,3,6],"cc.SpriteFrame",["cc.Prefab",["_name"],2],["2e822PuXo1Et4ruxitsDHX/",["node"],3,1]],[[3,0,1,2,2],[0,0,5,1,2,2],[4,1,2,1],[0,0,5,3,1,4,7,2,2],[0,0,5,3,1,4,2,2],[1,0,1,2,3,4,6,5,2],[1,0,1,2,3,4,5,2],[6,0,2],[0,0,6,3,1,4,2,2],[0,0,5,6,3,1,4,7,2,2],[2,0,6,2],[2,0,1,2,3,4,5,6,7],[7,0,1],[3,1,2,1],[4,0,1,2,3,2]],[[[[7,"SceneView5"],[8,"SceneView5",[-4],[[10,45,-2],[12,-3]],[13,-1,0],[5,1080,1920],[540,960,0,0,0,0,1,1,1,1]],[9,"bgImg",1,[-7,-8,-9,-10,-11,-12,-13,-14,-15,-16],[[14,0,-5,[10],11],[11,1,-110,-110,-64,1300,2048,-6]],[0,"ffjrMPN2BC16I0chNA1XBZ",1,0],[5,1300,2048],[0,0.5,1],[0,960,0,0,0,0,1,1,1,1]],[5,"6",2,[[-17,[1,"pos",-18,[0,"21gcttu81AmaZS83fcNAEg",1,0],[279.845,-329.241,0,0,0,0,1,1,1,1]]],1,4],[0,"fcOpai80dHM5o82E4Z1kAN",1,0],[5,800,374],[0,0.5,1],[26.961,-206.396,0,0,0,0,1,1,1,1]],[6,"1",2,[[-19,[1,"pos",-20,[0,"0eZt56BExAIbOVAY9nGNcn",1,0],[-64.857,78.532,0,0,0,0,1,1,1,1]]],1,4],[0,"d2wrg6zKFG44Cwc9ThMOi4",1,0],[5,265,193],[117.05,-875.282,0,0,0,0,1,1,1,1]],[5,"4",2,[[-21,[1,"pos",-22,[0,"a36dIgn1tImY3WSIb/YPXj",1,0],[-273.5,179.416,0,0,0,0,1,1,1,1]]],1,4],[0,"8cA5rg0NpMy5kDybA9Fqbx",1,0],[5,338,237],[0,0.5,0],[321.376,-1314.086,0,0,0,0,1,1,1,1]],[6,"2",2,[[-23,[1,"pos",-24,[0,"559mNMX+ZMYaPa0uzX5FvO",1,0],[-29.712,-28.508,0,0,0,0,1,1,1,1]]],1,4],[0,"d0/1DzNxhPe4W5Krp6cm18",1,0],[5,141,175],[-7.643,-507.483,0,0,0,0,1,1,1,1]],[5,"3",2,[[-25,[1,"pos",-26,[0,"6cltuIgiZKiLMZ/T6TsWuO",1,0],[-17.997,448.642,0,0,0,0,1,1,1,1]]],1,4],[0,"82k1yaH7RIi6oZpTBQj3Hj",1,0],[5,165,306],[0,0.5,0],[-381.928,-1254.922,0,0,0,0,1,1,1,1]],[6,"8",2,[[-27,[1,"pos",-28,[0,"24SvkHeDpOErhH6jNQpFDM",1,0],[-22.469,14.949,0,0,0,0,1,1,1,1]]],1,4],[0,"83LksiHa9IFLg8DwZp7TGj",1,0],[5,238,288],[-369.253,-1629.261,0,0,0,0,1,1,1,1]],[5,"5",2,[[-29,[1,"pos",-30,[0,"9aY8AgeSFHaYFRHpSfXsip",1,0],[-132.61,161.803,0,0,0,0,1,1,1,1]]],1,4],[0,"6eUj80NF1DALlEMwiu3HH5",1,0],[5,143,195],[0,0.5,0],[408.188,-1424.597,0,0,0,0,1,1,1,1]],[6,"9",2,[[-31,[1,"pos",-32,[0,"76miULKr5I+I8a7VYE8kS9",1,0],[-187.68,14.949,0,0,0,0,1,1,1,1]]],1,4],[0,"8eKaTG6QxL5ptKGlYLhygX",1,0],[5,228,285],[421.211,-1591.783,0,0,0,0,1,1,1,1]],[5,"7",2,[[-33,[1,"pos",-34,[0,"2dMUuwsVVKY5k4LjVKNKf0",1,0],[-19.848,197.67,0,0,0,0,1,1,1,1]]],1,4],[0,"3d556ssRhDBb6GQgLdCy8i",1,0],[5,137,222],[0,0.5,0],[-125.857,-1450.327,0,0,0,0,1,1,1,1]],[6,"10",2,[[-35,[1,"pos",-36,[0,"2aAk0sUvFG5IgQ3dzhADNI",1,0],[-71.655,-44.074,0,0,0,0,1,1,1,1]]],1,4],[0,"88V1uurrNJtYpTJxTX+td4",1,0],[5,155,136],[43.427,-1783.479,0,0,0,0,1,1,1,1]],[3,"room_items_05_06_00",3,[[2,-37,[0]]],[0,"acyEBfC+5E9pAcNoxpcOFW",1,0],[5,800,374],[0,0.5,1],[0,0,0,0,0,0,1,2,2,1]],[4,"room_items_05_01_00",4,[[2,-38,[1]]],[0,"cf34ZVjUJM/4DhjLZSfRi0",1,0],[5,265,193],[0,0,0,0,0,0,1,2,2,1]],[3,"room_items_05_04_00",5,[[2,-39,[2]]],[0,"daoq7/FyBKL7dUuoLQ1QGj",1,0],[5,338,237],[0,0.5,0],[0,0,0,0,0,0,1,2,2,1]],[4,"room_items_05_02_00",6,[[2,-40,[3]]],[0,"c2W8LNxyJNzr+gNmKCSUJZ",1,0],[5,141,175],[0,0,0,0,0,0,1,2,2,1]],[3,"room_items_05_03_00",7,[[2,-41,[4]]],[0,"b6i35eSVNGmKuFdIsvpFAt",1,0],[5,165,306],[0,0.5,0],[0,0,0,0,0,0,1,2,2,1]],[4,"room_items_05_08_00",8,[[2,-42,[5]]],[0,"535vwhpMtJOJ3tEbcr1KI1",1,0],[5,238,288],[0,0,0,0,0,0,1,2,2,1]],[3,"room_items_05_05_00",9,[[2,-43,[6]]],[0,"adDgyrIxFCRZ8BKue86C5O",1,0],[5,143,195],[0,0.5,0],[0,0,0,0,0,0,1,2,2,1]],[4,"room_items_05_09_00",10,[[2,-44,[7]]],[0,"c12uq1DwtOqo0AuyIqe0YI",1,0],[5,228,285],[0,0,0,0,0,0,1,2,2,1]],[3,"room_items_05_07_00",11,[[2,-45,[8]]],[0,"25IuWNo3pJsI1Xcgh496Z/",1,0],[5,137,222],[0,0.5,0],[0,0,0,0,0,0,1,2,2,1]],[4,"room_items_05_10_00",12,[[2,-46,[9]]],[0,"ccofFWdrdLd61UqV+mXdPB",1,0],[5,155,136],[0,0,0,0,0,0,1,2,2,1]]],0,[0,2,1,0,0,1,0,0,1,0,-1,2,0,0,2,0,0,2,0,-1,3,0,-2,4,0,-3,5,0,-4,6,0,-5,7,0,-6,8,0,-7,9,0,-8,10,0,-9,11,0,-10,12,0,-1,13,0,1,3,0,-1,14,0,1,4,0,-1,15,0,1,5,0,-1,16,0,1,6,0,-1,17,0,1,7,0,-1,18,0,1,8,0,-1,19,0,1,9,0,-1,20,0,1,10,0,-1,21,0,1,11,0,-1,22,0,1,12,0,0,13,0,0,14,0,0,15,0,0,16,0,0,17,0,0,18,0,0,19,0,0,20,0,0,21,0,0,22,0,3,1,46],[0,0,0,0,0,0,0,0,0,0,0,0],[-1,-1,-1,-1,-1,-1,-1,-1,-1,-1,-1,4],[0,0,0,0,0,0,0,0,0,0,0,1]],[[{"name":"back_05","rect":[0,0,650,1024],"offset":[0,0],"originalSize":[650,1024],"capInsets":[0,0,0,0]}],[5],0,[0],[5],[2]]]]