[1,["1bvAWQ8HZEEpx5DhdqhhYM","7fi6JHLFJEoZXoST1MHQ/U","341bLmRPBItrSe+L8rv6pa","8dA/hrTnNE8bgEoZr0dr08","70+hvW0QJNv74ksbmc5UKd","28sefV42FP0r9HOxwlFEH0","49tEpCeCdGZ6U6SSfpWbJp","9cjkyDwDBFSoZvQFLpspwT","67FzWZMEpIcacSi/tjje0o","152g0WcT1OLIyGQSZTlZfa","d0XVvFo1RIpbMtKhPdYh0o","9aiE1Bn4RDOpWxRmGmHY/+","b6bXAkfopC/LWa43gUEID5","e1fJVDmp9KLZEZ52CfD+bI","65rpyHwMdAP7Wk2KA/CUxf","fev1yUq8dJd7gkR4B5W8q5","9eCQWsx9RPi7PysrjQIx5G"],["_textureSetter","back","img_bg_awning_bank","img_bg_bottom","img_bg_counter_bank","img_bg_piggybank_bank","img_ui_bank_bundle_large","img_ui_bank_bundle_medium","img_ui_bank_bundle_small","img_ui_bank_product_gems_1","img_ui_bank_product_gems_2","img_ui_bank_product_gems_3","img_ui_bank_product_gems_4","img_ui_bank_product_gems_5","img_ui_bank_product_gems_6","img_ui_bank_quit_button_bg","img_ui_coincollector_progress_bar_frame"],["cc.SpriteFrame",["cc.SpriteAtlas",["_name","_spriteFrames"],2,11]],[[1,0,1,2]],[[[{"name":"img_ui_bank_product_gems_1","rect":[832,1,142,120],"offset":[3,-1],"originalSize":[148,142],"rotated":1,"capInsets":[0,0,0,0]}],[0],0,[0],[0],[0]],[[{"name":"img_bg_piggybank_bank","rect":[245,547,246,235],"offset":[-1,0],"originalSize":[256,235],"capInsets":[0,0,0,0]}],[0],0,[0],[0],[0]],[[{"name":"img_ui_bank_bundle_large","rect":[1,547,242,240],"offset":[-3,-8],"originalSize":[252,256],"capInsets":[0,0,0,0]}],[0],0,[0],[0],[0]],[[{"name":"img_ui_bank_product_gems_6","rect":[493,469,239,203],"offset":[2,-1],"originalSize":[245,239],"capInsets":[0,0,0,0]}],[0],0,[0],[0],[0]],[[{"name":"img_ui_bank_bundle_small","rect":[247,305,242,240],"offset":[-3,-8],"originalSize":[252,256],"capInsets":[0,0,0,0]}],[0],0,[0],[0],[0]],[[{"name":"img_ui_bank_product_gems_3","rect":[756,270,209,164],"offset":[3,-7],"originalSize":[219,200],"rotated":1,"capInsets":[0,0,0,0]}],[0],0,[0],[0],[0]],[[{"name":"img_ui_bank_bundle_medium","rect":[1,305,244,240],"offset":[-4,-8],"originalSize":[252,256],"capInsets":[0,0,0,0]}],[0],0,[0],[0],[0]],[[{"name":"img_ui_bank_product_gems_4","rect":[515,270,239,197],"offset":[3,-2],"originalSize":[253,215],"capInsets":[0,0,0,0]}],[0],0,[0],[0],[0]],[[{"name":"img_ui_bank_product_gems_2","rect":[493,674,196,145],"offset":[2,-4],"originalSize":[208,167],"capInsets":[0,0,0,0]}],[0],0,[0],[0],[0]],[[[0,"market.plist",[{},"back",6,0,"img_bg_awning_bank",6,1,"img_bg_bottom",6,2,"img_bg_counter_bank",6,3,"img_bg_piggybank_bank",6,4,"img_ui_bank_bundle_large",6,5,"img_ui_bank_bundle_medium",6,6,"img_ui_bank_bundle_small",6,7,"img_ui_bank_product_gems_1",6,8,"img_ui_bank_product_gems_2",6,9,"img_ui_bank_product_gems_3",6,10,"img_ui_bank_product_gems_4",6,11,"img_ui_bank_product_gems_5",6,12,"img_ui_bank_product_gems_6",6,13,"img_ui_bank_quit_button_bg",6,14,"img_ui_coincollector_progress_bar_frame",6,15]]],0,0,[0,0,0,0,0,0,0,0,0,0,0,0,0,0,0,0],[1,2,3,4,5,6,7,8,9,10,11,12,13,14,15,16],[1,2,3,4,5,6,7,8,9,10,11,12,13,14,15,16]],[[{"name":"img_ui_bank_product_gems_5","rect":[734,481,231,200],"offset":[0,-5],"originalSize":[231,214],"rotated":1,"capInsets":[0,0,0,0]}],[0],0,[0],[0],[0]]]]