[1,["ecpdLyjvZBwrvm+cedCcQy","1eb3483b5","f0BIwQ8D5Ml7nTNQbh1YlS","3fJl22LdZFgZCj6zT4MeX0","e97GVMl6JHh5Ml5qEDdSGa","29FYIk+N1GYaeWH/q1NxQO","a2MjXRFdtLlYQ5ouAFv/+R","18s/KXFHxLxoNjYXqG+6+Y","9fhp3qhwNJVphInz9VC9WA","13w0CRi95FkLUhP/Ky6KiM","e1rYrSq3lGQ6oGsrANuCDD","10G1AoSLxD3K351xTC2dvu","8eIK0RkWRJf4ytvBOzQurm","c0YyFK+V1KoKJH/rPub/S5"],["node","_spriteFrame","_textureSetter","root","data","_N$normalSprite","_N$pressedSprite","_N$hoverSprite","_N$disabledSprite","icon","label","tip","adImg","angle","okBtn","content","backBtn","_parent","_N$file","itemPrefab"],[["cc.Node",["_name","_opacity","_active","_prefab","_components","_contentSize","_trs","_parent","_children","_color","_eulerAngles"],0,4,9,5,7,1,2,5,5],"cc.SpriteFrame",["cc.Sprite",["_sizeMode","_type","node","_materials","_spriteFrame"],1,1,3,6],["cc.Node",["_name","_parent","_components","_prefab","_contentSize","_trs","_children","_anchorPoint","_color"],2,1,2,4,5,7,2,5,5],["cc.Label",["_string","_fontSize","_N$horizontalAlign","_N$verticalAlign","_lineHeight","_styleFlags","_enableWrapText","_N$overflow","_N$cacheMode","_isSystemFontUsed","node","_materials","_N$file"],-7,1,3,6],["cc.Widget",["_alignFlags","_originalWidth","_originalHeight","_left","_right","_top","_bottom","alignMode","node"],-5,1],["cc.Node",["_name","_parent","_components","_prefab","_contentSize","_trs","_children"],2,1,12,4,5,7,2],["cc.PrefabInfo",["fileId","root","asset"],2,1,1],["cc.Prefab",["_name"],2],["3d320z2mbBAGKsFALanVRjJ",["node","label","icon"],3,1,1,1],["cc.LabelOutline",["_width","node","_color"],2,1,5],["a35476RQfpN+4a0eLFpQ8g5",["node","backBtn","content","okBtn","angle","adImg","itemPos","tip","itemPrefab"],3,1,1,1,1,1,1,2,1,6],["cc.BlockInputEvents",["node"],3,1],["39a0bwOl7BLMrgO2KSWnlQ8",["node"],3,1],["402e5u5iilMuKgwl+GBNTjo",["node"],3,1],["dbc56g7FuBEZYZhKRzU3CLJ",["node"],3,1],["ccf34GnVuFBJbr1TnvCI9pg",["node"],3,1],["00050QNa39KhJWUqJgCNMTu",["node","handler"],3,1,4],["cc.ClickEvent",["_componentId","handler","target"],1,1],["339bcmA25RDwY0A+HoW+jmX",["node"],3,1],["cc.Layout",["_resize","_N$layoutType","_N$spacingX","node","_layoutSize"],0,1,5],["cc.Button",["_N$transition","node","clickEvents","_N$normalColor","_N$pressedColor","_N$disabledColor","_N$target"],2,1,9,5,5,5,1]],[[7,0,1,2,2],[0,0,7,3,6,10,2],[0,0,7,8,4,3,5,6,2],[18,0,1,2,3],[8,0,2],[0,0,8,4,3,5,6,2],[0,0,7,4,3,5,6,2],[3,0,1,2,3,4,5,2],[7,1,2,1],[10,0,1,2,2],[2,2,3,1],[2,2,3,4,1],[2,1,0,2,3,4,3],[19,0,1],[21,0,1,2,3,4,5,6,2],[0,0,8,4,3,5,2],[0,0,1,7,4,3,9,5,3],[0,0,7,3,6,2],[0,0,2,7,4,3,9,5,6,3],[6,0,1,2,3,4,5,2],[6,0,1,6,2,3,4,5,2],[3,0,1,6,2,3,4,5,2],[3,0,1,2,3,4,7,5,2],[3,0,1,2,3,8,4,5,2],[9,0,1,2,1],[4,0,1,4,5,2,3,10,11,7],[4,0,1,4,6,5,2,3,7,8,10,11,10],[4,0,1,9,2,3,10,11,12,6],[4,0,1,2,3,10,11,5],[2,0,2,3,4,2],[2,0,2,3,2],[5,0,8,2],[5,0,3,4,5,6,1,2,8,8],[5,7,0,3,4,5,6,1,2,8,9],[5,0,1,2,8,4],[11,0,1,2,3,4,5,6,7,8,1],[12,0,1],[13,0,1],[14,0,1],[15,0,1],[16,0,1],[17,0,1,1],[20,0,1,2,3,4,4]],[[[[4,"ItemView"],[15,"ItemView",[-5,-6],[[24,-4,-3,-2]],[8,-1,0],[5,200,200]],[19,"text",1,[[-7,[9,3,-8,[4,4291979176]]],1,4],[0,"581MKD2epFI7XpCVBwmHPh",1,0],[5,39.37,81.6],[0,77.553,0,0,0,0,1,1,1,1]],[25,"1",60,60,1,1,1,2,[0]],[7,"icon",1,[-9],[0,"188RvsvgtCwZt2BqUcGxpL",1,0],[5,54,53],[0,-30.5,0,0,0,0,1,1,1,1]],[10,4,[1]]],0,[0,3,1,0,9,5,0,10,3,0,0,1,0,-1,2,0,-2,4,0,-1,3,0,0,2,0,-1,5,0,4,1,9],[0,0],[-1,-1],[0,0]],[[{"name":"spinfield","rect":[3,834,711,711],"offset":[0,0],"originalSize":[711,711],"capInsets":[0,0,0,0]}],[1],0,[0],[2],[1]],[[{"name":"ButtonSoftCurrency","rect":[720,1038,139,134],"offset":[0,0],"originalSize":[139,134],"rotated":1,"capInsets":[65,0,65,0]}],[1],0,[0],[2],[1]],[[[4,"LuckySpinView"],[5,"LuckySpinView",[-20,-21],[[31,45,-2],[35,-15,-14,-13,-12,-11,-10,[-4,-5,-6,-7,-8,-9],-3,16],[36,-16],[37,-17],[38,-18],[39,-19]],[8,-1,0],[5,1080,1920],[540,960,0,0,0,0,1,1,1,1]],[2,"spinbase",1,[-25,-26,-27,-28,-29,-30],[[11,-22,[14],15],[40,-23],[41,-24,[3,"a35476RQfpN+4a0eLFpQ8g5","onBackBtnClick",1]]],[0,"5583nh9LFOxYd912ZhVxjP",1,0],[5,812,825],[-1165.622,137.764,0,0,0,0,1,1,1,1]],[2,"spinfield",2,[-32,-33,-34,-35,-36,-37],[[11,-31,[2],3]],[0,"ddbi1PfOBJFojLGs7s4Udc",1,0],[5,711,711],[0,15.323,0,0,0,0,1,1,1,1]],[5,"ButtonSoftCurrency",[-41],[[12,1,0,-38,[9],10],[32,45,-108,-108,36.19799999999999,-66.19800000000001,99,103,-39],[13,-40]],[0,"25sYtNjddBsJ3Jqg3MC4po",1,0],[5,450,134],[0,-51.19800000000001,0,0,0,0,1,1,1,0]],[20,"backBtn",2,[-44],[[-42,[13,-43]],1,4],[0,"d8U7cFqmVLGJ5nM5yV9qIJ",1,0],[5,100,104],[373.983,552.26,0,0,0,0,1,1,1,1]],[6,"Background",5,[[12,1,0,-45,[5],6],[33,0,45,-2.5339999999999963,-6.466000000000009,3.635999999999998,-4.635999999999998,100,40,-46]],[0,"0fcQ9DuGFHJYbtV9AYBgac",1,0],[5,109,105],[1.966000000000001,-4.135999999999996,0,0,0,0,1,1,1,0]],[2,"Background",4,[-48,-49],[[42,1,1,10,-47,[5,196.8,90]]],[0,"eaFYRVB8JHK65DsB5G5mFX",1,0],[5,196.8,90],[0,0.65,0,0,0,0,1,1,1,1]],[16,"blackBg",144,1,[[29,0,-50,[0],1],[34,45,100,100,-51]],[0,"8bjk9btM5AC447+9L5YXb6",1,0],[4,4278190080],[5,1080,1920]],[21,"clickBtn",2,[4],[-52],[0,"1dhE7Sp+9KBInZ0m8Q6qLE",1,0],[5,234,104],[0,-574.752,0,0,0,0,1,1,1,1]],[6,"Label",7,[[26,"免费",60,50,false,1,1,1,1,1,-53,[8]],[9,3,-54,[4,4280321868]]],[0,"56vr8bnJNP4pbhE9wpvpCj",1,0],[5,114.8,61.7],[40.99999999999999,4.283,0,0,0,0,1,1,1,1]],[17,"pos0",3,[0,"e4st6iyspN5alOJM+gFP+3",1,0],[-3.303,219.545,0,0,0,0,1,1,1,1]],[1,"pos1",3,[0,"58rFHb7cJPr5zU2LPGQsqp",1,0],[177.973,102.11,0,0,0,-0.49999999999999994,0.8660254037844387,1,1,1],[1,0,0,-60]],[1,"pos2",3,[0,"08/xQQSaxH/7Lf1gK8roWZ",1,0],[172.54,-97.935,0,0,0,-0.8660254037844386,0.5000000000000001,1,1,1],[1,0,0,-120]],[1,"pos3",3,[0,"5c0GmLqx1OvonmcAxKqs8o",1,0],[-1.246,-198.284,0,0,0,-1,6.123233995736766e-17,1,1,1],[1,0,0,-180]],[1,"pos4",3,[0,"afxjlmFg1HmLRqJkOlg8/h",1,0],[-174.996,-99.362,0,0,0,-0.8660254037844387,-0.4999999999999998,1,1,1],[1,0,0,-240]],[1,"pos5",3,[0,"7cYo0TU39DfrWWW3w5M6sq",1,0],[-171.542,103.288,0,0,0,-0.49999999999999994,-0.8660254037844387,1,1,1],[1,0,0,-300]],[22,"spincentralbutton",2,[-55],[0,"0dTCy2i7VDaaReTCHTLh/m",1,0],[5,145,198],[0,0.5,1],[0,132.599,0,0,0,0,1,1,1,1]],[10,17,[4]],[14,3,5,[[3,"00050QNa39KhJWUqJgCNMTu","onBackClick",2]],[4,4293322470],[4,4291348680],[4,3363338360],6],[7,"ad",7,[-56],[0,"bbv47m84tDm5C3dLfAyNVm",1,0],[5,72,70],[-62.400000000000006,5.853,0,0,0,0,1,1,1,1]],[30,0,20,[7]],[14,3,9,[[3,"a35476RQfpN+4a0eLFpQ8g5","onBtnClick",1]],[4,4293322470],[4,4291348680],[4,3363338360],4],[18,"New Label",false,2,[[27,"每天免广告开启两次",48,false,1,1,-57,[11],12]],[0,"d4nK2wlzRHPJHaObVZcZAR",1,0],[4,4279471357],[5,373.75,40],[0,478.328,0,0,0,0,1,1,1,1]],[23,"rewardTip",2,[-58],[0,"a1ING9KbNLUIatzZ3nM1QI",1,0],[4,4279471357],[5,192,50.4],[0,-509.382,0,0,0,0,1,1,1,1]],[28,"再转两次",48,1,1,24,[13]]],0,[0,3,1,0,0,1,0,11,25,0,-1,11,0,-2,12,0,-3,13,0,-4,14,0,-5,15,0,-6,16,0,12,21,0,13,18,0,14,22,0,15,3,0,16,19,0,0,1,0,0,1,0,0,1,0,0,1,0,0,1,0,-1,8,0,-2,2,0,0,2,0,0,2,0,0,2,0,-1,3,0,-2,17,0,-3,5,0,-4,9,0,-5,23,0,-6,24,0,0,3,0,-1,11,0,-2,12,0,-3,13,0,-4,14,0,-5,15,0,-6,16,0,0,4,0,0,4,0,0,4,0,-1,7,0,-1,19,0,0,5,0,-1,6,0,0,6,0,0,6,0,0,7,0,-1,20,0,-2,10,0,0,8,0,0,8,0,-1,22,0,0,10,0,0,10,0,-1,18,0,-1,21,0,0,23,0,-1,25,0,4,1,4,17,9,58],[0,0,0,0,0,0,0,0,0,0,0,0,0,0,0,0,0,18,19,19,19,19,21,22,22,22,22],[-1,1,-1,1,-1,-1,1,-1,-1,-1,1,-1,18,-1,-1,1,19,1,5,6,7,8,1,5,6,7,8],[0,6,0,7,0,0,8,0,0,0,3,0,9,0,0,10,11,12,2,4,2,5,13,3,4,2,5]],[[{"name":"spincentralbutton","rect":[720,834,145,198],"offset":[0,0.5],"originalSize":[149,201],"capInsets":[0,0,0,0]}],[1],0,[0],[2],[1]],[[{"name":"ad","rect":[720,1294,72,70],"offset":[0,0],"originalSize":[72,70],"rotated":1,"capInsets":[0,0,0,0]}],[1],0,[0],[2],[1]],[[{"name":"spinbase","rect":[3,3,812,825],"offset":[-0.5,0.5],"originalSize":[817,826],"capInsets":[0,0,0,0]}],[1],0,[0],[2],[1]]]]