{
  "__type__": "cc.SpriteFrame",
  "content": {
    "name": "jiantou",
    "atlas": "",
    "rect": {
      "x": 0,
      "y": 0,
      "width": 157,
      "height": 127
    },
    "offset": {
      "x": 0,
      "y": 0
    },
    "originalSize": {
      "width": 157,
      "height": 127
    },
    "rotated": false,
    "capInsets": [
      0,
      0,
      0,
      0
    ],
    "vertices": {
      "rawPosition": [
        -78.5,
        -63.5,
        0,
        78.5,
        -63.5,
        0,
        -78.5,
        63.5,
        0,
        78.5,
        63.5,
        0
      ],
      "indexes": [
        0,
        1,
        2,
        2,
        1,
        3
      ],
      "uv": [
        0,
        127,
        157,
        127,
        0,
        0,
        157,
        0
      ],
      "nuv": [
        0,
        0,
        1,
        0,
        0,
        1,
        1,
        1
      ],
      "minPos": {
        "x": -78.5,
        "y": -63.5,
        "z": 0
      },
      "maxPos": {
        "x": 78.5,
        "y": 63.5,
        "z": 0
      }
    },
    "texture": "e1ecabf5-ddb0-44cc-b9f5-6e526284fcf6@6c48a",
    "packable": true,
    "pixelsToUnit": 100,
    "pivot": {
      "x": 0.5,
      "y": 0.5
    },
    "meshType": 0
  }
}