{
    "description": "项目配置文件。",
    "miniprogramRoot": "./",
    "setting": {
        "urlCheck": true,
        "es6": true,
        "postcss": true,
        "minified": false,
        "newFeature": false
    },
    "compileType": "game",
    "libVersion": "game",
    "appid": "wx5c9a857b04bbd820",
    "projectname": "LoveAndHouse2D",
    "condition": {
        "search": {
            "current": -1,
            "list": []
        },
        "conversation": {
            "current": -1,
            "list": []
        },
        "game": {
            "currentL": -1,
            "list": [],
            "current": -1
        },
        "miniprogram": {
            "current": -1,
            "list": []
        }
    },
    "qqappid": "1112099563",
    "scripts": {
        "beforeCompile": "",
        "beforePreview": "",
        "beforeUpload": ""
    },
    "engine_type": "frog"
}