[1,["ecpdLyjvZBwrvm+cedCcQy","f0BIwQ8D5Ml7nTNQbh1YlS","1c08df95e","a2MjXRFdtLlYQ5ouAFv/+R","39CgtSnYBFQYwOBcN/GNQi","9bvaMerUlDyary99mJa6xp","e97GVMl6JHh5Ml5qEDdSGa","29FYIk+N1GYaeWH/q1NxQO","d8HsitJHxOYqo801xBk8ev"],["node","_spriteFrame","_textureSetter","root","layout","labelTemplate","content","backBtn","_N$content","data","_parent","_N$normalSprite","_N$pressedSprite","_N$hoverSprite","_N$disabledSprite"],[["cc.Node",["_name","_opacity","_components","_prefab","_contentSize","_parent","_children","_trs","_color"],1,9,4,5,1,2,7,5],["cc.Widget",["_alignFlags","_originalWidth","_originalHeight","_top","_bottom","_left","alignMode","node"],-4,1],"cc.SpriteFrame",["cc.Node",["_name","_components","_prefab","_contentSize","_trs","_color","_anchorPoint","_parent","_children"],2,12,4,5,7,5,5,1,2],["cc.PrefabInfo",["fileId","root","asset"],2,1,1],["cc.Sprite",["_sizeMode","_type","node","_materials","_spriteFrame"],1,1,3,6],["cc.Label",["_string","_N$overflow","_enabled","node","_materials"],0,1,3],["cc.Prefab",["_name"],2],["6df6eC9jgtD7aKdFpCQZ6Yt",["node","backBtn","content","labelTemplate","layout"],3,1,1,1,1,1],["cc.ScrollView",["horizontal","brake","bounceDuration","_N$horizontalScrollBar","_N$verticalScrollBar","node","_N$content"],-2,1,1],["cc.Mask",["_N$alphaThreshold","node","_materials"],2,1,3],["cc.Layout",["_resize","_N$layoutType","node","_layoutSize"],1,1,5],["cc.Button",["_N$transition","node","clickEvents","_N$normalColor","_N$pressedColor","_N$disabledColor","_N$target"],2,1,9,5,5,5,1],["cc.ClickEvent",["_componentId","handler","target"],1,1]],[[4,0,1,2,2],[5,1,0,2,3,4,3],[7,0,2],[0,0,6,2,3,4,7,2],[0,0,5,6,2,3,4,2],[0,0,5,6,2,3,4,7,2],[0,0,5,2,3,4,7,2],[0,0,1,5,2,3,8,4,3],[0,0,5,2,3,8,4,2],[3,0,1,2,5,3,6,4,2],[3,0,7,8,1,2,3,4,2],[1,0,7,2],[1,0,1,7,3],[1,0,3,4,1,2,7,6],[1,0,5,3,7,4],[1,6,0,1,2,7,5],[1,0,1,2,7,4],[8,0,1,2,3,4,1],[4,1,2,1],[5,0,2,3,4,2],[9,0,1,2,3,4,5,6,6],[10,0,1,2,2],[6,0,1,3,4,3],[6,2,0,1,3,4,4],[11,0,1,2,3,3],[12,0,1,2,3,4,5,6,2],[13,0,1,2,3]],[[[{"name":"ad-close","rect":[729,849,48,48],"offset":[0,0],"originalSize":[48,48],"capInsets":[0,0,0,0]}],[2],0,[0],[2],[2]],[[[2,"PrivacyPopView"],[3,"PrivacyPopView",[-8,-9,-10],[[11,45,-2],[17,-7,-6,-5,-4,-3]],[18,-1,0],[5,1080,1920],[540,960,0,0,0,0,1,1,1,1]],[4,"New ScrollView",1,[-14,-15],[[1,1,0,-11,[7],8],[20,false,0.75,0.23,null,null,-13,-12]],[0,"17qlb8QKJCpbbJKj79Hkh2",1,0],[5,1000,1500]],[9,"content",[[-16,[12,41,84.51,-17],-18],1,4,1],[0,"a8kaOItpNK5KEcGueIZnYW",1,0],[4,4278190080],[5,1000,130.39999999999998],[0,0.5,1],[0,698.5,0,0,0,0,1,1,1,1]],[5,"view",2,[3],[[21,0,-19,[4]],[13,45,103.50000000000004,-0.5000000000000249,240,250,-20]],[0,"fen/5SuZlC3ZfKdnwrTM6h",1,0],[5,1000,1397],[0,-52,0,0,0,0,1,1,1,1]],[10,"New Button",2,[-23],[[-21,[14,9,894.9870000000001,4.791000000000054,-22]],1,4],[0,"367cQZKL1AJKy0gfvl05f4",1,0],[5,100,100],[444.9870000000001,695.209,0,0,0,0,1,1,1,1]],[6,"Background",5,[[1,1,0,-24,[5],6],[15,0,45,100,40,-25]],[0,"81XtL8JipCCK0o+aDdAsa5",1,0],[5,100,100],[0,0,0,0,0,0,1,1,1,0]],[7,"New Sprite(Splash)",160,1,[[19,0,-26,[0],1],[16,45,100,100,-27]],[0,"e4MjkFLslFD50xk4WqDpXz",1,0],[4,4278190080],[5,1080,1920]],[8,"labelTemplate",1,[[22,"lkajsdfjalsjdf ljasl;dfjlasjdlfjaslkdfjl;asjdflkjsalkdjflk;sajdlkfjalksdjflk;ajsdl;fjlksajdflkjsadaf\n",3,-28,[2]]],[0,"52xIQ2Z4xBxpr3vk1oO2NN",1,0],[4,4278190080],[5,900,130.39999999999998]],[23,false,"hello",3,3,[3]],[24,1,2,3,[5,1000,130.39999999999998]],[25,3,5,[[26,"6df6eC9jgtD7aKdFpCQZ6Yt","onBackBtnClick",1]],[4,4293322470],[4,4291348680],[4,3363338360],6]],0,[0,3,1,0,0,1,0,4,10,0,5,8,0,6,9,0,7,11,0,0,1,0,-1,7,0,-2,8,0,-3,2,0,0,2,0,8,3,0,0,2,0,-1,4,0,-2,5,0,-1,9,0,0,3,0,-3,10,0,0,4,0,0,4,0,-1,11,0,0,5,0,-1,6,0,0,6,0,0,6,0,0,7,0,0,7,0,0,8,0,9,1,3,10,4,28],[0,0,0,0,0,0,0,0,0,11,11,11,11],[-1,1,-1,-1,-1,-1,1,-1,1,11,12,13,14],[0,3,0,0,0,0,4,0,5,1,6,1,7]],[[{"name":"default_panel","rect":[0,0,20,20],"offset":[0,0],"originalSize":[20,20],"capInsets":[6,6,6,6]}],[2],0,[0],[2],[8]]]]