[1,["ecpdLyjvZBwrvm+cedCcQy","1b1f9fd9e","c2LKBJSRdO0pFwBCdYRGwF","adnFwSZDJDDLxaJ6NtDfDN","aboLjtYQxKZ6/IvBqCvlMv"],["node","_spriteFrame","_textureSetter","root","data"],[["cc.Node",["_name","_components","_prefab","_contentSize","_trs","_parent","_children"],2,9,4,5,7,1,2],["cc.Widget",["_alignFlags","_bottom","_top","_originalHeight","node"],-1,1],["cc.PrefabInfo",["fileId","root","asset"],2,1,1],["cc.Label",["_string","_fontSize","_N$horizontalAlign","_lineHeight","_N$overflow","_styleFlags","_N$verticalAlign","node","_materials"],-4,1,3],"cc.SpriteFrame",["cc.Prefab",["_name"],2],["47073Xm6ilHzrJLe2r8M1F4",["node"],3,1],["cc.Sprite",["_sizeMode","node","_materials","_spriteFrame"],2,1,3,6],["cc.Button",["_N$transition","node","clickEvents"],2,1,9],["cc.ClickEvent",["_componentId","handler","target"],1,1],["cc.LabelOutline",["_width","node","_color"],2,1,5]],[[2,0,1,2,2],[0,0,5,1,2,3,4,2],[7,0,1,2,3,2],[5,0,2],[0,0,6,1,2,3,4,2],[0,0,5,6,1,2,3,4,2],[0,0,5,1,2,3,2],[1,0,4,2],[1,0,2,1,3,4,5],[1,0,1,4,3],[6,0,1],[2,1,2,1],[8,0,1,2,2],[9,0,1,2,3],[3,0,1,3,2,4,7,8,6],[3,0,1,5,2,6,7,8,6],[10,0,1,2,2]],[[[{"name":"play_small","rect":[3,3,438,133],"offset":[-0.5,0.5],"originalSize":[439,134],"capInsets":[100,0,101,0]}],[4],0,[0],[2],[1]],[[[3,"LoginView"],[4,"LoginView",[-4,-5,-6,-7],[[7,45,-2],[10,-3]],[11,-1,0],[5,1080,1920],[540,960,0,0,0,0,1,1,1,1]],[5,"play_small",1,[-10],[[2,0,-8,[6],7],[12,3,-9,[[13,"47073Xm6ilHzrJLe2r8M1F4","onButtonClick",1]]]],[0,"09SgZcS8xHkZP0QTlC1QOc",1,0],[5,500,134],[0,-516.321,0,0,0,0,1,1,1,0]],[6,"TitleScreenBgFlat",1,[[2,0,-11,[0],1],[8,5,-64,-64,2048,-12]],[0,"81KYCmnTFOVL7ba+shOrqd",1,0],[5,2048,2048]],[1,"New Label",1,[[14,"抵制不良游戏，拒绝盗版游戏。\n注意自我保护，谨防受骗上当。\n适度游戏益脑，沉迷游戏伤身。\n合理安排时间，享受健康生活。\n著作权人：北京旺兔航天科技有限公司\n认证号：2023SA0056080\n适龄提示：8+",28,32,1,3,-13,[2]],[9,4,16,-14]],[0,"a2OJoBgJxCLrgHIKECMZ5M",1,0],[5,500,232.32],[2.481,-827.84,0,0,0,0,1,1,1,1]],[1,"New Label",2,[[15,"开始游戏",50,1,1,1,-15,[5]],[16,3,-16,[4,4280321868]]],[0,"32p5bAQeZIA5F/ocN+7Vx5",1,0],[5,206,56.4],[3.791,8.337,0,0,0,0,1,1,1,1]],[1,"logo",1,[[2,2,-17,[3],4]],[0,"d9whSj3gNAj4fl9qpe7CBg",1,0],[5,512,227],[0,480.089,0,0,0,0,1,1.4,1.4,1]]],0,[0,3,1,0,0,1,0,0,1,0,-1,3,0,-2,4,0,-3,6,0,-4,2,0,0,2,0,0,2,0,-1,5,0,0,3,0,0,3,0,0,4,0,0,4,0,0,5,0,0,5,0,0,6,0,4,1,17],[0,0,0,0,0,0,0,0],[-1,1,-1,-1,1,-1,-1,1],[0,2,0,0,3,0,0,4]]]]