{
  "__type__": "cc.SpriteFrame",
  "content": {
    "name": "voice_open",
    "atlas": "",
    "rect": {
      "x": 2,
      "y": 1,
      "width": 90,
      "height": 92
    },
    "offset": {
      "x": 0,
      "y": 0
    },
    "originalSize": {
      "width": 94,
      "height": 94
    },
    "rotated": false,
    "capInsets": [
      0,
      0,
      0,
      0
    ],
    "vertices": {
      "rawPosition": [
        -45,
        -46,
        0,
        45,
        -46,
        0,
        -45,
        46,
        0,
        45,
        46,
        0
      ],
      "indexes": [
        0,
        1,
        2,
        2,
        1,
        3
      ],
      "uv": [
        2,
        93,
        92,
        93,
        2,
        1,
        92,
        1
      ],
      "nuv": [
        0.02127659574468085,
        0.010638297872340425,
        0.9787234042553191,
        0.010638297872340425,
        0.02127659574468085,
        0.9893617021276596,
        0.9787234042553191,
        0.9893617021276596
      ],
      "minPos": {
        "x": -45,
        "y": -46,
        "z": 0
      },
      "maxPos": {
        "x": 45,
        "y": 46,
        "z": 0
      }
    },
    "texture": "2e28cfd9-16dc-431e-bca7-0cc19c1ee2d0@6c48a",
    "packable": true,
    "pixelsToUnit": 100,
    "pivot": {
      "x": 0.5,
      "y": 0.5
    },
    "meshType": 0
  }
}