{
  "__type__": "cc.SpriteFrame",
  "content": {
    "name": "line",
    "atlas": "",
    "rect": {
      "x": 0,
      "y": 0,
      "width": 68,
      "height": 2
    },
    "offset": {
      "x": 0,
      "y": 0
    },
    "originalSize": {
      "width": 68,
      "height": 2
    },
    "rotated": false,
    "capInsets": [
      0,
      0,
      0,
      0
    ],
    "vertices": {
      "rawPosition": [
        -34,
        -1,
        0,
        34,
        -1,
        0,
        -34,
        1,
        0,
        34,
        1,
        0
      ],
      "indexes": [
        0,
        1,
        2,
        2,
        1,
        3
      ],
      "uv": [
        0,
        2,
        68,
        2,
        0,
        0,
        68,
        0
      ],
      "nuv": [
        0,
        0,
        1,
        0,
        0,
        1,
        1,
        1
      ],
      "minPos": {
        "x": -34,
        "y": -1,
        "z": 0
      },
      "maxPos": {
        "x": 34,
        "y": 1,
        "z": 0
      }
    },
    "texture": "f9e353e1-f939-460e-82f5-64426dd06625@6c48a",
    "packable": true,
    "pixelsToUnit": 100,
    "pivot": {
      "x": 0.5,
      "y": 0.5
    },
    "meshType": 0
  }
}