[1,["ecpdLyjvZBwrvm+cedCcQy","63WQN2pPNKrLnJOneT5wJg","9dkIq4qJpKibeQLvbyQwcj"],["node","root","content$V","bg$VSprite","data","_spriteFrame","_textureSetter"],[["cc.Node",["_name","_parent","_components","_prefab","_contentSize","_trs","_children"],2,1,12,4,5,7,2],["cc.Widget",["_alignFlags","_top","node"],1,1],["cc.PrefabInfo",["fileId","root","asset"],2,1,1],"cc.SpriteFrame",["cc.Prefab",["_name"],2],["cc.Node",["_name","_children","_components","_prefab","_contentSize","_trs"],2,2,9,4,5,7],["a7119tnKhtILbtlbimvuaSi",["node","bg$VSprite","content$V"],3,1,1,1],["cc.LabelOutline",["_width","node","_color"],2,1,5],["cc.Label",["_string","_fontSize","_lineHeight","_styleFlags","_N$horizontalAlign","_N$verticalAlign","node","_materials"],-3,1,3],["cc.Sprite",["_type","_sizeMode","node","_materials"],1,1,3]],[[2,0,1,2,2],[4,0,2],[5,0,1,2,3,4,5,2],[0,0,1,6,2,3,4,5,2],[0,0,1,2,3,4,5,2],[1,0,2,2],[1,0,1,2,3],[6,0,1,2,1],[2,1,2,1],[7,0,1,2,2],[8,0,1,2,3,4,5,6,7,7],[9,0,1,2,3,3]],[[[[1,"ToastView"],[2,"ToastView",[-6],[[5,45,-2],[7,-5,-4,-3]],[8,-1,0],[5,1080,1920],[540,960,0,0,0,0,1,1,1,1]],[3,"panel",1,[-9],[[-7,[6,17,579.131,-8]],1,4],[0,"58a8R34CdN4biWuAHjV0ze",1,0],[5,500,112],[0,324.869,0,0,0,0,1,1,1,1]],[4,"tipLabel",2,[[-10,[9,3,-11,[4,4290605829]]],1,4],[0,"53AfM1/LxG/pOakSWDfRfc",1,0],[5,136.59,75.3],[0,8.098,0,0,0,0,1,1,1,1]],[10,"Label",50,55,1,1,1,3,[0]],[11,1,0,2,[1]]],0,[0,1,1,0,0,1,0,2,4,0,3,5,0,0,1,0,-1,2,0,-1,5,0,0,2,0,-1,3,0,-1,4,0,0,3,0,4,1,11],[0,0,5],[-1,-1,5],[0,0,1]],[[{"name":"booster_title_bg","rect":[0,0,160,111],"offset":[0,0.5],"originalSize":[160,112],"capInsets":[58,36.5,53,37.5]}],[3],0,[0],[6],[2]]]]