[1,["1bvAWQ8HZEEpx5DhdqhhYM"],["_textureSetter"],["cc.SpriteFrame"],0,[[[{"name":"img_bg_awning_bank","rect":[1,1,512,166],"offset":[0,0],"originalSize":[512,166],"capInsets":[0,329,0,7]}],[0],0,[0],[0],[0]],[[{"name":"img_bg_counter_bank","rect":[1,169,512,122],"offset":[0,0],"originalSize":[512,122],"capInsets":[0,0,0,0]}],[0],0,[0],[0],[0]],[[{"name":"back","rect":[796,714,103,84],"offset":[0,0],"originalSize":[103,84],"capInsets":[0,0,0,0]}],[0],0,[0],[0],[0]],[[{"name":"img_bg_bottom","rect":[1,293,512,10],"offset":[0,0],"originalSize":[512,10],"capInsets":[0,0,0,0]}],[0],0,[0],[0],[0]],[[{"name":"img_ui_bank_quit_button_bg","rect":[691,714,103,105],"offset":[0,0],"originalSize":[103,105],"capInsets":[0,0,0,0]}],[0],0,[0],[0],[0]]]]