{
  "__type__": "cc.SpriteFrame",
  "content": {
    "name": "change",
    "atlas": "",
    "rect": {
      "x": 3,
      "y": 2,
      "width": 68,
      "height": 63
    },
    "offset": {
      "x": 0,
      "y": 0
    },
    "originalSize": {
      "width": 74,
      "height": 67
    },
    "rotated": false,
    "capInsets": [
      0,
      0,
      0,
      0
    ],
    "vertices": {
      "rawPosition": [
        -34,
        -31.5,
        0,
        34,
        -31.5,
        0,
        -34,
        31.5,
        0,
        34,
        31.5,
        0
      ],
      "indexes": [
        0,
        1,
        2,
        2,
        1,
        3
      ],
      "uv": [
        3,
        65,
        71,
        65,
        3,
        2,
        71,
        2
      ],
      "nuv": [
        0.04054054054054054,
        0.029850746268656716,
        0.9594594594594594,
        0.029850746268656716,
        0.04054054054054054,
        0.9701492537313433,
        0.9594594594594594,
        0.9701492537313433
      ],
      "minPos": {
        "x": -34,
        "y": -31.5,
        "z": 0
      },
      "maxPos": {
        "x": 34,
        "y": 31.5,
        "z": 0
      }
    },
    "texture": "4ef82430-c73a-4c94-a652-1648f8315968@6c48a",
    "packable": true,
    "pixelsToUnit": 100,
    "pivot": {
      "x": 0.5,
      "y": 0.5
    },
    "meshType": 0
  }
}