{
  "__type__": "cc.SpriteFrame",
  "content": {
    "name": "kuang2",
    "atlas": "",
    "rect": {
      "x": 0,
      "y": 0,
      "width": 83,
      "height": 83
    },
    "offset": {
      "x": 0,
      "y": 0
    },
    "originalSize": {
      "width": 83,
      "height": 83
    },
    "rotated": false,
    "capInsets": [
      59,
      60,
      24,
      23
    ],
    "vertices": {
      "rawPosition": [
        -41.5,
        -41.5,
        0,
        41.5,
        -41.5,
        0,
        -41.5,
        41.5,
        0,
        41.5,
        41.5,
        0
      ],
      "indexes": [
        0,
        1,
        2,
        2,
        1,
        3
      ],
      "uv": [
        0,
        83,
        83,
        83,
        0,
        0,
        83,
        0
      ],
      "nuv": [
        0,
        0,
        1,
        0,
        0,
        1,
        1,
        1
      ],
      "minPos": {
        "x": -41.5,
        "y": -41.5,
        "z": 0
      },
      "maxPos": {
        "x": 41.5,
        "y": 41.5,
        "z": 0
      }
    },
    "texture": "7a1d3294-440d-4914-9d3c-37ebd99c6677@6c48a",
    "packable": true,
    "pixelsToUnit": 100,
    "pivot": {
      "x": 0.5,
      "y": 0.5
    },
    "meshType": 0
  }
}