[1,["ecpdLyjvZBwrvm+cedCcQy","8c20Sso/ZEn7NUfNSM+EBh","d1cR8DLWVJc7xwlYWzHmcM","d1Vz+kc8xIEZiL5UpYZA89","258Xvs93VOQbnwf/LG8htQ","b7RzT/79pPdInDcBq+wZWW","53vN9PQQtGVIhgCm2xXX1a","3bbDGxnl5Pwr3z8rIIYXmF","f65XHHFQdK5YHjXypb5WyM","6eBWFz0oVHPLIGQKf/9Thu"],["node","_spriteFrame","root","numLabel","tokenIcon","goldIcon","progressBar","buyBtn","redBtn","stateLabel","percent","goodName","redLabel","titleLabel","data","_textureSetter"],[["cc.Sprite",["_sizeMode","_type","node","_materials","_spriteFrame"],1,1,3,6],["cc.Node",["_name","_active","_parent","_components","_prefab","_contentSize","_trs","_children","_anchorPoint"],1,1,12,4,5,7,2,5],["cc.Node",["_name","_parent","_components","_prefab","_contentSize","_trs","_anchorPoint","_color"],2,1,2,4,5,7,5,5],["cc.Label",["_string","_N$horizontalAlign","_N$verticalAlign","_fontSize","_styleFlags","node","_materials"],-2,1,3],["cc.Node",["_name","_active","_components","_prefab","_contentSize","_children","_parent","_anchorPoint","_trs"],1,9,4,5,2,1,5,7],["cc.PrefabInfo",["fileId","root","asset"],2,1,1],["cc.Button",["_N$transition","node","clickEvents"],2,1,9],["cc.ClickEvent",["_componentId","handler","target"],1,1],"cc.SpriteFrame",["cc.Prefab",["_name"],2],["0658c2bZj5Px5oDQuO+B6SL",["node","titleLabel","redLabel","goodName","percent","stateLabel","redBtn","buyBtn","progressBar","goldIcon","tokenIcon","numLabel"],3,1,1,1,1,1,1,1,1,1,1,1,1],["339bcmA25RDwY0A+HoW+jmX",["node"],3,1],["84bd8T3OgpNoI8GIONkqJXq",["uiID","node"],2,1],["cc.LabelOutline",["_width","node","_color"],2,1,5],["cc.ProgressBar",["_N$totalLength","_N$progress","node","_N$barSprite"],1,1,1]],[[5,0,1,2,2],[13,0,1,2,2],[1,0,2,3,4,5,6,2],[0,1,0,2,3,4,3],[3,0,3,4,1,2,5,6,6],[1,0,2,7,3,4,5,6,2],[2,0,1,2,3,4,5,2],[0,0,2,3,2],[6,1,2,1],[7,0,1,3],[3,0,4,1,2,5,6,5],[9,0,2],[4,0,5,2,3,4,2],[4,0,1,6,2,3,4,7,8,3],[1,0,1,2,7,3,4,5,6,3],[1,0,2,3,4,5,8,6,2],[2,0,1,2,3,4,6,5,2],[2,0,1,2,3,7,4,6,5,2],[2,0,1,2,3,7,4,5,2],[0,0,2,3,4,2],[0,2,3,4,1],[0,1,0,2,3,3],[10,0,1,2,3,4,5,6,7,8,9,10,11,1],[5,1,2,1],[11,0,1],[12,0,1,2],[6,0,1,2,2],[7,0,1,2,3],[14,0,1,2,3,3],[3,0,3,1,2,5,6,5]],[[[[11,"DailyTaskItemView"],[12,"DailyTaskItemView",[-15,-16,-17,-18,-19,-20,-21,-22,-23,-24],[[3,1,0,-2,[17],18],[22,-14,-13,-12,-11,-10,-9,-8,-7,-6,-5,-4,-3]],[23,-1,0],[5,656,150]],[5,"$VbuyBtn",1,[-28],[[[3,1,0,-25,[8],9],-26,[24,-27]],4,1,4],[0,"09D+AW8yRN3rD7yOmu8GJj",1,0],[5,150,70],[239.203,-24.036,0,0,0,0,1,1,1,0]],[5,"ProgressBar",1,[-31],[[[3,1,0,-29,[5],6],-30],4,1],[0,"41yBHQi2NF1JhsGUijg+2l",1,0],[5,260,30],[5.427,-16.156,0,0,0,0,1,1,1,1]],[2,"state",2,[[-32,[25,"14",-33],[1,3,-34,[4,4280321868]]],1,4,4],[0,"a58S5fC89KJp5GggsH80BR",1,0],[5,96,56.4],[0,3.306,0,0,0,0,1,1,1,1]],[14,"$VbuyBtn",false,1,[-37],[[[19,0,-35,[11],12],-36],4,1],[0,"3bPFQGJ5NCPaMSPJTO5d7g",1,0],[5,150,60],[239.203,-23.725,0,0,0,0,1,1,1,0]],[13,"$Vicon",false,1,[[20,-38,[0],1],[8,-39,[[9,"7638eET76VJ/5VFjALX62t7","oniconButtonClick"]]]],[0,"907uNh2vRKsrkK5x850kot",1,0],[5,40,36],[0,0.5,0],[-176.26,-37.372,0,0,0,0,1,1,1,1]],[2,"state",5,[[-40,[1,3,-41,[4,4282647206]]],1,4],[0,"b1NaH7kyZE8pPRQvwV5uPm",1,0],[5,96,56.4],[0,4.661,0,0,0,0,1,1,1,1]],[15,"title",1,[[-42,[1,3,-43,[4,4283587962]]],1,4],[0,"de5OEI5R5Fv6rjwE4bLzra",1,0],[5,166,56.4],[0,0,0.5],[-308.218,7.048,0,0,0,0,1,1,1,1]],[2,"percent",1,[[-44,[1,2,-45,[4,4280321868]]],1,4],[0,"fcEt3zRHJEmp09XJoF/7QO",1,0],[5,45.7,54.4],[9.327,-15.43,0,0,0,0,1,1,1,1]],[6,"gem",1,[-46],[0,"0aG8RsJ39NkqyAeDcCFw1q",1,0],[5,81,76],[201.16,37.679,0,0,0,0,1,0.6,0.6,1]],[7,0,10,[2]],[6,"energy",1,[-47],[0,"bdDM6rS6RBbpb5Gogw1bw1",1,0],[5,59,77],[202.405,37.679,0,0,0,0,1,0.6,0.6,1]],[7,0,12,[3]],[16,"bar",3,[-48],[0,"49o3BCRaBPR7RZNve80GdS",1,0],[5,150,32],[0,0,0.5],[-129.964,0,0,0,0,0,1,1,1,1]],[21,1,0,14,[4]],[28,300,0.5,3,15],[4,"可领取",30,1,1,1,4,[7]],[26,3,2,[[27,"0658c2bZj5Px5oDQuO+B6SL","onBtnClick",1]]],[4,"未完成",30,1,1,1,7,[10]],[8,5,[[9,"7638eET76VJ/5VFjALX62t7","onbuyBtnButtonClick"]]],[10,"家财万贯",1,1,1,8,[13]],[17,"desc",1,[-49],[0,"bcaxy4Z51HHpoQzCHXYGkB",1,0],[4,4284513984],[5,104,50.4],[0,0,0.5],[-121.348,30.271,0,0,0,0,1,1,1,1]],[29,"家财万贯",26,1,1,22,[14]],[18,"$Vnum",1,[-50],[0,"2b++p3iTZMlL6GQG5wZf+v",1,0],[4,4284513984],[5,66.74,50.4],[258.981,39.5,0,0,0,0,1,1,1,1]],[10,"999",1,1,1,24,[15]],[4,"3/3",30,1,1,1,9,[16]]],0,[0,2,1,0,0,1,0,3,25,0,4,11,0,5,13,0,6,16,0,7,18,0,8,20,0,9,17,0,10,26,0,11,23,0,12,19,0,13,21,0,0,1,0,-1,6,0,-2,10,0,-3,12,0,-4,3,0,-5,2,0,-6,5,0,-7,8,0,-8,22,0,-9,24,0,-10,9,0,0,2,0,-2,18,0,0,2,0,-1,4,0,0,3,0,-2,16,0,-1,14,0,-1,17,0,0,4,0,0,4,0,0,5,0,-2,20,0,-1,7,0,0,6,0,0,6,0,-1,19,0,0,7,0,-1,21,0,0,8,0,-1,26,0,0,9,0,-1,11,0,-1,13,0,-1,15,0,-1,23,0,-1,25,0,14,1,50],[0,0,0,0,0,0,0,0,0,0,0,0,0,0,0,0,0,0,0,11,13,15],[-1,1,-1,-1,-1,-1,1,-1,-1,1,-1,-1,1,-1,-1,-1,-1,-1,1,1,1,1],[0,1,0,0,0,0,2,0,0,3,0,0,4,0,0,0,0,0,5,6,7,8]],[[{"name":"default_sprite","rect":[0,2,40,36],"offset":[0,0],"originalSize":[40,40],"capInsets":[0,0,0,0]}],[8],0,[0],[15],[9]]]]