[1,["55cMjzML5Ib5dew/QNj1Ym","63Jcc7IMNNtpwGavAWPQir","5e2E7ZEiBD+6gvaKxhdul6","43TmcwpR1D87OqVohcvNNs","982wLFuKNEsIYk/02BdtaC","82DTFdg6hJYKUj4OxpiaUn","b9YIPNdvJPuIldvRTHeLTe","f5fwJUnNVIMYGEv9AplwmC","f3C72JmOVD/o2Zdcovrtu6","42KQdKq0hBmo5xlsA9YjID","5fyjpu4XlNn42APOG3CL2z","249VhuVHJErbZ2rhADHm6V","d0+3yxzMpKUp4LTdCJcF3Y","8fsi6B0m1GiKGIbLRlgO5v","6drEgWNI9KBK0I/jlkDYpI","e1u/XILsZFVpi6MfWVsn2c","3cmUultvxEn799x3m12Nhk","a5dL1ZOE9FQpdrgbdDomsl","2bv2diFoVOWZO2i6t26JG+","74VOgtm7JOa5XV30ea7b21","8cHXrtq5xEJqH/8QxVyh+Y","3aCCkG3v5JTYrQzxT5fAVr","162hKlysFGzLLRfAXQQr6N","02QHbATllBwrsaNSB6vM14","49FTcsR+pP04N0y9CvlwLV","0a3eCXI/tIxKSajdXohbeY","579W9pvddAbaUPQt0FpJHS","52SuU0OU5CBpTdXK+1k3g+","dcPNltMbRL8akH/sM+M6Z0","9eN5SAlL5ELYn1WuUJG05+","dcdLwknvlArbehhv5F7bjD","f7BNid8KBECYQp+QQitWcW","67suWzlSBMK5R/zWwRldMy","60GFpYqgNHJq0KXt7IAr+3","fcfGoc0uZP4KteSwvi0z9a","e9BFYwBZRJg4xKYUZsIr1z"],["_textureSetter","Amelia-Happy-side","Amelia-confused-side","Amelia-idea-side","Amelia_Chat_Rig_22","Dad_16","Dev_Core_Rig_06","Dog-angry","Edwina_Cash_Dash_Rig_31","Edwina_Polaroid","Eve_Meta_Rig_50","Eve_head","Joe_Rig_77","Joe_polaroid-2","Joe_polaroid","Kate-happy","Raj_Rig_02","Raj_polaroid","Reader_Core_26","Rockabilly_Core_57","Sven_Chat_Rig_34","Yuka_polaroid","beatnik_11","bodybuilder_46","granny_07","img_ui_portrait_avidreader","img_ui_portrait_beatnik","img_ui_portrait_bodybuilder","img_ui_portrait_dad","img_ui_portrait_dev","img_ui_portrait_granny","img_ui_portrait_rockabilly","img_ui_portrait_teen_jessica","sven_polaroid","teen_jessica_32","yuka_meta_rig_07"],["cc.SpriteFrame",["cc.SpriteAtlas",["_name","_spriteFrames"],2,11]],[[1,0,1,2]],[[[{"name":"img_ui_portrait_avidreader","rect":[203,202,200,197],"offset":[0,0],"originalSize":[200,197],"capInsets":[0,0,0,0]}],[0],0,[0],[0],[0]],[[{"name":"Eve_head","rect":[606,373,155,199],"offset":[0,0],"originalSize":[155,199],"rotated":1,"capInsets":[0,0,0,0]}],[0],0,[0],[0],[0]],[[{"name":"Yuka_polaroid","rect":[1,405,199,199],"offset":[0,0],"originalSize":[199,199],"capInsets":[0,0,0,0]}],[0],0,[0],[0],[0]],[[{"name":"Raj_Rig_02","rect":[1,806,37,42],"offset":[0,0],"originalSize":[37,42],"capInsets":[0,0,0,0]}],[0],0,[0],[0],[0]],[[{"name":"Edwina_Polaroid","rect":[604,1,186,199],"offset":[-1,0],"originalSize":[188,199],"capInsets":[0,0,0,0]}],[0],0,[0],[0],[0]],[[{"name":"Amelia-idea-side","rect":[405,534,146,199],"offset":[0,0],"originalSize":[146,199],"rotated":1,"capInsets":[0,0,0,0]}],[0],0,[0],[0],[0]],[[{"name":"img_ui_portrait_bodybuilder","rect":[1,1,200,200],"offset":[0,0],"originalSize":[200,200],"capInsets":[0,0,0,0]}],[0],0,[0],[0],[0]],[[{"name":"img_ui_portrait_beatnik","rect":[606,202,169,199],"offset":[0,0],"originalSize":[169,199],"rotated":1,"capInsets":[0,0,0,0]}],[0],0,[0],[0],[0]],[[{"name":"Amelia-confused-side","rect":[405,385,147,199],"offset":[0,0],"originalSize":[147,199],"rotated":1,"capInsets":[0,0,0,0]}],[0],0,[0],[0],[0]],[[{"name":"sven_polaroid","rect":[405,202,181,199],"offset":[0,0],"originalSize":[181,199],"rotated":1,"capInsets":[0,0,0,0]}],[0],0,[0],[0],[0]],[[{"name":"Amelia-Happy-side","rect":[606,530,149,199],"offset":[0,0],"originalSize":[149,199],"rotated":1,"capInsets":[0,0,0,0]}],[0],0,[0],[0],[0]],[[{"name":"img_ui_portrait_teen_jessica","rect":[403,682,175,189],"offset":[-10,-5],"originalSize":[195,199],"rotated":1,"capInsets":[0,0,0,0]}],[0],0,[0],[0],[0]],[[{"name":"Joe_polaroid","rect":[202,573,139,199],"offset":[0,0],"originalSize":[139,199],"rotated":1,"capInsets":[0,0,0,0]}],[0],0,[0],[0],[0]],[[[0,"person.plist",[{},"Amelia-Happy-side",6,0,"Amelia-confused-side",6,1,"Amelia-idea-side",6,2,"Amelia_Chat_Rig_22",6,3,"Dad_16",6,4,"Dev_Core_Rig_06",6,5,"Dog-angry",6,6,"Edwina_Cash_Dash_Rig_31",6,7,"Edwina_Polaroid",6,8,"Eve_Meta_Rig_50",6,9,"Eve_head",6,10,"Joe_Rig_77",6,11,"Joe_polaroid-2",6,12,"Joe_polaroid",6,13,"Kate-happy",6,14,"Raj_Rig_02",6,15,"Raj_polaroid",6,16,"Reader_Core_26",6,17,"Rockabilly_Core_57",6,18,"Sven_Chat_Rig_34",6,19,"Yuka_polaroid",6,20,"beatnik_11",6,21,"bodybuilder_46",6,22,"granny_07",6,23,"img_ui_portrait_avidreader",6,24,"img_ui_portrait_beatnik",6,25,"img_ui_portrait_bodybuilder",6,26,"img_ui_portrait_dad",6,27,"img_ui_portrait_dev",6,28,"img_ui_portrait_granny",6,29,"img_ui_portrait_rockabilly",6,30,"img_ui_portrait_teen_jessica",6,31,"sven_polaroid",6,32,"teen_jessica_32",6,33,"yuka_meta_rig_07",6,34]]],0,0,[0,0,0,0,0,0,0,0,0,0,0,0,0,0,0,0,0,0,0,0,0,0,0,0,0,0,0,0,0,0,0,0,0,0,0],[1,2,3,4,5,6,7,8,9,10,11,12,13,14,15,16,17,18,19,20,21,22,23,24,25,26,27,28,29,30,31,32,33,34,35],[1,2,3,4,5,6,7,8,9,10,11,12,13,14,15,16,17,18,19,20,21,22,23,24,25,26,27,28,29,30,31,32,33,34,35]],[[{"name":"Joe_polaroid-2","rect":[202,573,139,199],"offset":[0,0],"originalSize":[139,199],"rotated":1,"capInsets":[0,0,0,0]}],[0],0,[0],[0],[0]],[[{"name":"img_ui_portrait_dev","rect":[203,401,170,200],"offset":[-15,0],"originalSize":[200,200],"rotated":1,"capInsets":[0,0,0,0]}],[0],0,[0],[0],[0]],[[{"name":"Raj_polaroid","rect":[606,681,142,199],"offset":[0,0],"originalSize":[144,199],"rotated":1,"capInsets":[0,0,0,0]}],[0],0,[0],[0],[0]],[[{"name":"img_ui_portrait_dad","rect":[1,606,192,198],"offset":[0,0],"originalSize":[192,198],"capInsets":[0,0,0,0]}],[0],0,[0],[0],[0]],[[{"name":"img_ui_portrait_granny","rect":[203,1,200,199],"offset":[0,0],"originalSize":[200,199],"capInsets":[0,0,0,0]}],[0],0,[0],[0],[0]],[[{"name":"Kate-happy","rect":[195,714,149,197],"offset":[-1,1],"originalSize":[155,199],"rotated":1,"capInsets":[0,0,0,0]}],[0],0,[0],[0],[0]],[[{"name":"Dog-angry","rect":[405,1,197,199],"offset":[0,0],"originalSize":[197,199],"capInsets":[0,0,0,0]}],[0],0,[0],[0],[0]],[[{"name":"img_ui_portrait_rockabilly","rect":[1,203,200,200],"offset":[0,0],"originalSize":[200,200],"capInsets":[0,0,0,0]}],[0],0,[0],[0],[0]]]]