[1,["ecpdLyjvZBwrvm+cedCcQy","d8cHw7ycdFo5Tnn3LqyRWc","69P2HcI99Br5dT9K0FLfqE","6bLJhxOZhOoYWNT8iyt3WS","f5zWapAsVHEYvmfiuOaomS","759XPBz4FFsZYbaN3E6HSv","1erpCufnFA67lemdvJ1Zys"],["node","_spriteFrame","_textureSetter","root","green2","green1","idLabel","diertyBg","stone","icon","data"],[["cc.Node",["_name","_opacity","_prefab","_contentSize","_components","_parent","_children","_color","_trs"],1,4,5,9,1,2,5,7],"cc.SpriteFrame",["cc.PrefabInfo",["fileId","root","asset"],2,1,1],["cc.Sprite",["_sizeMode","_type","node","_materials","_spriteFrame"],1,1,3,6],["cc.Prefab",["_name"],2],["cc.Node",["_name","_active","_parent","_components","_prefab","_contentSize","_trs"],1,1,12,4,5,7],["2b913JDWB9Al6DwKp7N2RYg",["node","icon","stone","diertyBg","idLabel","green1","green2"],3,1,1,1,1,1,1,1],["cc.Widget",["_alignFlags","_left","_right","_top","_bottom","_originalWidth","_originalHeight","node"],-4,1],["cc.LabelOutline",["_width","node","_color"],2,1,5],["cc.Label",["_string","_styleFlags","_N$horizontalAlign","_N$verticalAlign","node","_materials"],-1,1,3]],[[2,0,1,2,2],[7,0,1,2,3,4,5,6,7,8],[3,1,0,2,3,4,3],[0,0,5,4,2,3,2],[0,0,1,5,4,2,3,3],[3,0,2,3,4,2],[4,0,2],[0,0,6,4,2,3,2],[0,0,5,4,2,7,3,2],[0,0,5,4,2,3,8,2],[0,0,5,2,3,2],[5,0,1,2,3,4,5,6,3],[6,0,1,2,3,4,5,6,1],[2,1,2,1],[8,0,1,2,2],[9,0,1,2,3,4,5,5]],[[[{"name":"sz","rect":[0,0,139,139],"offset":[0,0],"originalSize":[139,139],"capInsets":[0,0,0,0]}],[1],0,[0],[2],[4]],[[[6,"GridItemView"],[7,"GridItemView",[-9,-10,-11,-12,-13,-14,-15,-16],[[12,-8,-7,-6,-5,-4,-3,-2]],[13,-1,0],[5,140,140]],[3,"green",1,[[2,1,0,-17,[2],3],[1,45,0.5,0.5,0.5,0.5,120,120,-18]],[0,"97T+zbWb5BB7bd6KoEmjcK",1,0],[5,139,139]],[8,"green2",1,[[2,1,0,-19,[4],5],[1,45,0.5,0.5,0.5,0.5,120,120,-20]],[0,"1fVTE3mdlFc56SElNSVZdv",1,0],[4,4280286863],[5,139,139]],[9,"stone",1,[[5,0,-21,[8],9],[1,45,-0.5,-0.5,78.05499999999998,0.9449999999999754,120,120,-22]],[0,"1bWMZkxeJOv4jdUimJqxP/",1,0],[5,141,61.00000000000004],[0,-38.555,0,0,0,0,1,1,1,1]],[4,"outlineWithTileSliced",150,1,[[2,1,0,-23,[0],1],[1,45,0.5,0.5,0.5,0.5,120,120,-24]],[0,"0f5MotQD1C84Zqh3IcPUJ3",1,0],[5,139,139]],[4,"inverted_hole",80,1,[[2,1,0,-25,[6],7],[1,45,0.5,0.5,0.5,0.5,120,120,-26]],[0,"d5OP1L5rNMV7Hz0Yz5f5AF",1,0],[5,139,139]],[3,"lockedtile",1,[[5,0,-27,[10],11]],[0,"f01lqEsbtHtqSkDGrLbB/3",1,0],[5,139,139]],[11,"idLabel",false,1,[[-28,[14,2,-29,[4,4278211257]]],1,4],[0,"b4sDkBHdZHA6lwK/yBS2zW",1,0],[5,48.49,54.4],[42.61,-47.77,0,0,0,0,1,1,1,1]],[10,"icon",1,[0,"3e9Ch8ogxKl6HdgN7ws8rN",1,0],[5,40,36]],[15,"62",1,1,1,8,[12]]],0,[0,3,1,0,4,3,0,5,2,0,6,10,0,7,7,0,8,4,0,9,9,0,0,1,0,-1,5,0,-2,2,0,-3,3,0,-4,6,0,-5,9,0,-6,4,0,-7,7,0,-8,8,0,0,2,0,0,2,0,0,3,0,0,3,0,0,4,0,0,4,0,0,5,0,0,5,0,0,6,0,0,6,0,0,7,0,-1,10,0,0,8,0,10,1,29],[0,0,0,0,0,0,0,0,0,0,0,0,0],[-1,1,-1,1,-1,1,-1,1,-1,1,-1,1,-1],[0,1,0,2,0,2,0,1,0,5,0,6,0]],[[{"name":"ice","rect":[569,1390,141,61],"offset":[0,0],"originalSize":[141,61],"rotated":1,"capInsets":[0,0,0,0]}],[1],0,[0],[2],[3]],[[{"name":"outlineWithTileSliced","rect":[956,823,139,139],"offset":[0,0],"originalSize":[139,139],"capInsets":[28,32,34,30]}],[1],0,[0],[2],[3]]]]