﻿<?xml version="1.0" encoding="UTF-8"?>
<root>
  <plists>
    <plist>objects.plist</plist>
  </plists>
  <animations>
    <animation>
      <name>human_idle_1</name>
      <delay>0.041</delay>
      <flipX>false</flipX>
      <flipY>false</flipY>
      <spriteFrame>human_1_0010.png</spriteFrame>
    </animation>
    <animation>
      <name>human_run_1</name>
      <delay>0.041</delay>
      <flipX>false</flipX>
      <flipY>false</flipY>
      <spriteFrame>human_1_0001.png</spriteFrame>
      <spriteFrame>human_1_0002.png</spriteFrame>
      <spriteFrame>human_1_0003.png</spriteFrame>
      <spriteFrame>human_1_0004.png</spriteFrame>
      <spriteFrame>human_1_0005.png</spriteFrame>
      <spriteFrame>human_1_0006.png</spriteFrame>
      <spriteFrame>human_1_0007.png</spriteFrame>
      <spriteFrame>human_1_0008.png</spriteFrame>
    </animation>
    <animation>
      <name>human_air_1</name>
      <delay>0.041</delay>
      <flipX>false</flipX>
      <flipY>false</flipY>
      <spriteFrame>human_1_0011.png</spriteFrame>
    </animation>
    <animation>
      <name>human_idle_2</name>
      <delay>0.041</delay>
      <flipX>false</flipX>
      <flipY>false</flipY>
      <spriteFrame>human_2_0010.png</spriteFrame>
    </animation>
    <animation>
      <name>human_run_2</name>
      <delay>0.041</delay>
      <flipX>false</flipX>
      <flipY>false</flipY>
      <spriteFrame>human_2_0001.png</spriteFrame>
      <spriteFrame>human_2_0002.png</spriteFrame>
      <spriteFrame>human_2_0003.png</spriteFrame>
      <spriteFrame>human_2_0004.png</spriteFrame>
      <spriteFrame>human_2_0005.png</spriteFrame>
      <spriteFrame>human_2_0006.png</spriteFrame>
      <spriteFrame>human_2_0007.png</spriteFrame>
      <spriteFrame>human_2_0008.png</spriteFrame>
    </animation>
    <animation>
      <name>human_air_2</name>
      <delay>0.041</delay>
      <flipX>false</flipX>
      <flipY>false</flipY>
      <spriteFrame>human_2_0011.png</spriteFrame>
    </animation>
    <animation>
      <name>human_idle_3</name>
      <delay>0.041</delay>
      <flipX>false</flipX>
      <flipY>false</flipY>
      <spriteFrame>human_3_0010.png</spriteFrame>
    </animation>
    <animation>
      <name>human_run_3</name>
      <delay>0.041</delay>
      <flipX>false</flipX>
      <flipY>false</flipY>
      <spriteFrame>human_3_0001.png</spriteFrame>
      <spriteFrame>human_3_0002.png</spriteFrame>
      <spriteFrame>human_3_0003.png</spriteFrame>
      <spriteFrame>human_3_0004.png</spriteFrame>
      <spriteFrame>human_3_0005.png</spriteFrame>
      <spriteFrame>human_3_0006.png</spriteFrame>
      <spriteFrame>human_3_0007.png</spriteFrame>
      <spriteFrame>human_3_0008.png</spriteFrame>
    </animation>
    <animation>
      <name>human_air_3</name>
      <delay>0.041</delay>
      <flipX>false</flipX>
      <flipY>false</flipY>
      <spriteFrame>human_3_0011.png</spriteFrame>
    </animation>
    <animation>
      <name>human_idle_4</name>
      <delay>0.041</delay>
      <flipX>false</flipX>
      <flipY>false</flipY>
      <spriteFrame>human_4_0010.png</spriteFrame>
    </animation>
    <animation>
      <name>human_run_4</name>
      <delay>0.041</delay>
      <flipX>false</flipX>
      <flipY>false</flipY>
      <spriteFrame>human_4_0001.png</spriteFrame>
      <spriteFrame>human_4_0002.png</spriteFrame>
      <spriteFrame>human_4_0003.png</spriteFrame>
      <spriteFrame>human_4_0004.png</spriteFrame>
      <spriteFrame>human_4_0005.png</spriteFrame>
      <spriteFrame>human_4_0006.png</spriteFrame>
      <spriteFrame>human_4_0007.png</spriteFrame>
      <spriteFrame>human_4_0008.png</spriteFrame>
    </animation>
    <animation>
      <name>human_air_4</name>
      <delay>0.041</delay>
      <flipX>false</flipX>
      <flipY>false</flipY>
      <spriteFrame>human_4_0011.png</spriteFrame>
    </animation>
    <animation>
      <name>human_idle_5</name>
      <delay>0.041</delay>
      <flipX>false</flipX>
      <flipY>false</flipY>
      <spriteFrame>human_5_0010.png</spriteFrame>
    </animation>
    <animation>
      <name>human_run_5</name>
      <delay>0.041</delay>
      <flipX>false</flipX>
      <flipY>false</flipY>
      <spriteFrame>human_5_0001.png</spriteFrame>
      <spriteFrame>human_5_0002.png</spriteFrame>
      <spriteFrame>human_5_0003.png</spriteFrame>
      <spriteFrame>human_5_0004.png</spriteFrame>
      <spriteFrame>human_5_0005.png</spriteFrame>
      <spriteFrame>human_5_0006.png</spriteFrame>
      <spriteFrame>human_5_0007.png</spriteFrame>
      <spriteFrame>human_5_0008.png</spriteFrame>
    </animation>
    <animation>
      <name>human_air_5</name>
      <delay>0.041</delay>
      <flipX>false</flipX>
      <flipY>false</flipY>
      <spriteFrame>human_5_0011.png</spriteFrame>
    </animation>
    <animation>
      <name>police_idle</name>
      <delay>0.041</delay>
      <flipX>false</flipX>
      <flipY>false</flipY>
      <spriteFrame>police_0010.png</spriteFrame>
    </animation>
    <animation>
      <name>police_run</name>
      <delay>0.041</delay>
      <flipX>false</flipX>
      <flipY>false</flipY>
      <spriteFrame>police_0001.png</spriteFrame>
      <spriteFrame>police_0002.png</spriteFrame>
      <spriteFrame>police_0003.png</spriteFrame>
      <spriteFrame>police_0004.png</spriteFrame>
      <spriteFrame>police_0005.png</spriteFrame>
      <spriteFrame>police_0006.png</spriteFrame>
      <spriteFrame>police_0007.png</spriteFrame>
      <spriteFrame>police_0008.png</spriteFrame>
    </animation>
    <animation>
      <name>police_air</name>
      <delay>0.041</delay>
      <flipX>false</flipX>
      <flipY>false</flipY>
      <spriteFrame>police_0011.png</spriteFrame>
    </animation>
    <animation>
      <name>police_fire_1</name>
      <delay>0.3</delay>
      <flipX>false</flipX>
      <flipY>false</flipY>
      <spriteFrame>police_0012.png</spriteFrame>
      <spriteFrame>police_0012.png</spriteFrame>
    </animation>
    <animation>
      <name>police_fire_2</name>
      <delay>0.3</delay>
      <flipX>false</flipX>
      <flipY>false</flipY>
      <spriteFrame>police_0013.png</spriteFrame>
      <spriteFrame>police_0013.png</spriteFrame>
    </animation>
    <animation>
      <name>police_light</name>
      <delay>0.041</delay>
      <flipX>false</flipX>
      <flipY>false</flipY>
      <spriteFrame>police_light_0001.png</spriteFrame>
      <spriteFrame>police_light_0002.png</spriteFrame>
      <spriteFrame>police_light_0003.png</spriteFrame>
      <spriteFrame>police_light_0004.png</spriteFrame>
      <spriteFrame>police_light_0005.png</spriteFrame>
      <spriteFrame>police_light_0006.png</spriteFrame>
      <spriteFrame>police_light_0007.png</spriteFrame>
      <spriteFrame>police_light_0008.png</spriteFrame>
    </animation>
    <animation>
      <name>bullet_flash</name>
      <delay>0.041</delay>
      <flipX>false</flipX>
      <flipY>false</flipY>
      <spriteFrame>bullet_flash_0001.png</spriteFrame>
      <spriteFrame>bullet_flash_0002.png</spriteFrame>
      <spriteFrame>bullet_flash_0003.png</spriteFrame>
      <spriteFrame>bullet_flash_0004.png</spriteFrame>
    </animation>
    <animation>
      <name>tank_run</name>
      <delay>0.041</delay>
      <flipX>false</flipX>
      <flipY>false</flipY>
      <spriteFrame>tank_0001.png</spriteFrame>
      <spriteFrame>tank_0002.png</spriteFrame>
      <spriteFrame>tank_0003.png</spriteFrame>
      <spriteFrame>tank_0004.png</spriteFrame>
    </animation>
    <animation>
      <name>helicopter_run</name>
      <delay>0.041</delay>
      <flipX>false</flipX>
      <flipY>false</flipY>
      <spriteFrame>helicopter_0001.png</spriteFrame>
      <spriteFrame>helicopter_0002.png</spriteFrame>
      <spriteFrame>helicopter_0003.png</spriteFrame>
    </animation>
    <animation>
      <name>bullet_flash_2</name>
      <delay>0.041</delay>
      <flipX>false</flipX>
      <flipY>false</flipY>
      <spriteFrame>bullet_2_flash_0001.png</spriteFrame>
      <spriteFrame>bullet_2_flash_0002.png</spriteFrame>
      <spriteFrame>bullet_2_flash_0003.png</spriteFrame>
      <spriteFrame>bullet_2_flash_0004.png</spriteFrame>
      <spriteFrame>bullet_2_flash_0005.png</spriteFrame>
      <spriteFrame>bullet_2_flash_0006.png</spriteFrame>
    </animation>
    <animation>
      <name>soldier_idle</name>
      <delay>0.041</delay>
      <flipX>false</flipX>
      <flipY>false</flipY>
      <spriteFrame>soidier_0010.png</spriteFrame>
    </animation>
    <animation>
      <name>soldier_run</name>
      <delay>0.041</delay>
      <flipX>false</flipX>
      <flipY>false</flipY>
      <spriteFrame>soidier_0001.png</spriteFrame>
      <spriteFrame>soidier_0002.png</spriteFrame>
      <spriteFrame>soidier_0003.png</spriteFrame>
      <spriteFrame>soidier_0004.png</spriteFrame>
      <spriteFrame>soidier_0005.png</spriteFrame>
      <spriteFrame>soidier_0006.png</spriteFrame>
      <spriteFrame>soidier_0007.png</spriteFrame>
      <spriteFrame>soidier_0008.png</spriteFrame>
    </animation>
    <animation>
      <name>soldier_fire_1</name>
      <delay>0.041</delay>
      <flipX>false</flipX>
      <flipY>false</flipY>
      <spriteFrame>soidier_0012.png</spriteFrame>
    </animation>
    <animation>
      <name>soldier_fire_2</name>
      <delay>0.041</delay>
      <flipX>false</flipX>
      <flipY>false</flipY>
      <spriteFrame>soidier_0013.png</spriteFrame>
    </animation>
    <animation>
      <name>bazooka_idle</name>
      <delay>0.041</delay>
      <flipX>false</flipX>
      <flipY>false</flipY>
      <spriteFrame>bazooka_0010.png</spriteFrame>
    </animation>
    <animation>
      <name>bazooka_run</name>
      <delay>0.041</delay>
      <flipX>false</flipX>
      <flipY>false</flipY>
      <spriteFrame>bazooka_0001.png</spriteFrame>
      <spriteFrame>bazooka_0002.png</spriteFrame>
      <spriteFrame>bazooka_0003.png</spriteFrame>
      <spriteFrame>bazooka_0004.png</spriteFrame>
      <spriteFrame>bazooka_0005.png</spriteFrame>
      <spriteFrame>bazooka_0006.png</spriteFrame>
      <spriteFrame>bazooka_0007.png</spriteFrame>
      <spriteFrame>bazooka_0008.png</spriteFrame>
    </animation>
    <animation>
      <name>bazooka_fire_1</name>
      <delay>0.041</delay>
      <flipX>false</flipX>
      <flipY>false</flipY>
      <spriteFrame>bazooka_0012.png</spriteFrame>
    </animation>
    <animation>
      <name>bazooka_fire_2</name>
      <delay>0.041</delay>
      <flipX>false</flipX>
      <flipY>false</flipY>
      <spriteFrame>bazooka_0013.png</spriteFrame>
    </animation>
    <animation>
      <name>soldier_air</name>
      <delay>0.041</delay>
      <flipX>false</flipX>
      <flipY>false</flipY>
      <spriteFrame>soidier_0011.png</spriteFrame>
    </animation>
    <animation>
      <name>bazooka_air</name>
      <delay>0.041</delay>
      <flipX>false</flipX>
      <flipY>false</flipY>
      <spriteFrame>bazooka_0011.png</spriteFrame>
    </animation>
    <animation>
      <name>bullet_explode</name>
      <delay>0.041</delay>
      <flipX>false</flipX>
      <flipY>false</flipY>
      <spriteFrame>bullet_explode_0001.png</spriteFrame>
      <spriteFrame>bullet_explode_0002.png</spriteFrame>
      <spriteFrame>bullet_explode_0003.png</spriteFrame>
      <spriteFrame>bullet_explode_0004.png</spriteFrame>
      <spriteFrame>bullet_explode_0005.png</spriteFrame>
    </animation>
    <animation>
      <name>human_idle_6</name>
      <delay>0.041</delay>
      <flipX>false</flipX>
      <flipY>false</flipY>
      <spriteFrame>human_6_0010.png</spriteFrame>
    </animation>
    <animation>
      <name>human_run_6</name>
      <delay>0.041</delay>
      <flipX>false</flipX>
      <flipY>false</flipY>
      <spriteFrame>human_6_0001.png</spriteFrame>
      <spriteFrame>human_6_0002.png</spriteFrame>
      <spriteFrame>human_6_0003.png</spriteFrame>
      <spriteFrame>human_6_0004.png</spriteFrame>
      <spriteFrame>human_6_0005.png</spriteFrame>
      <spriteFrame>human_6_0006.png</spriteFrame>
      <spriteFrame>human_6_0007.png</spriteFrame>
      <spriteFrame>human_6_0008.png</spriteFrame>
    </animation>
    <animation>
      <name>human_air_6</name>
      <delay>0.041</delay>
      <flipX>false</flipX>
      <flipY>false</flipY>
      <spriteFrame>human_6_0011.png</spriteFrame>
    </animation>
    <animation>
      <name>human_idle_7</name>
      <delay>0.041</delay>
      <flipX>false</flipX>
      <flipY>false</flipY>
      <spriteFrame>human_7_0010.png</spriteFrame>
    </animation>
    <animation>
      <name>human_run_7</name>
      <delay>0.041</delay>
      <flipX>false</flipX>
      <flipY>false</flipY>
      <spriteFrame>human_7_0001.png</spriteFrame>
      <spriteFrame>human_7_0002.png</spriteFrame>
      <spriteFrame>human_7_0003.png</spriteFrame>
      <spriteFrame>human_7_0004.png</spriteFrame>
      <spriteFrame>human_7_0005.png</spriteFrame>
      <spriteFrame>human_7_0006.png</spriteFrame>
      <spriteFrame>human_7_0007.png</spriteFrame>
      <spriteFrame>human_7_0008.png</spriteFrame>
    </animation>
    <animation>
      <name>human_air_7</name>
      <delay>0.041</delay>
      <flipX>false</flipX>
      <flipY>false</flipY>
      <spriteFrame>human_7_0011.png</spriteFrame>
    </animation>
    <animation>
      <name>human_idle_8</name>
      <delay>0.041</delay>
      <flipX>false</flipX>
      <flipY>false</flipY>
      <spriteFrame>human_8_0010.png</spriteFrame>
    </animation>
    <animation>
      <name>human_run_8</name>
      <delay>0.041</delay>
      <flipX>false</flipX>
      <flipY>false</flipY>
      <spriteFrame>human_8_0001.png</spriteFrame>
      <spriteFrame>human_8_0002.png</spriteFrame>
      <spriteFrame>human_8_0003.png</spriteFrame>
      <spriteFrame>human_8_0004.png</spriteFrame>
      <spriteFrame>human_8_0005.png</spriteFrame>
      <spriteFrame>human_8_0006.png</spriteFrame>
      <spriteFrame>human_8_0007.png</spriteFrame>
      <spriteFrame>human_8_0008.png</spriteFrame>
    </animation>
    <animation>
      <name>human_air_8</name>
      <delay>0.041</delay>
      <flipX>false</flipX>
      <flipY>false</flipY>
      <spriteFrame>human_8_0011.png</spriteFrame>
    </animation>
    <animation>
      <name>human_idle_9</name>
      <delay>0.041</delay>
      <flipX>false</flipX>
      <flipY>false</flipY>
      <spriteFrame>human_9_0010.png</spriteFrame>
    </animation>
    <animation>
      <name>human_run_9</name>
      <delay>0.041</delay>
      <flipX>false</flipX>
      <flipY>false</flipY>
      <spriteFrame>human_9_0001.png</spriteFrame>
      <spriteFrame>human_9_0002.png</spriteFrame>
      <spriteFrame>human_9_0003.png</spriteFrame>
      <spriteFrame>human_9_0004.png</spriteFrame>
      <spriteFrame>human_9_0005.png</spriteFrame>
      <spriteFrame>human_9_0006.png</spriteFrame>
      <spriteFrame>human_9_0007.png</spriteFrame>
      <spriteFrame>human_9_0008.png</spriteFrame>
    </animation>
    <animation>
      <name>human_air_9</name>
      <delay>0.041</delay>
      <flipX>false</flipX>
      <flipY>false</flipY>
      <spriteFrame>human_9_0011.png</spriteFrame>
    </animation>
    <animation>
      <name>human_idle_10</name>
      <delay>0.041</delay>
      <flipX>false</flipX>
      <flipY>false</flipY>
      <spriteFrame>human_10_0010.png</spriteFrame>
    </animation>
    <animation>
      <name>human_run_10</name>
      <delay>0.041</delay>
      <flipX>false</flipX>
      <flipY>false</flipY>
      <spriteFrame>human_10_0001.png</spriteFrame>
      <spriteFrame>human_10_0002.png</spriteFrame>
      <spriteFrame>human_10_0003.png</spriteFrame>
      <spriteFrame>human_10_0004.png</spriteFrame>
      <spriteFrame>human_10_0005.png</spriteFrame>
      <spriteFrame>human_10_0006.png</spriteFrame>
      <spriteFrame>human_10_0007.png</spriteFrame>
      <spriteFrame>human_10_0008.png</spriteFrame>
    </animation>
    <animation>
      <name>human_air_10</name>
      <delay>0.041</delay>
      <flipX>false</flipX>
      <flipY>false</flipY>
      <spriteFrame>human_10_0011.png</spriteFrame>
    </animation>
    <animation>
      <name>bomber_plane_run</name>
      <delay>0.041</delay>
      <flipX>false</flipX>
      <flipY>false</flipY>
      <spriteFrame>bomber_plane_0001.png</spriteFrame>
      <spriteFrame>bomber_plane_0002.png</spriteFrame>
      <spriteFrame>bomber_plane_0003.png</spriteFrame>
    </animation>
    <animation>
      <name>flamethrower_idle</name>
      <delay>0.041</delay>
      <flipX>false</flipX>
      <flipY>false</flipY>
      <spriteFrame>flamethrower_0001.png</spriteFrame>
      <spriteFrame>flamethrower_0002.png</spriteFrame>
      <spriteFrame>flamethrower_0003.png</spriteFrame>
      <spriteFrame>flamethrower_0004.png</spriteFrame>
      <spriteFrame>flamethrower_0005.png</spriteFrame>
      <spriteFrame>flamethrower_0006.png</spriteFrame>
    </animation>
    <animation>
      <name>flamethrower_air</name>
      <delay>0.041</delay>
      <flipX>false</flipX>
      <flipY>false</flipY>
      <spriteFrame>flamethrower_0008.png</spriteFrame>
    </animation>
    <animation>
      <name>bullet_flame</name>
      <delay>0.041</delay>
      <flipX>false</flipX>
      <flipY>false</flipY>
      <spriteFrame>bullet_flame_0001.png</spriteFrame>
      <spriteFrame>bullet_flame_0002.png</spriteFrame>
      <spriteFrame>bullet_flame_0003.png</spriteFrame>
    </animation>
    <animation>
      <name>sheriff_idle</name>
      <delay>0.05555556</delay>
      <flipX>false</flipX>
      <flipY>false</flipY>
      <spriteFrame>sheriff_0001.png</spriteFrame>
      <spriteFrame>sheriff_0002.png</spriteFrame>
      <spriteFrame>sheriff_0003.png</spriteFrame>
      <spriteFrame>sheriff_0004.png</spriteFrame>
    </animation>
    <animation>
      <name>sheriff_run</name>
      <delay>0.04166667</delay>
      <flipX>false</flipX>
      <flipY>false</flipY>
      <spriteFrame>sheriff_0005.png</spriteFrame>
      <spriteFrame>sheriff_0006.png</spriteFrame>
      <spriteFrame>sheriff_0007.png</spriteFrame>
      <spriteFrame>sheriff_0008.png</spriteFrame>
      <spriteFrame>sheriff_0009.png</spriteFrame>
      <spriteFrame>sheriff_0010.png</spriteFrame>
      <spriteFrame>sheriff_0011.png</spriteFrame>
      <spriteFrame>sheriff_0012.png</spriteFrame>
    </animation>
    <animation>
      <name>sheriff_fire</name>
      <delay>0.04166667</delay>
      <flipX>false</flipX>
      <flipY>false</flipY>
      <spriteFrame>sheriff_0013.png</spriteFrame>
      <spriteFrame>sheriff_0014.png</spriteFrame>
      <spriteFrame>sheriff_0015.png</spriteFrame>
      <spriteFrame>sheriff_0016.png</spriteFrame>
    </animation>
    <animation>
      <name>sheriff_pointer</name>
      <delay>0.05555556</delay>
      <flipX>false</flipX>
      <flipY>false</flipY>
      <spriteFrame>sheriff_pointer_0001.png</spriteFrame>
      <spriteFrame>sheriff_pointer_0002.png</spriteFrame>
      <spriteFrame>sheriff_pointer_0003.png</spriteFrame>
      <spriteFrame>sheriff_pointer_0004.png</spriteFrame>
      <spriteFrame>sheriff_pointer_0005.png</spriteFrame>
    </animation>
    <animation>
      <name>sheriff_text</name>
      <delay>0.05555556</delay>
      <flipX>false</flipX>
      <flipY>false</flipY>
      <spriteFrame>sheriff_text_0001.png</spriteFrame>
      <spriteFrame>sheriff_text_0002.png</spriteFrame>
      <spriteFrame>sheriff_text_0003.png</spriteFrame>
      <spriteFrame>sheriff_text_0004.png</spriteFrame>
      <spriteFrame>sheriff_text_0005.png</spriteFrame>
    </animation>
    <animation>
      <name>police_helicopter_run</name>
      <delay>0.04166667</delay>
      <flipX>false</flipX>
      <flipY>false</flipY>
      <spriteFrame>police_helicopter_0001.png</spriteFrame>
      <spriteFrame>police_helicopter_0002.png</spriteFrame>
      <spriteFrame>police_helicopter_0003.png</spriteFrame>
    </animation>
  </animations>
</root>