{"root":{"plists":{"plist":"objects.plist"},"animations":{"animation":[{"name":"human_idle_1","delay":"0.041","flipX":"false","flipY":"false","spriteFrame":"human_1_0010.png"},{"name":"human_run_1","delay":"0.041","flipX":"false","flipY":"false","spriteFrame":["human_1_0001.png","human_1_0002.png","human_1_0003.png","human_1_0004.png","human_1_0005.png","human_1_0006.png","human_1_0007.png","human_1_0008.png"]},{"name":"human_air_1","delay":"0.041","flipX":"false","flipY":"false","spriteFrame":"human_1_0011.png"},{"name":"human_idle_2","delay":"0.041","flipX":"false","flipY":"false","spriteFrame":"human_2_0010.png"},{"name":"human_run_2","delay":"0.041","flipX":"false","flipY":"false","spriteFrame":["human_2_0001.png","human_2_0002.png","human_2_0003.png","human_2_0004.png","human_2_0005.png","human_2_0006.png","human_2_0007.png","human_2_0008.png"]},{"name":"human_air_2","delay":"0.041","flipX":"false","flipY":"false","spriteFrame":"human_2_0011.png"},{"name":"human_idle_3","delay":"0.041","flipX":"false","flipY":"false","spriteFrame":"human_3_0010.png"},{"name":"human_run_3","delay":"0.041","flipX":"false","flipY":"false","spriteFrame":["human_3_0001.png","human_3_0002.png","human_3_0003.png","human_3_0004.png","human_3_0005.png","human_3_0006.png","human_3_0007.png","human_3_0008.png"]},{"name":"human_air_3","delay":"0.041","flipX":"false","flipY":"false","spriteFrame":"human_3_0011.png"},{"name":"human_idle_4","delay":"0.041","flipX":"false","flipY":"false","spriteFrame":"human_4_0010.png"},{"name":"human_run_4","delay":"0.041","flipX":"false","flipY":"false","spriteFrame":["human_4_0001.png","human_4_0002.png","human_4_0003.png","human_4_0004.png","human_4_0005.png","human_4_0006.png","human_4_0007.png","human_4_0008.png"]},{"name":"human_air_4","delay":"0.041","flipX":"false","flipY":"false","spriteFrame":"human_4_0011.png"},{"name":"human_idle_5","delay":"0.041","flipX":"false","flipY":"false","spriteFrame":"human_5_0010.png"},{"name":"human_run_5","delay":"0.041","flipX":"false","flipY":"false","spriteFrame":["human_5_0001.png","human_5_0002.png","human_5_0003.png","human_5_0004.png","human_5_0005.png","human_5_0006.png","human_5_0007.png","human_5_0008.png"]},{"name":"human_air_5","delay":"0.041","flipX":"false","flipY":"false","spriteFrame":"human_5_0011.png"},{"name":"police_idle","delay":"0.041","flipX":"false","flipY":"false","spriteFrame":"police_0010.png"},{"name":"police_run","delay":"0.041","flipX":"false","flipY":"false","spriteFrame":["police_0001.png","police_0002.png","police_0003.png","police_0004.png","police_0005.png","police_0006.png","police_0007.png","police_0008.png"]},{"name":"police_air","delay":"0.041","flipX":"false","flipY":"false","spriteFrame":"police_0011.png"},{"name":"police_fire_1","delay":"0.3","flipX":"false","flipY":"false","spriteFrame":["police_0012.png","police_0012.png"]},{"name":"police_fire_2","delay":"0.3","flipX":"false","flipY":"false","spriteFrame":["police_0013.png","police_0013.png"]},{"name":"police_light","delay":"0.041","flipX":"false","flipY":"false","spriteFrame":["police_light_0001.png","police_light_0002.png","police_light_0003.png","police_light_0004.png","police_light_0005.png","police_light_0006.png","police_light_0007.png","police_light_0008.png"]},{"name":"bullet_flash","delay":"0.041","flipX":"false","flipY":"false","spriteFrame":["bullet_flash_0001.png","bullet_flash_0002.png","bullet_flash_0003.png","bullet_flash_0004.png"]},{"name":"tank_run","delay":"0.041","flipX":"false","flipY":"false","spriteFrame":["tank_0001.png","tank_0002.png","tank_0003.png","tank_0004.png"]},{"name":"helicopter_run","delay":"0.041","flipX":"false","flipY":"false","spriteFrame":["helicopter_0001.png","helicopter_0002.png","helicopter_0003.png"]},{"name":"bullet_flash_2","delay":"0.041","flipX":"false","flipY":"false","spriteFrame":["bullet_2_flash_0001.png","bullet_2_flash_0002.png","bullet_2_flash_0003.png","bullet_2_flash_0004.png","bullet_2_flash_0005.png","bullet_2_flash_0006.png"]},{"name":"soldier_idle","delay":"0.041","flipX":"false","flipY":"false","spriteFrame":"soidier_0010.png"},{"name":"soldier_run","delay":"0.041","flipX":"false","flipY":"false","spriteFrame":["soidier_0001.png","soidier_0002.png","soidier_0003.png","soidier_0004.png","soidier_0005.png","soidier_0006.png","soidier_0007.png","soidier_0008.png"]},{"name":"soldier_fire_1","delay":"0.041","flipX":"false","flipY":"false","spriteFrame":"soidier_0012.png"},{"name":"soldier_fire_2","delay":"0.041","flipX":"false","flipY":"false","spriteFrame":"soidier_0013.png"},{"name":"bazooka_idle","delay":"0.041","flipX":"false","flipY":"false","spriteFrame":"bazooka_0010.png"},{"name":"bazooka_run","delay":"0.041","flipX":"false","flipY":"false","spriteFrame":["bazooka_0001.png","bazooka_0002.png","bazooka_0003.png","bazooka_0004.png","bazooka_0005.png","bazooka_0006.png","bazooka_0007.png","bazooka_0008.png"]},{"name":"bazooka_fire_1","delay":"0.041","flipX":"false","flipY":"false","spriteFrame":"bazooka_0012.png"},{"name":"bazooka_fire_2","delay":"0.041","flipX":"false","flipY":"false","spriteFrame":"bazooka_0013.png"},{"name":"soldier_air","delay":"0.041","flipX":"false","flipY":"false","spriteFrame":"soidier_0011.png"},{"name":"bazooka_air","delay":"0.041","flipX":"false","flipY":"false","spriteFrame":"bazooka_0011.png"},{"name":"bullet_explode","delay":"0.041","flipX":"false","flipY":"false","spriteFrame":["bullet_explode_0001.png","bullet_explode_0002.png","bullet_explode_0003.png","bullet_explode_0004.png","bullet_explode_0005.png"]},{"name":"human_idle_6","delay":"0.041","flipX":"false","flipY":"false","spriteFrame":"human_6_0010.png"},{"name":"human_run_6","delay":"0.041","flipX":"false","flipY":"false","spriteFrame":["human_6_0001.png","human_6_0002.png","human_6_0003.png","human_6_0004.png","human_6_0005.png","human_6_0006.png","human_6_0007.png","human_6_0008.png"]},{"name":"human_air_6","delay":"0.041","flipX":"false","flipY":"false","spriteFrame":"human_6_0011.png"},{"name":"human_idle_7","delay":"0.041","flipX":"false","flipY":"false","spriteFrame":"human_7_0010.png"},{"name":"human_run_7","delay":"0.041","flipX":"false","flipY":"false","spriteFrame":["human_7_0001.png","human_7_0002.png","human_7_0003.png","human_7_0004.png","human_7_0005.png","human_7_0006.png","human_7_0007.png","human_7_0008.png"]},{"name":"human_air_7","delay":"0.041","flipX":"false","flipY":"false","spriteFrame":"human_7_0011.png"},{"name":"human_idle_8","delay":"0.041","flipX":"false","flipY":"false","spriteFrame":"human_8_0010.png"},{"name":"human_run_8","delay":"0.041","flipX":"false","flipY":"false","spriteFrame":["human_8_0001.png","human_8_0002.png","human_8_0003.png","human_8_0004.png","human_8_0005.png","human_8_0006.png","human_8_0007.png","human_8_0008.png"]},{"name":"human_air_8","delay":"0.041","flipX":"false","flipY":"false","spriteFrame":"human_8_0011.png"},{"name":"human_idle_9","delay":"0.041","flipX":"false","flipY":"false","spriteFrame":"human_9_0010.png"},{"name":"human_run_9","delay":"0.041","flipX":"false","flipY":"false","spriteFrame":["human_9_0001.png","human_9_0002.png","human_9_0003.png","human_9_0004.png","human_9_0005.png","human_9_0006.png","human_9_0007.png","human_9_0008.png"]},{"name":"human_air_9","delay":"0.041","flipX":"false","flipY":"false","spriteFrame":"human_9_0011.png"},{"name":"human_idle_10","delay":"0.041","flipX":"false","flipY":"false","spriteFrame":"human_10_0010.png"},{"name":"human_run_10","delay":"0.041","flipX":"false","flipY":"false","spriteFrame":["human_10_0001.png","human_10_0002.png","human_10_0003.png","human_10_0004.png","human_10_0005.png","human_10_0006.png","human_10_0007.png","human_10_0008.png"]},{"name":"human_air_10","delay":"0.041","flipX":"false","flipY":"false","spriteFrame":"human_10_0011.png"},{"name":"bomber_plane_run","delay":"0.041","flipX":"false","flipY":"false","spriteFrame":["bomber_plane_0001.png","bomber_plane_0002.png","bomber_plane_0003.png"]},{"name":"flamethrower_idle","delay":"0.041","flipX":"false","flipY":"false","spriteFrame":["flamethrower_0001.png","flamethrower_0002.png","flamethrower_0003.png","flamethrower_0004.png","flamethrower_0005.png","flamethrower_0006.png"]},{"name":"flamethrower_air","delay":"0.041","flipX":"false","flipY":"false","spriteFrame":"flamethrower_0008.png"},{"name":"bullet_flame","delay":"0.041","flipX":"false","flipY":"false","spriteFrame":["bullet_flame_0001.png","bullet_flame_0002.png","bullet_flame_0003.png"]},{"name":"sheriff_idle","delay":"0.05555556","flipX":"false","flipY":"false","spriteFrame":["sheriff_0001.png","sheriff_0002.png","sheriff_0003.png","sheriff_0004.png"]},{"name":"sheriff_run","delay":"0.04166667","flipX":"false","flipY":"false","spriteFrame":["sheriff_0005.png","sheriff_0006.png","sheriff_0007.png","sheriff_0008.png","sheriff_0009.png","sheriff_0010.png","sheriff_0011.png","sheriff_0012.png"]},{"name":"sheriff_fire","delay":"0.04166667","flipX":"false","flipY":"false","spriteFrame":["sheriff_0013.png","sheriff_0014.png","sheriff_0015.png","sheriff_0016.png"]},{"name":"sheriff_pointer","delay":"0.05555556","flipX":"false","flipY":"false","spriteFrame":["sheriff_pointer_0001.png","sheriff_pointer_0002.png","sheriff_pointer_0003.png","sheriff_pointer_0004.png","sheriff_pointer_0005.png"]},{"name":"sheriff_text","delay":"0.05555556","flipX":"false","flipY":"false","spriteFrame":["sheriff_text_0001.png","sheriff_text_0002.png","sheriff_text_0003.png","sheriff_text_0004.png","sheriff_text_0005.png"]},{"name":"police_helicopter_run","delay":"0.04166667","flipX":"false","flipY":"false","spriteFrame":["police_helicopter_0001.png","police_helicopter_0002.png","police_helicopter_0003.png"]}]}}}