[1,["ecpdLyjvZBwrvm+cedCcQy","6bLJhxOZhOoYWNT8iyt3WS","32ZGz+EJRFb7GgT9NfHmP1","03icYGTRdFx5dlKLW/O3oG","c8tOkdQGJDq6xrCGuwV1Ug","32+36fgiNLupbzIKcFtLny","cakSTGkApKSZRlgPlshK7E"],["node","_textureSetter","_spriteFrame","root","personPos","layout","itemIcon","goBtn","coinNum","data","foodFrefab","personPrefab"],[["cc.Node",["_name","_prefab","_components","_contentSize","_parent","_trs","_children"],2,4,9,5,1,7,2],"cc.SpriteFrame",["cc.Sprite",["_sizeMode","_type","node","_materials","_spriteFrame"],1,1,3,6],["cc.Node",["_name","_parent","_components","_prefab","_contentSize","_trs","_color","_anchorPoint"],2,1,2,4,5,7,5,5],["cc.PrefabInfo",["fileId","root","asset"],2,1,1],["cc.Label",["_string","_styleFlags","_N$horizontalAlign","_N$verticalAlign","_fontSize","node","_materials"],-2,1,3],["cc.Prefab",["_name"],2],["cc.Node",["_name","_parent","_children","_components","_prefab","_contentSize","_trs"],2,1,2,12,4,5,7],["8f1fffciCxAIbKFHpHnzTzG",["node","coinNum","goBtn","itemIcon","layout","personPos","foodFrefab","personPrefab"],3,1,1,1,1,1,1,6,6],["339bcmA25RDwY0A+HoW+jmX",["node"],3,1],["cc.Widget",["_alignFlags","node"],2,1],["cc.LabelOutline",["_width","node","_color"],2,1,5],["52deepbQvdCoK2QrKUv69e9",["id","param","node","posList","maskNode","handlers"],1,1,2,1,9],["cc.ClickEvent",["_componentId","handler","target"],1,1],["cc.Layout",["_resize","_N$layoutType","_N$spacingX","node","_layoutSize"],0,1,5],["cc.Button",["_N$transition","node","clickEvents"],2,1,9]],[[4,0,1,2,2],[0,0,4,2,1,3,5,2],[3,0,1,2,3,4,5,2],[2,1,0,2,3,4,3],[10,0,1,2],[13,0,1,2,3],[6,0,2],[0,0,6,2,1,3,2],[0,0,4,6,2,1,3,5,2],[0,0,4,2,1,3,2],[0,0,4,1,5,2],[7,0,1,2,3,4,5,6,2],[3,0,1,2,3,6,4,7,5,2],[8,0,1,2,3,4,5,6,7,1],[4,1,2,1],[2,2,3,1],[2,0,2,3,2],[9,0,1],[5,0,1,2,3,5,6,5],[5,0,4,1,2,3,5,6,6],[11,0,1,2,2],[12,0,1,2,3,4,5,3],[14,0,1,2,3,4,4],[15,0,1,2,2]],[[[{"name":"giftbtn","rect":[936,1607,83,82],"offset":[0,0],"originalSize":[83,82],"capInsets":[39,37,39,43]}],[1],0,[0],[1],[1]],[[{"name":"choose1","rect":[582,1533,130,123],"offset":[0,0],"originalSize":[130,123],"capInsets":[62,60,62,60]}],[1],0,[0],[1],[1]],[[[6,"BuyItemView"],[7,"BuyItemView",[-8,-9,-10,-11,-12,-13],[[13,-7,-6,-5,-4,-3,-2,8,9]],[14,-1,0],[5,290,300]],[11,"goBtn",1,[-17,-18],[[[3,1,0,-14,[5],6],-15,[17,-16]],4,1,4],[0,"camsRmZStGv6RDcbs8C0C0",1,0],[5,94,90],[99.54,48.544,0,0,0,0,1,1,1,0]],[1,"person",1,[[15,-19,[0]],[4,16,-20]],[0,"b7n9bntuRHP4+CCQg6CM4K",1,0],[5,200,197],[0,-13.926,0,0,0,0,1,0.8,0.8,1]],[8,"bubbleorder_bubble",1,[-22],[[3,1,0,-21,[1],2]],[0,"2c65Y9Pt5EQIwVTwn4ZtVb",1,0],[5,226,123],[0,-88.86,0,0,0,0,1,1,1,1]],[1,"go",2,[[18,"Go",1,1,1,-23,[4]],[20,3,-24,[4,4280321868]]],[0,"73wNU1ec1NgLDiiHHrKmIb",1,0],[5,61.55,56.4],[-0.233,8.164,0,0,0,0,1,1,1,1]],[9,"GuideView",1,[[4,45,-25],[21,6,"onBuyItemClick",-27,[-26],1,[[5,"8f1fffciCxAIbKFHpHnzTzG","onGoButtonClick",1]]]],[0,"2cHy2d3iFBTZrJPdjR6I18",1,0],[5,290,300]],[2,"layout",4,[-28],[0,"f7RLrXZ8NOY53HVNaFnUX+",1,0],[5,50,60],[0,-14.548,0,0,0,0,1,1,1,1]],[22,1,1,5,7,[5,50,60]],[2,"cion_icon",1,[-29],[0,"16IXcgCWxMZZBc7Np7EI7K",1,0],[5,40,40],[-36.239,-49.539,0,0,0,0,1,0.8,0.8,1]],[16,0,9,[3]],[10,"guideNode",2,[0,"1e61aav9lO7KyL52rf/yoa",1,0],[105.584,-105.538,0,0,0,0,1,1,1,1]],[23,3,2,[[5,"8f1fffciCxAIbKFHpHnzTzG","onGoButtonClick",1]]],[12,"coinNum",1,[-30],[0,"cdWMcrqahOXJv5LUcAzZGy",1,0],[4,4284513984],[5,54.28,50.4],[0,0,0.5],[-11.823,-46.694,0,0,0,0,1,1,1,1]],[19,"+99",32,1,1,1,13,[7]]],0,[0,3,1,0,4,3,0,5,8,0,6,10,0,7,12,0,8,14,0,0,1,0,-1,3,0,-2,4,0,-3,9,0,-4,2,0,-5,6,0,-6,13,0,0,2,0,-2,12,0,0,2,0,-1,11,0,-2,5,0,0,3,0,0,3,0,0,4,0,-1,7,0,0,5,0,0,5,0,0,6,0,-1,11,0,0,6,0,-1,8,0,-1,10,0,-1,14,0,9,1,30],[0,0,0,0,0,0,0,0,0,0,10],[-1,-1,2,-1,-1,-1,2,-1,10,11,2],[0,0,2,0,0,0,3,0,4,5,6]],[[{"name":"cion_icon","rect":[1098,820,74,77],"offset":[0,0],"originalSize":[74,77],"capInsets":[0,0,0,0]}],[1],0,[0],[1],[1]]]]