{
  "c77ecaa8-c936-46c4-a5b0-98692673ed87": {
    "assetUuid": "c77ecaa8-c936-46c4-a5b0-98692673ed87",
    "animationUuid": "",
    "expandLevels": [
      "0"
    ]
  },
  "fcb83cd7-5d90-4c33-a5fc-4895f1175618": {
    "assetUuid": "fcb83cd7-5d90-4c33-a5fc-4895f1175618",
    "animationUuid": "",
    "expandLevels": [
      "0",
      "0_0",
      "0_0_1",
      "0_0_1_1",
      "0_0_1_1_0",
      "0_0_1_1_0_0",
      "0_0_1_1_1",
      "0_0_1_1_2",
      "0_0_1_3",
      "0_0_1_5",
      "0_0_1_5_0",
      "0_0_1_5_0_0",
      "0_0_1_5_0_0_2",
      "0_0_1_5_0_1",
      "0_0_1_5_0_1_3",
      "0_0_1_5_0_2",
      "0_0_1_5_0_2_3",
      "0_0_1_5_1",
      "0_0_1_6"
    ]
  },
  "cbaeba4f-2c98-439d-966c-f29d089e448a": {
    "assetUuid": "cbaeba4f-2c98-439d-966c-f29d089e448a",
    "animationUuid": "",
    "expandLevels": [
      "0"
    ]
  },
  "90e8b0d4-12dc-412d-9156-ea1fdb18c15b": {
    "assetUuid": "90e8b0d4-12dc-412d-9156-ea1fdb18c15b",
    "animationUuid": "",
    "expandLevels": [
      "0"
    ]
  },
  "4943f797-d846-4290-9811-a41ef49b0874": {
    "assetUuid": "4943f797-d846-4290-9811-a41ef49b0874",
    "animationUuid": "",
    "expandLevels": [
      "0",
      "0_2",
      "0_3",
      "0_3_0",
      "0_4",
      "0_4_0",
      "0_4_0_1",
      "0_4_0_3"
    ]
  },
  "6ed8ae03-96bd-4fc2-b406-34834bf7963b": {
    "assetUuid": "6ed8ae03-96bd-4fc2-b406-34834bf7963b",
    "animationUuid": "",
    "expandLevels": [
      "0",
      "0_2",
      "0_2_2",
      "0_2_2_0",
      "0_3",
      "0_3_0_0",
      "0_4",
      "0_4_0",
      "0_4_1"
    ]
  },
  "050e27c5-8237-446b-8f63-7091b1c0f6a4": {
    "assetUuid": "050e27c5-8237-446b-8f63-7091b1c0f6a4",
    "animationUuid": "",
    "expandLevels": [
      "0",
      "0_2",
      "0_3",
      "0_3_0",
      "0_4",
      "0_4_0"
    ]
  },
  "58bee593-a4c9-4d18-809e-093e179484db": {
    "assetUuid": "58bee593-a4c9-4d18-809e-093e179484db",
    "animationUuid": "",
    "expandLevels": [
      "0",
      "0_1",
      "0_1_1",
      "0_1_2",
      "0_1_2_0",
      "0_1_4",
      "0_1_4_0"
    ]
  },
  "eee62c8f-0a32-434a-a1d8-51e03331534f": {
    "assetUuid": "eee62c8f-0a32-434a-a1d8-51e03331534f",
    "animationUuid": "",
    "expandLevels": [
      "0",
      "0_2",
      "0_3",
      "0_3_0",
      "0_3_0_0",
      "0_4",
      "0_4_0"
    ]
  },
  "f3308951-3690-43ae-b00e-583cc7c8b1a3": {
    "assetUuid": "f3308951-3690-43ae-b00e-583cc7c8b1a3",
    "animationUuid": "",
    "expandLevels": [
      "0",
      "0_2",
      "0_4",
      "0_4_2"
    ]
  },
  "cf165f07-dc09-4938-9cc5-603732810abe": {
    "assetUuid": "cf165f07-dc09-4938-9cc5-603732810abe",
    "animationUuid": "",
    "expandLevels": [
      "0",
      "0_2",
      "0_3",
      "0_3_0",
      "0_3_4",
      "0_3_4_0",
      "0_4",
      "0_4_0_0",
      "0_4_0_0_0",
      "0_4_0_0_1",
      "0_4_0_0_2",
      "0_4_0_0_3",
      "0_4_0_0_4",
      "0_4_0_0_5",
      "0_4_0_0_6",
      "0_4_1",
      "0_4_1_0",
      "0_4_2",
      "0_4_2_0"
    ]
  },
  "00463c74-c48d-43a8-a403-c901599c7076": {
    "assetUuid": "00463c74-c48d-43a8-a403-c901599c7076",
    "animationUuid": "",
    "expandLevels": [
      "0"
    ]
  },
  "8c1406e0-8946-42e7-94ee-35539753af37": {
    "assetUuid": "8c1406e0-8946-42e7-94ee-35539753af37",
    "animationUuid": "",
    "expandLevels": [
      "0"
    ]
  },
  "6bb1ba3e-3f90-4e49-9605-d59d22f618c3": {
    "assetUuid": "6bb1ba3e-3f90-4e49-9605-d59d22f618c3",
    "animationUuid": "",
    "expandLevels": [
      "0"
    ]
  },
  "c9bf5207-06d3-45da-9f70-d9435384351d": {
    "assetUuid": "c9bf5207-06d3-45da-9f70-d9435384351d",
    "animationUuid": "",
    "expandLevels": [
      "0"
    ]
  },
  "b3907697-8fe7-4075-a428-ce7d5f785169": {
    "assetUuid": "b3907697-8fe7-4075-a428-ce7d5f785169",
    "animationUuid": "",
    "expandLevels": [
      "0"
    ]
  },
  "8977c78e-6243-4376-ba4b-6e3057f795ad": {
    "assetUuid": "8977c78e-6243-4376-ba4b-6e3057f795ad",
    "animationUuid": "",
    "expandLevels": [
      "0"
    ]
  }
}
