[1,["bbYWJPl4pHVoVK50Ic2C1W","b9PoUbQ59Hv4W3D8x0Sq2i","18YPpppxVF3J5ajNyfrfUi","4cncczUxNBipHP9CQ7O3pV","f1gKqS+m9Cs7awRlipmhSs","92ofA6N5BEO5yo7CrWLmCe","e6IHWjSOpOGo8d5zSGeyZq","bbWavOmdJAY6LmahUxp5q5","a6EdqSfaZMvLF1j8XYp2jC","b4gGqH8K9HP6gN0NfL9SgO","8duMyRU1tOWaAwbrVofGPS","57l7dVfMlDY4XxxkpUB6P0","c07rXBAAZMNIoC5horxwbs","06ZEQNm2FNtoFP3jRO7ZJK"],["_textureSetter","BalanceDarkBackground","LevelProgressBar","ad","chuizi","egg","egg0","egg1","egg2","egg3","energy1","font2","gem","quitbutton_floating"],["cc.SpriteFrame",["cc.SpriteAtlas",["_name","_spriteFrames"],2,11]],[[1,0,1,2]],[[[{"name":"font2","rect":[1,1,336,42],"offset":[3,1],"originalSize":[352,74],"rotated":1,"capInsets":[0,0,0,0]}],[0],0,[0],[0],[0]],[[[0,"egg.plist",[{},"BalanceDarkBackground",6,0,"LevelProgressBar",6,1,"ad",6,2,"chuizi",6,3,"egg",6,4,"egg0",6,5,"egg1",6,6,"egg2",6,7,"egg3",6,8,"energy1",6,9,"font2",6,10,"gem",6,11,"quitbutton_floating",6,12]]],0,0,[0,0,0,0,0,0,0,0,0,0,0,0,0],[1,2,3,4,5,6,7,8,9,10,11,12,13],[1,2,3,4,5,6,7,8,9,10,11,12,13]],[[{"name":"energy1","rect":[184,394,59,77],"offset":[0,0],"originalSize":[59,77],"capInsets":[0,0,0,0]}],[0],0,[0],[0],[0]],[[{"name":"egg","rect":[147,1,96,91],"offset":[0,0],"originalSize":[96,91],"capInsets":[0,0,0,0]}],[0],0,[0],[0],[0]]]]