[1,["6bLJhxOZhOoYWNT8iyt3WS"],["_textureSetter"],["cc.SpriteFrame"],0,[[[{"name":"sawHammer","rect":[1081,567,128,115],"offset":[0,0],"originalSize":[128,115],"capInsets":[0,0,0,0]}],[0],0,[0],[0],[0]],[[{"name":"img_ui_storage_icon closed","rect":[960,543,142,119],"offset":[0,0],"originalSize":[142,119],"rotated":1,"capInsets":[0,0,0,0]}],[0],0,[0],[0],[0]],[[{"name":"img_ui_storage_icon open","rect":[1103,1,144,132],"offset":[0,0],"originalSize":[144,132],"capInsets":[0,0,0,0]}],[0],0,[0],[0],[0]],[[{"name":"img_ui_delete_icon","rect":[971,1358,89,84],"offset":[0,0],"originalSize":[89,84],"rotated":1,"capInsets":[0,0,0,0]}],[0],0,[0],[0],[0]],[[{"name":"chatbubble","rect":[722,1251,132,123],"offset":[0,0],"originalSize":[132,123],"rotated":1,"capInsets":[63,0,63,0]}],[0],0,[0],[0],[0]],[[{"name":"img_ui_undo_icon","rect":[1165,1522,50,51],"offset":[0,0],"originalSize":[52,53],"capInsets":[0,0,0,0]}],[0],0,[0],[0],[0]]]]