[1,["6bLJhxOZhOoYWNT8iyt3WS"],["_textureSetter"],["cc.SpriteFrame"],0,[[[{"name":"img_ui_coincollector_progress_bar_bg","rect":[1097,899,77,54],"offset":[0,0],"originalSize":[77,54],"capInsets":[30,25,30,25]}],[0],0,[0],[0],[0]],[[{"name":"img_ui_coincollector_progress_bar_fill","rect":[1097,1444,69,53],"offset":[0,0],"originalSize":[69,53],"rotated":1,"capInsets":[30,25,30,25]}],[0],0,[0],[0],[0]],[[{"name":"font1","rect":[515,1,586,164],"offset":[0,0],"originalSize":[588,164],"capInsets":[290,0,290,0]}],[0],0,[0],[0],[0]]]]