{
  "title": "Dreamhouse",
  "packageName": "org.cocos2d.demo",
  "startScene": "007a43b6-f8dc-45d5-a373-012937b2de87",
  "excludeScenes": [
    "994680e0-dd03-4058-8f1a-273e571a6c61"
  ],
  "orientation": {
    "landscapeRight": false,
    "landscapeLeft": false,
    "portrait": true,
    "upsideDown": false
  },
  "webOrientation": "portrait",
  "inlineSpriteFrames": true,
  "inlineSpriteFrames_native": true,
  "mainCompressionType": "default",
  "mainIsRemote": false,
  "optimizeHotUpdate": false,
  "md5Cache": true,
  "nativeMd5Cache": false,
  "encryptJs": false,
  "xxteaKey": "807af253-7c33-44",
  "zipCompressJs": true,
  "fb-instant-games": {},
  "android": {
    "packageName": "com.Dreamhouse",
    "REMOTE_SERVER_ROOT": ""
  },
  "ios": {
    "packageName": "org.cocos2d.demo",
    "REMOTE_SERVER_ROOT": "",
    "ios_enable_jit": true
  },
  "mac": {
    "packageName": "org.cocos2d.demo",
    "REMOTE_SERVER_ROOT": "",
    "width": 1280,
    "height": 720
  },
  "win32": {
    "REMOTE_SERVER_ROOT": "",
    "width": 1280,
    "height": 720
  },
  "android-instant": {
    "packageName": "org.cocos2d.demo",
    "REMOTE_SERVER_ROOT": "http://192.168.31.187:7456/preview-android-instant/",
    "pathPattern": "",
    "scheme": "https",
    "host": "",
    "skipRecord": false,
    "recordPath": ""
  },
  "appBundle": true,
  "agreements": {},
  "includeSDKBox": false,
  "includeAnySDK": false
}
