[1,["4d0W7mHd1F4onH6fby3sqh","3clqYV9UBC27npF6h0i0dz"],["spriteFrame","_textureSetter"],["cc.SpriteFrame",["cc.BitmapFont",["_name","fontSize","_fntConfig"],0]],[[1,0,1,2,4]],[[[[0,"text_whtie",32,{"commonHeight":40,"fontSize":32,"atlasName":"text_whtie.png","fontDefDictionary":{"0":{"xOffset":-1,"yOffset":0,"xAdvance":32,"rect":{"x":0,"y":0,"width":0,"height":0}},"32":{"xOffset":-1,"yOffset":0,"xAdvance":9,"rect":{"x":0,"y":0,"width":0,"height":0}},"33":{"xOffset":1,"yOffset":6,"xAdvance":11,"rect":{"x":1009,"y":200,"width":8,"height":26}},"34":{"xOffset":-1,"yOffset":6,"xAdvance":11,"rect":{"x":314,"y":258,"width":12,"height":13}},"35":{"xOffset":0,"yOffset":7,"xAdvance":18,"rect":{"x":933,"y":232,"width":18,"height":24}},"36":{"xOffset":0,"yOffset":4,"xAdvance":18,"rect":{"x":751,"y":200,"width":18,"height":30}},"37":{"xOffset":0,"yOffset":6,"xAdvance":28,"rect":{"x":90,"y":232,"width":26,"height":26}},"38":{"xOffset":0,"yOffset":6,"xAdvance":27,"rect":{"x":116,"y":232,"width":27,"height":26}},"40":{"xOffset":0,"yOffset":6,"xAdvance":16,"rect":{"x":998,"y":69,"width":15,"height":31}},"41":{"xOffset":1,"yOffset":6,"xAdvance":16,"rect":{"x":1003,"y":102,"width":15,"height":31}},"42":{"xOffset":1,"yOffset":6,"xAdvance":17,"rect":{"x":291,"y":258,"width":15,"height":17}},"43":{"xOffset":1,"yOffset":14,"xAdvance":19,"rect":{"x":273,"y":258,"width":18,"height":17}},"44":{"xOffset":1,"yOffset":24,"xAdvance":9,"rect":{"x":306,"y":258,"width":8,"height":14}},"45":{"xOffset":1,"yOffset":19,"xAdvance":19,"rect":{"x":424,"y":258,"width":18,"height":7}},"46":{"xOffset":0,"yOffset":24,"xAdvance":9,"rect":{"x":402,"y":258,"width":9,"height":8}},"47":{"xOffset":-3,"yOffset":6,"xAdvance":9,"rect":{"x":1006,"y":135,"width":17,"height":26}},"48":{"xOffset":0,"yOffset":6,"xAdvance":18,"rect":{"x":866,"y":200,"width":19,"height":26}},"49":{"xOffset":1,"yOffset":6,"xAdvance":18,"rect":{"x":1007,"y":0,"width":16,"height":25}},"50":{"xOffset":0,"yOffset":6,"xAdvance":18,"rect":{"x":143,"y":232,"width":18,"height":25}},"51":{"xOffset":-1,"yOffset":6,"xAdvance":18,"rect":{"x":885,"y":200,"width":19,"height":26}},"52":{"xOffset":-1,"yOffset":6,"xAdvance":18,"rect":{"x":161,"y":232,"width":20,"height":25}},"53":{"xOffset":0,"yOffset":7,"xAdvance":18,"rect":{"x":181,"y":232,"width":18,"height":25}},"54":{"xOffset":0,"yOffset":6,"xAdvance":18,"rect":{"x":904,"y":200,"width":18,"height":26}},"55":{"xOffset":0,"yOffset":7,"xAdvance":18,"rect":{"x":199,"y":232,"width":19,"height":25}},"56":{"xOffset":0,"yOffset":6,"xAdvance":18,"rect":{"x":922,"y":200,"width":19,"height":26}},"57":{"xOffset":0,"yOffset":6,"xAdvance":18,"rect":{"x":941,"y":200,"width":18,"height":26}},"58":{"xOffset":0,"yOffset":14,"xAdvance":9,"rect":{"x":178,"y":258,"width":9,"height":18}},"59":{"xOffset":1,"yOffset":14,"xAdvance":9,"rect":{"x":918,"y":232,"width":8,"height":24}},"60":{"xOffset":1,"yOffset":13,"xAdvance":19,"rect":{"x":53,"y":258,"width":18,"height":19}},"61":{"xOffset":1,"yOffset":16,"xAdvance":19,"rect":{"x":326,"y":258,"width":18,"height":13}},"62":{"xOffset":1,"yOffset":13,"xAdvance":19,"rect":{"x":71,"y":258,"width":18,"height":19}},"63":{"xOffset":0,"yOffset":7,"xAdvance":16,"rect":{"x":368,"y":232,"width":16,"height":25}},"64":{"xOffset":0,"yOffset":6,"xAdvance":26,"rect":{"x":64,"y":232,"width":26,"height":26}},"65":{"xOffset":-2,"yOffset":6,"xAdvance":24,"rect":{"x":218,"y":232,"width":27,"height":25}},"66":{"xOffset":-1,"yOffset":7,"xAdvance":23,"rect":{"x":384,"y":232,"width":24,"height":24}},"67":{"xOffset":0,"yOffset":6,"xAdvance":24,"rect":{"x":959,"y":200,"width":24,"height":26}},"68":{"xOffset":-1,"yOffset":7,"xAdvance":24,"rect":{"x":408,"y":232,"width":26,"height":24}},"69":{"xOffset":-1,"yOffset":7,"xAdvance":23,"rect":{"x":434,"y":232,"width":24,"height":24}},"70":{"xOffset":-1,"yOffset":7,"xAdvance":21,"rect":{"x":458,"y":232,"width":23,"height":24}},"71":{"xOffset":0,"yOffset":6,"xAdvance":25,"rect":{"x":983,"y":200,"width":26,"height":26}},"72":{"xOffset":-1,"yOffset":7,"xAdvance":25,"rect":{"x":481,"y":232,"width":27,"height":24}},"73":{"xOffset":0,"yOffset":7,"xAdvance":14,"rect":{"x":508,"y":232,"width":14,"height":24}},"74":{"xOffset":-1,"yOffset":7,"xAdvance":18,"rect":{"x":245,"y":232,"width":21,"height":25}},"75":{"xOffset":-1,"yOffset":7,"xAdvance":24,"rect":{"x":522,"y":232,"width":27,"height":24}},"76":{"xOffset":-1,"yOffset":7,"xAdvance":20,"rect":{"x":549,"y":232,"width":22,"height":24}},"77":{"xOffset":-1,"yOffset":7,"xAdvance":29,"rect":{"x":571,"y":232,"width":31,"height":24}},"78":{"xOffset":-1,"yOffset":7,"xAdvance":24,"rect":{"x":602,"y":232,"width":26,"height":24}},"79":{"xOffset":0,"yOffset":6,"xAdvance":25,"rect":{"x":0,"y":232,"width":25,"height":26}},"80":{"xOffset":-1,"yOffset":7,"xAdvance":21,"rect":{"x":628,"y":232,"width":22,"height":24}},"81":{"xOffset":0,"yOffset":6,"xAdvance":25,"rect":{"x":726,"y":200,"width":25,"height":30}},"82":{"xOffset":-1,"yOffset":7,"xAdvance":23,"rect":{"x":266,"y":232,"width":24,"height":25}},"83":{"xOffset":0,"yOffset":6,"xAdvance":20,"rect":{"x":25,"y":232,"width":20,"height":26}},"84":{"xOffset":-1,"yOffset":7,"xAdvance":22,"rect":{"x":650,"y":232,"width":24,"height":24}},"85":{"xOffset":-1,"yOffset":7,"xAdvance":23,"rect":{"x":290,"y":232,"width":25,"height":25}},"86":{"xOffset":-2,"yOffset":7,"xAdvance":20,"rect":{"x":674,"y":232,"width":25,"height":24}},"87":{"xOffset":-2,"yOffset":7,"xAdvance":30,"rect":{"x":699,"y":232,"width":34,"height":24}},"88":{"xOffset":-1,"yOffset":7,"xAdvance":23,"rect":{"x":733,"y":232,"width":25,"height":24}},"89":{"xOffset":-1,"yOffset":7,"xAdvance":20,"rect":{"x":758,"y":232,"width":24,"height":24}},"90":{"xOffset":-1,"yOffset":7,"xAdvance":20,"rect":{"x":782,"y":232,"width":20,"height":24}},"91":{"xOffset":1,"yOffset":7,"xAdvance":12,"rect":{"x":1012,"y":36,"width":10,"height":29}},"93":{"xOffset":1,"yOffset":7,"xAdvance":12,"rect":{"x":1013,"y":69,"width":10,"height":29}},"94":{"xOffset":-1,"yOffset":6,"xAdvance":11,"rect":{"x":411,"y":258,"width":13,"height":8}},"95":{"xOffset":-1,"yOffset":31,"xAdvance":16,"rect":{"x":442,"y":258,"width":18,"height":4}},"96":{"xOffset":-1,"yOffset":5,"xAdvance":11,"rect":{"x":344,"y":258,"width":10,"height":9}},"97":{"xOffset":-1,"yOffset":13,"xAdvance":18,"rect":{"x":987,"y":232,"width":20,"height":19}},"98":{"xOffset":-1,"yOffset":7,"xAdvance":19,"rect":{"x":315,"y":232,"width":20,"height":25}},"99":{"xOffset":0,"yOffset":13,"xAdvance":16,"rect":{"x":1007,"y":232,"width":16,"height":19}},"100":{"xOffset":0,"yOffset":7,"xAdvance":19,"rect":{"x":335,"y":232,"width":20,"height":25}},"101":{"xOffset":0,"yOffset":13,"xAdvance":18,"rect":{"x":0,"y":258,"width":18,"height":19}},"102":{"xOffset":-1,"yOffset":7,"xAdvance":12,"rect":{"x":802,"y":232,"width":20,"height":24}},"103":{"xOffset":-1,"yOffset":11,"xAdvance":17,"rect":{"x":45,"y":232,"width":19,"height":26}},"104":{"xOffset":-1,"yOffset":7,"xAdvance":19,"rect":{"x":822,"y":232,"width":21,"height":24}},"105":{"xOffset":-1,"yOffset":6,"xAdvance":11,"rect":{"x":355,"y":232,"width":13,"height":25}},"106":{"xOffset":-4,"yOffset":6,"xAdvance":11,"rect":{"x":1003,"y":168,"width":16,"height":31}},"107":{"xOffset":-1,"yOffset":7,"xAdvance":20,"rect":{"x":843,"y":232,"width":22,"height":24}},"108":{"xOffset":-1,"yOffset":7,"xAdvance":11,"rect":{"x":865,"y":232,"width":13,"height":24}},"109":{"xOffset":-1,"yOffset":13,"xAdvance":27,"rect":{"x":89,"y":258,"width":29,"height":18}},"110":{"xOffset":-1,"yOffset":13,"xAdvance":20,"rect":{"x":118,"y":258,"width":21,"height":18}},"111":{"xOffset":0,"yOffset":13,"xAdvance":19,"rect":{"x":18,"y":258,"width":19,"height":19}},"112":{"xOffset":-1,"yOffset":13,"xAdvance":19,"rect":{"x":878,"y":232,"width":20,"height":24}},"113":{"xOffset":0,"yOffset":13,"xAdvance":19,"rect":{"x":898,"y":232,"width":20,"height":24}},"114":{"xOffset":-1,"yOffset":13,"xAdvance":15,"rect":{"x":139,"y":258,"width":17,"height":18}},"115":{"xOffset":0,"yOffset":13,"xAdvance":15,"rect":{"x":37,"y":258,"width":16,"height":19}},"116":{"xOffset":-1,"yOffset":9,"xAdvance":14,"rect":{"x":951,"y":232,"width":16,"height":23}},"117":{"xOffset":-1,"yOffset":14,"xAdvance":20,"rect":{"x":156,"y":258,"width":22,"height":18}},"118":{"xOffset":-2,"yOffset":14,"xAdvance":17,"rect":{"x":187,"y":258,"width":21,"height":17}},"119":{"xOffset":-2,"yOffset":14,"xAdvance":25,"rect":{"x":208,"y":258,"width":28,"height":17}},"120":{"xOffset":-1,"yOffset":14,"xAdvance":20,"rect":{"x":236,"y":258,"width":21,"height":17}},"121":{"xOffset":-1,"yOffset":14,"xAdvance":17,"rect":{"x":967,"y":232,"width":20,"height":23}},"122":{"xOffset":0,"yOffset":14,"xAdvance":16,"rect":{"x":257,"y":258,"width":16,"height":17}},"123":{"xOffset":-1,"yOffset":5,"xAdvance":12,"rect":{"x":983,"y":0,"width":12,"height":33}},"124":{"xOffset":0,"yOffset":7,"xAdvance":7,"rect":{"x":926,"y":232,"width":7,"height":24}},"125":{"xOffset":1,"yOffset":5,"xAdvance":12,"rect":{"x":995,"y":0,"width":12,"height":33}},"126":{"xOffset":1,"yOffset":18,"xAdvance":19,"rect":{"x":354,"y":258,"width":17,"height":9}},"19968":{"xOffset":1,"yOffset":12,"xAdvance":32,"rect":{"x":371,"y":258,"width":31,"height":9}},"19971":{"xOffset":0,"yOffset":3,"xAdvance":32,"rect":{"x":568,"y":200,"width":32,"height":31}},"19975":{"xOffset":1,"yOffset":4,"xAdvance":32,"rect":{"x":255,"y":200,"width":31,"height":31}},"19977":{"xOffset":0,"yOffset":4,"xAdvance":32,"rect":{"x":833,"y":200,"width":33,"height":29}},"19978":{"xOffset":1,"yOffset":3,"xAdvance":32,"rect":{"x":769,"y":200,"width":32,"height":30}},"19979":{"xOffset":1,"yOffset":3,"xAdvance":32,"rect":{"x":939,"y":168,"width":32,"height":32}},"19981":{"xOffset":0,"yOffset":3,"xAdvance":32,"rect":{"x":775,"y":135,"width":33,"height":32}},"20004":{"xOffset":1,"yOffset":3,"xAdvance":32,"rect":{"x":681,"y":168,"width":31,"height":32}},"20010":{"xOffset":0,"yOffset":2,"xAdvance":32,"rect":{"x":232,"y":36,"width":33,"height":33}},"20013":{"xOffset":2,"yOffset":2,"xAdvance":32,"rect":{"x":592,"y":258,"width":29,"height":33}},"20027":{"xOffset":1,"yOffset":2,"xAdvance":32,"rect":{"x":801,"y":200,"width":32,"height":30}},"20048":{"xOffset":0,"yOffset":2,"xAdvance":32,"rect":{"x":884,"y":0,"width":32,"height":34}},"20070":{"xOffset":0,"yOffset":2,"xAdvance":32,"rect":{"x":99,"y":69,"width":31,"height":33}},"20080":{"xOffset":1,"yOffset":3,"xAdvance":32,"rect":{"x":981,"y":36,"width":31,"height":33}},"20102":{"xOffset":3,"yOffset":3,"xAdvance":32,"rect":{"x":666,"y":200,"width":27,"height":31}},"20135":{"xOffset":-1,"yOffset":3,"xAdvance":32,"rect":{"x":906,"y":168,"width":33,"height":32}},"20139":{"xOffset":0,"yOffset":3,"xAdvance":32,"rect":{"x":325,"y":168,"width":33,"height":32}},"20154":{"xOffset":-1,"yOffset":4,"xAdvance":32,"rect":{"x":222,"y":200,"width":33,"height":31}},"20219":{"xOffset":0,"yOffset":3,"xAdvance":32,"rect":{"x":743,"y":135,"width":32,"height":32}},"20250":{"xOffset":0,"yOffset":2,"xAdvance":32,"rect":{"x":226,"y":0,"width":33,"height":34}},"20313":{"xOffset":0,"yOffset":2,"xAdvance":32,"rect":{"x":511,"y":102,"width":34,"height":33}},"20493":{"xOffset":0,"yOffset":2,"xAdvance":32,"rect":{"x":903,"y":102,"width":33,"height":33}},"20498":{"xOffset":-1,"yOffset":2,"xAdvance":32,"rect":{"x":642,"y":102,"width":33,"height":33}},"20518":{"xOffset":-1,"yOffset":2,"xAdvance":32,"rect":{"x":723,"y":36,"width":34,"height":33}},"20813":{"xOffset":1,"yOffset":2,"xAdvance":32,"rect":{"x":842,"y":69,"width":31,"height":33}},"20817":{"xOffset":1,"yOffset":2,"xAdvance":32,"rect":{"x":778,"y":69,"width":31,"height":33}},"20837":{"xOffset":0,"yOffset":3,"xAdvance":32,"rect":{"x":475,"y":200,"width":33,"height":31}},"20844":{"xOffset":0,"yOffset":3,"xAdvance":32,"rect":{"x":160,"y":168,"width":33,"height":32}},"20854":{"xOffset":1,"yOffset":3,"xAdvance":32,"rect":{"x":561,"y":258,"width":31,"height":33}},"20855":{"xOffset":0,"yOffset":2,"xAdvance":32,"rect":{"x":556,"y":0,"width":33,"height":34}},"20919":{"xOffset":-1,"yOffset":2,"xAdvance":32,"rect":{"x":359,"y":0,"width":33,"height":34}},"20986":{"xOffset":1,"yOffset":2,"xAdvance":32,"rect":{"x":885,"y":36,"width":30,"height":33}},"20998":{"xOffset":0,"yOffset":2,"xAdvance":32,"rect":{"x":745,"y":69,"width":33,"height":33}},"21038":{"xOffset":1,"yOffset":2,"xAdvance":32,"rect":{"x":683,"y":69,"width":30,"height":33}},"21040":{"xOffset":1,"yOffset":3,"xAdvance":32,"rect":{"x":64,"y":200,"width":30,"height":32}},"21047":{"xOffset":-1,"yOffset":2,"xAdvance":32,"rect":{"x":577,"y":102,"width":32,"height":33}},"21069":{"xOffset":0,"yOffset":2,"xAdvance":32,"rect":{"x":64,"y":135,"width":32,"height":33}},"21097":{"xOffset":0,"yOffset":2,"xAdvance":32,"rect":{"x":479,"y":102,"width":32,"height":33}},"21152":{"xOffset":0,"yOffset":3,"xAdvance":32,"rect":{"x":712,"y":168,"width":32,"height":32}},"21153":{"xOffset":0,"yOffset":3,"xAdvance":32,"rect":{"x":200,"y":36,"width":32,"height":33}},"21160":{"xOffset":0,"yOffset":3,"xAdvance":32,"rect":{"x":686,"y":258,"width":32,"height":32}},"21169":{"xOffset":0,"yOffset":2,"xAdvance":32,"rect":{"x":32,"y":36,"width":33,"height":33}},"21253":{"xOffset":-1,"yOffset":1,"xAdvance":32,"rect":{"x":259,"y":0,"width":33,"height":34}},"21273":{"xOffset":-1,"yOffset":2,"xAdvance":32,"rect":{"x":649,"y":69,"width":34,"height":33}},"21313":{"xOffset":1,"yOffset":3,"xAdvance":32,"rect":{"x":32,"y":200,"width":32,"height":32}},"21319":{"xOffset":0,"yOffset":3,"xAdvance":32,"rect":{"x":644,"y":135,"width":32,"height":32}},"21334":{"xOffset":1,"yOffset":3,"xAdvance":32,"rect":{"x":853,"y":36,"width":32,"height":33}},"21345":{"xOffset":0,"yOffset":2,"xAdvance":32,"rect":{"x":713,"y":69,"width":32,"height":33}},"21363":{"xOffset":1,"yOffset":2,"xAdvance":32,"rect":{"x":904,"y":69,"width":31,"height":33}},"21452":{"xOffset":-1,"yOffset":4,"xAdvance":32,"rect":{"x":600,"y":200,"width":34,"height":31}},"21457":{"xOffset":0,"yOffset":3,"xAdvance":32,"rect":{"x":227,"y":102,"width":32,"height":33}},"21462":{"xOffset":0,"yOffset":3,"xAdvance":32,"rect":{"x":442,"y":200,"width":33,"height":31}},"21487":{"xOffset":1,"yOffset":3,"xAdvance":32,"rect":{"x":874,"y":168,"width":32,"height":32}},"21512":{"xOffset":0,"yOffset":2,"xAdvance":32,"rect":{"x":31,"y":135,"width":33,"height":33}},"21521":{"xOffset":2,"yOffset":2,"xAdvance":32,"rect":{"x":615,"y":135,"width":29,"height":32}},"21542":{"xOffset":-1,"yOffset":3,"xAdvance":32,"rect":{"x":693,"y":200,"width":33,"height":31}},"21543":{"xOffset":1,"yOffset":3,"xAdvance":32,"rect":{"x":94,"y":200,"width":32,"height":32}},"21551":{"xOffset":1,"yOffset":3,"xAdvance":32,"rect":{"x":159,"y":200,"width":30,"height":31}},"21578":{"xOffset":1,"yOffset":3,"xAdvance":32,"rect":{"x":484,"y":135,"width":32,"height":32}},"21654":{"xOffset":1,"yOffset":3,"xAdvance":32,"rect":{"x":967,"y":69,"width":31,"height":33}},"21697":{"xOffset":2,"yOffset":2,"xAdvance":32,"rect":{"x":362,"y":69,"width":30,"height":33}},"21806":{"xOffset":0,"yOffset":2,"xAdvance":32,"rect":{"x":164,"y":102,"width":31,"height":33}},"21830":{"xOffset":0,"yOffset":2,"xAdvance":32,"rect":{"x":545,"y":102,"width":32,"height":33}},"21857":{"xOffset":1,"yOffset":3,"xAdvance":32,"rect":{"x":358,"y":168,"width":32,"height":32}},"22253":{"xOffset":1,"yOffset":2,"xAdvance":32,"rect":{"x":32,"y":102,"width":31,"height":33}},"22312":{"xOffset":0,"yOffset":2,"xAdvance":32,"rect":{"x":65,"y":36,"width":33,"height":33}},"22478":{"xOffset":-1,"yOffset":3,"xAdvance":32,"rect":{"x":771,"y":102,"width":34,"height":33}},"22766":{"xOffset":0,"yOffset":3,"xAdvance":32,"rect":{"x":421,"y":168,"width":33,"height":32}},"22797":{"xOffset":1,"yOffset":2,"xAdvance":32,"rect":{"x":126,"y":135,"width":32,"height":33}},"22810":{"xOffset":2,"yOffset":2,"xAdvance":32,"rect":{"x":708,"y":102,"width":30,"height":33}},"22815":{"xOffset":0,"yOffset":2,"xAdvance":32,"rect":{"x":753,"y":0,"width":33,"height":34}},"22823":{"xOffset":-1,"yOffset":2,"xAdvance":32,"rect":{"x":98,"y":36,"width":34,"height":33}},"22825":{"xOffset":0,"yOffset":3,"xAdvance":32,"rect":{"x":582,"y":135,"width":33,"height":32}},"22836":{"xOffset":0,"yOffset":2,"xAdvance":32,"rect":{"x":689,"y":0,"width":32,"height":34}},"22870":{"xOffset":1,"yOffset":2,"xAdvance":32,"rect":{"x":97,"y":0,"width":32,"height":34}},"22899":{"xOffset":0,"yOffset":2,"xAdvance":32,"rect":{"x":354,"y":102,"width":32,"height":33}},"22902":{"xOffset":0,"yOffset":3,"xAdvance":32,"rect":{"x":552,"y":168,"width":32,"height":32}},"22987":{"xOffset":0,"yOffset":3,"xAdvance":32,"rect":{"x":621,"y":258,"width":32,"height":32}},"22992":{"xOffset":-1,"yOffset":3,"xAdvance":32,"rect":{"x":408,"y":200,"width":34,"height":31}},"23376":{"xOffset":0,"yOffset":3,"xAdvance":32,"rect":{"x":320,"y":200,"width":33,"height":31}},"23388":{"xOffset":0,"yOffset":3,"xAdvance":32,"rect":{"x":690,"y":36,"width":33,"height":33}},"23436":{"xOffset":0,"yOffset":2,"xAdvance":32,"rect":{"x":129,"y":0,"width":32,"height":34}},"23450":{"xOffset":0,"yOffset":2,"xAdvance":32,"rect":{"x":528,"y":258,"width":33,"height":33}},"23458":{"xOffset":0,"yOffset":2,"xAdvance":32,"rect":{"x":299,"y":36,"width":33,"height":33}},"23476":{"xOffset":0,"yOffset":1,"xAdvance":32,"rect":{"x":193,"y":0,"width":33,"height":34}},"23478":{"xOffset":1,"yOffset":1,"xAdvance":32,"rect":{"x":161,"y":0,"width":32,"height":34}},"23558":{"xOffset":-1,"yOffset":2,"xAdvance":32,"rect":{"x":460,"y":258,"width":34,"height":33}},"23567":{"xOffset":0,"yOffset":3,"xAdvance":32,"rect":{"x":676,"y":135,"width":32,"height":32}},"24034":{"xOffset":0,"yOffset":2,"xAdvance":32,"rect":{"x":66,"y":69,"width":33,"height":33}},"24046":{"xOffset":0,"yOffset":2,"xAdvance":32,"rect":{"x":777,"y":168,"width":32,"height":32}},"24050":{"xOffset":3,"yOffset":3,"xAdvance":32,"rect":{"x":508,"y":200,"width":28,"height":31}},"24062":{"xOffset":3,"yOffset":2,"xAdvance":32,"rect":{"x":419,"y":102,"width":28,"height":33}},"24065":{"xOffset":3,"yOffset":3,"xAdvance":32,"rect":{"x":133,"y":168,"width":27,"height":32}},"24072":{"xOffset":1,"yOffset":3,"xAdvance":32,"rect":{"x":290,"y":135,"width":32,"height":32}},"24191":{"xOffset":0,"yOffset":2,"xAdvance":32,"rect":{"x":428,"y":36,"width":32,"height":33}},"24215":{"xOffset":0,"yOffset":2,"xAdvance":32,"rect":{"x":616,"y":168,"width":33,"height":32}},"24314":{"xOffset":0,"yOffset":3,"xAdvance":32,"rect":{"x":257,"y":135,"width":33,"height":32}},"24320":{"xOffset":0,"yOffset":3,"xAdvance":32,"rect":{"x":322,"y":135,"width":32,"height":32}},"24351":{"xOffset":0,"yOffset":2,"xAdvance":32,"rect":{"x":447,"y":102,"width":32,"height":33}},"24471":{"xOffset":-1,"yOffset":2,"xAdvance":32,"rect":{"x":158,"y":135,"width":34,"height":33}},"24674":{"xOffset":-1,"yOffset":2,"xAdvance":32,"rect":{"x":949,"y":0,"width":34,"height":34}},"24744":{"xOffset":0,"yOffset":2,"xAdvance":32,"rect":{"x":738,"y":102,"width":33,"height":33}},"25103":{"xOffset":0,"yOffset":2,"xAdvance":32,"rect":{"x":941,"y":135,"width":33,"height":32}},"25104":{"xOffset":0,"yOffset":2,"xAdvance":32,"rect":{"x":657,"y":36,"width":33,"height":33}},"25216":{"xOffset":0,"yOffset":2,"xAdvance":32,"rect":{"x":523,"y":0,"width":33,"height":34}},"25259":{"xOffset":0,"yOffset":2,"xAdvance":32,"rect":{"x":392,"y":69,"width":33,"height":33}},"25289":{"xOffset":0,"yOffset":2,"xAdvance":32,"rect":{"x":456,"y":69,"width":33,"height":33}},"25321":{"xOffset":0,"yOffset":2,"xAdvance":32,"rect":{"x":616,"y":69,"width":33,"height":33}},"25442":{"xOffset":0,"yOffset":2,"xAdvance":32,"rect":{"x":809,"y":69,"width":33,"height":33}},"25484":{"xOffset":0,"yOffset":3,"xAdvance":32,"rect":{"x":132,"y":36,"width":34,"height":33}},"25552":{"xOffset":-1,"yOffset":2,"xAdvance":32,"rect":{"x":805,"y":102,"width":34,"height":33}},"25928":{"xOffset":0,"yOffset":2,"xAdvance":32,"rect":{"x":916,"y":0,"width":33,"height":34}},"25991":{"xOffset":0,"yOffset":2,"xAdvance":32,"rect":{"x":392,"y":0,"width":32,"height":34}},"26032":{"xOffset":0,"yOffset":2,"xAdvance":32,"rect":{"x":609,"y":102,"width":33,"height":33}},"26085":{"xOffset":6,"yOffset":4,"xAdvance":32,"rect":{"x":385,"y":200,"width":23,"height":31}},"26102":{"xOffset":1,"yOffset":3,"xAdvance":32,"rect":{"x":974,"y":135,"width":32,"height":32}},"26126":{"xOffset":2,"yOffset":2,"xAdvance":32,"rect":{"x":489,"y":69,"width":30,"height":33}},"26159":{"xOffset":0,"yOffset":2,"xAdvance":32,"rect":{"x":936,"y":102,"width":33,"height":33}},"26222":{"xOffset":0,"yOffset":1,"xAdvance":32,"rect":{"x":852,"y":0,"width":32,"height":34}},"26356":{"xOffset":0,"yOffset":2,"xAdvance":32,"rect":{"x":649,"y":168,"width":32,"height":32}},"26368":{"xOffset":-1,"yOffset":2,"xAdvance":32,"rect":{"x":969,"y":102,"width":34,"height":33}},"26381":{"xOffset":0,"yOffset":3,"xAdvance":32,"rect":{"x":225,"y":135,"width":32,"height":32}},"26410":{"xOffset":0,"yOffset":3,"xAdvance":32,"rect":{"x":841,"y":168,"width":33,"height":32}},"26588":{"xOffset":-1,"yOffset":2,"xAdvance":32,"rect":{"x":166,"y":36,"width":34,"height":33}},"27425":{"xOffset":0,"yOffset":2,"xAdvance":32,"rect":{"x":493,"y":36,"width":33,"height":33}},"27599":{"xOffset":-1,"yOffset":2,"xAdvance":32,"rect":{"x":589,"y":0,"width":34,"height":34}},"27668":{"xOffset":0,"yOffset":2,"xAdvance":32,"rect":{"x":948,"y":36,"width":33,"height":33}},"27721":{"xOffset":0,"yOffset":3,"xAdvance":32,"rect":{"x":454,"y":168,"width":33,"height":32}},"27835":{"xOffset":0,"yOffset":2,"xAdvance":32,"rect":{"x":519,"y":69,"width":32,"height":33}},"27963":{"xOffset":0,"yOffset":3,"xAdvance":32,"rect":{"x":653,"y":258,"width":33,"height":32}},"28040":{"xOffset":0,"yOffset":3,"xAdvance":32,"rect":{"x":420,"y":135,"width":32,"height":32}},"28216":{"xOffset":-1,"yOffset":2,"xAdvance":32,"rect":{"x":292,"y":0,"width":34,"height":34}},"28857":{"xOffset":0,"yOffset":3,"xAdvance":32,"rect":{"x":757,"y":36,"width":33,"height":33}},"28900":{"xOffset":-1,"yOffset":3,"xAdvance":32,"rect":{"x":193,"y":168,"width":34,"height":32}},"28909":{"xOffset":0,"yOffset":2,"xAdvance":32,"rect":{"x":424,"y":0,"width":33,"height":34}},"29240":{"xOffset":0,"yOffset":2,"xAdvance":32,"rect":{"x":195,"y":102,"width":32,"height":33}},"29289":{"xOffset":0,"yOffset":3,"xAdvance":32,"rect":{"x":354,"y":135,"width":33,"height":32}},"29378":{"xOffset":0,"yOffset":3,"xAdvance":32,"rect":{"x":387,"y":135,"width":33,"height":32}},"29483":{"xOffset":-1,"yOffset":3,"xAdvance":32,"rect":{"x":99,"y":168,"width":34,"height":32}},"29699":{"xOffset":0,"yOffset":2,"xAdvance":32,"rect":{"x":328,"y":69,"width":34,"height":33}},"30007":{"xOffset":1,"yOffset":2,"xAdvance":32,"rect":{"x":324,"y":102,"width":30,"height":33}},"30246":{"xOffset":-1,"yOffset":1,"xAdvance":32,"rect":{"x":63,"y":0,"width":34,"height":35}},"30475":{"xOffset":-1,"yOffset":2,"xAdvance":32,"rect":{"x":460,"y":36,"width":33,"height":33}},"30524":{"xOffset":2,"yOffset":2,"xAdvance":32,"rect":{"x":259,"y":102,"width":31,"height":33}},"30707":{"xOffset":-1,"yOffset":3,"xAdvance":32,"rect":{"x":189,"y":200,"width":33,"height":31}},"30830":{"xOffset":-1,"yOffset":2,"xAdvance":32,"rect":{"x":494,"y":258,"width":34,"height":33}},"30879":{"xOffset":-1,"yOffset":3,"xAdvance":32,"rect":{"x":708,"y":135,"width":35,"height":32}},"31036":{"xOffset":0,"yOffset":2,"xAdvance":32,"rect":{"x":0,"y":69,"width":33,"height":33}},"31163":{"xOffset":2,"yOffset":1,"xAdvance":32,"rect":{"x":0,"y":0,"width":31,"height":36}},"31186":{"xOffset":0,"yOffset":3,"xAdvance":32,"rect":{"x":33,"y":69,"width":33,"height":33}},"31532":{"xOffset":0,"yOffset":3,"xAdvance":32,"rect":{"x":0,"y":200,"width":32,"height":32}},"31561":{"xOffset":0,"yOffset":3,"xAdvance":32,"rect":{"x":227,"y":168,"width":33,"height":32}},"31569":{"xOffset":0,"yOffset":2,"xAdvance":32,"rect":{"x":332,"y":36,"width":33,"height":33}},"31665":{"xOffset":0,"yOffset":2,"xAdvance":32,"rect":{"x":296,"y":69,"width":32,"height":33}},"31895":{"xOffset":-1,"yOffset":3,"xAdvance":32,"rect":{"x":907,"y":135,"width":34,"height":32}},"31957":{"xOffset":-1,"yOffset":2,"xAdvance":32,"rect":{"x":162,"y":69,"width":34,"height":33}},"32032":{"xOffset":0,"yOffset":2,"xAdvance":32,"rect":{"x":264,"y":69,"width":32,"height":33}},"32423":{"xOffset":0,"yOffset":2,"xAdvance":32,"rect":{"x":593,"y":36,"width":32,"height":33}},"32447":{"xOffset":1,"yOffset":2,"xAdvance":32,"rect":{"x":0,"y":36,"width":32,"height":33}},"32463":{"xOffset":0,"yOffset":3,"xAdvance":32,"rect":{"x":353,"y":200,"width":32,"height":31}},"32473":{"xOffset":0,"yOffset":2,"xAdvance":32,"rect":{"x":98,"y":102,"width":33,"height":33}},"32622":{"xOffset":0,"yOffset":2,"xAdvance":32,"rect":{"x":870,"y":102,"width":33,"height":33}},"32769":{"xOffset":0,"yOffset":2,"xAdvance":32,"rect":{"x":519,"y":168,"width":33,"height":32}},"32773":{"xOffset":0,"yOffset":3,"xAdvance":32,"rect":{"x":487,"y":168,"width":32,"height":32}},"32791":{"xOffset":-1,"yOffset":3,"xAdvance":32,"rect":{"x":808,"y":135,"width":33,"height":32}},"32993":{"xOffset":0,"yOffset":3,"xAdvance":32,"rect":{"x":584,"y":168,"width":32,"height":32}},"33021":{"xOffset":1,"yOffset":2,"xAdvance":32,"rect":{"x":790,"y":36,"width":32,"height":33}},"33293":{"xOffset":0,"yOffset":1,"xAdvance":32,"rect":{"x":326,"y":0,"width":33,"height":34}},"33457":{"xOffset":0,"yOffset":2,"xAdvance":32,"rect":{"x":0,"y":102,"width":32,"height":33}},"33590":{"xOffset":0,"yOffset":2,"xAdvance":32,"rect":{"x":551,"y":69,"width":32,"height":33}},"33719":{"xOffset":0,"yOffset":3,"xAdvance":32,"rect":{"x":192,"y":135,"width":33,"height":33}},"33756":{"xOffset":0,"yOffset":2,"xAdvance":32,"rect":{"x":625,"y":36,"width":32,"height":33}},"33832":{"xOffset":1,"yOffset":2,"xAdvance":32,"rect":{"x":425,"y":69,"width":31,"height":33}},"34507":{"xOffset":0,"yOffset":3,"xAdvance":32,"rect":{"x":130,"y":69,"width":32,"height":33}},"34562":{"xOffset":-1,"yOffset":2,"xAdvance":32,"rect":{"x":33,"y":168,"width":34,"height":32}},"34588":{"xOffset":0,"yOffset":1,"xAdvance":32,"rect":{"x":31,"y":0,"width":32,"height":35}},"34915":{"xOffset":0,"yOffset":2,"xAdvance":32,"rect":{"x":457,"y":0,"width":33,"height":34}},"34917":{"xOffset":-1,"yOffset":2,"xAdvance":32,"rect":{"x":63,"y":102,"width":35,"height":33}},"35266":{"xOffset":-1,"yOffset":3,"xAdvance":32,"rect":{"x":549,"y":135,"width":33,"height":32}},"35270":{"xOffset":-1,"yOffset":2,"xAdvance":32,"rect":{"x":526,"y":36,"width":33,"height":33}},"35745":{"xOffset":0,"yOffset":2,"xAdvance":32,"rect":{"x":675,"y":102,"width":33,"height":33}},"35774":{"xOffset":0,"yOffset":3,"xAdvance":32,"rect":{"x":971,"y":168,"width":32,"height":32}},"35835":{"xOffset":0,"yOffset":2,"xAdvance":32,"rect":{"x":623,"y":0,"width":33,"height":34}},"36130":{"xOffset":0,"yOffset":3,"xAdvance":32,"rect":{"x":841,"y":135,"width":32,"height":32}},"36141":{"xOffset":0,"yOffset":2,"xAdvance":32,"rect":{"x":365,"y":36,"width":32,"height":33}},"36143":{"xOffset":0,"yOffset":3,"xAdvance":32,"rect":{"x":873,"y":135,"width":34,"height":32}},"36153":{"xOffset":1,"yOffset":3,"xAdvance":32,"rect":{"x":397,"y":36,"width":31,"height":33}},"36275":{"xOffset":0,"yOffset":2,"xAdvance":32,"rect":{"x":786,"y":0,"width":33,"height":34}},"36798":{"xOffset":0,"yOffset":2,"xAdvance":32,"rect":{"x":516,"y":135,"width":33,"height":32}},"36824":{"xOffset":0,"yOffset":3,"xAdvance":32,"rect":{"x":744,"y":168,"width":33,"height":32}},"36825":{"xOffset":0,"yOffset":3,"xAdvance":32,"rect":{"x":634,"y":200,"width":32,"height":31}},"36827":{"xOffset":0,"yOffset":2,"xAdvance":32,"rect":{"x":809,"y":168,"width":32,"height":32}},"36873":{"xOffset":0,"yOffset":2,"xAdvance":32,"rect":{"x":583,"y":69,"width":33,"height":33}},"36890":{"xOffset":0,"yOffset":3,"xAdvance":32,"rect":{"x":536,"y":200,"width":32,"height":31}},"36896":{"xOffset":0,"yOffset":3,"xAdvance":32,"rect":{"x":126,"y":200,"width":33,"height":31}},"36947":{"xOffset":0,"yOffset":2,"xAdvance":32,"rect":{"x":935,"y":69,"width":32,"height":33}},"37327":{"xOffset":1,"yOffset":2,"xAdvance":32,"rect":{"x":822,"y":36,"width":31,"height":33}},"37329":{"xOffset":-1,"yOffset":3,"xAdvance":32,"rect":{"x":286,"y":200,"width":34,"height":31}},"38047":{"xOffset":0,"yOffset":2,"xAdvance":32,"rect":{"x":721,"y":0,"width":32,"height":34}},"38053":{"xOffset":0,"yOffset":3,"xAdvance":32,"rect":{"x":293,"y":168,"width":32,"height":32}},"38065":{"xOffset":0,"yOffset":2,"xAdvance":32,"rect":{"x":915,"y":36,"width":33,"height":33}},"38075":{"xOffset":1,"yOffset":3,"xAdvance":32,"rect":{"x":452,"y":135,"width":32,"height":32}},"38144":{"xOffset":0,"yOffset":2,"xAdvance":32,"rect":{"x":131,"y":102,"width":33,"height":33}},"38236":{"xOffset":-1,"yOffset":2,"xAdvance":32,"rect":{"x":290,"y":102,"width":34,"height":33}},"38271":{"xOffset":0,"yOffset":3,"xAdvance":32,"rect":{"x":0,"y":168,"width":33,"height":32}},"38388":{"xOffset":2,"yOffset":2,"xAdvance":32,"rect":{"x":96,"y":135,"width":30,"height":33}},"38480":{"xOffset":2,"yOffset":3,"xAdvance":32,"rect":{"x":390,"y":168,"width":31,"height":32}},"38543":{"xOffset":2,"yOffset":2,"xAdvance":32,"rect":{"x":873,"y":69,"width":31,"height":33}},"38754":{"xOffset":1,"yOffset":3,"xAdvance":32,"rect":{"x":67,"y":168,"width":32,"height":32}},"38899":{"xOffset":1,"yOffset":2,"xAdvance":32,"rect":{"x":839,"y":102,"width":31,"height":33}},"39038":{"xOffset":-1,"yOffset":2,"xAdvance":32,"rect":{"x":265,"y":36,"width":34,"height":33}},"39046":{"xOffset":-1,"yOffset":2,"xAdvance":32,"rect":{"x":819,"y":0,"width":33,"height":34}},"39057":{"xOffset":-1,"yOffset":2,"xAdvance":32,"rect":{"x":559,"y":36,"width":34,"height":33}},"39135":{"xOffset":0,"yOffset":2,"xAdvance":32,"rect":{"x":490,"y":0,"width":33,"height":34}},"39278":{"xOffset":0,"yOffset":2,"xAdvance":32,"rect":{"x":196,"y":69,"width":33,"height":33}},"39564":{"xOffset":0,"yOffset":2,"xAdvance":32,"rect":{"x":260,"y":168,"width":33,"height":32}},"39600":{"xOffset":-2,"yOffset":2,"xAdvance":32,"rect":{"x":229,"y":69,"width":35,"height":33}},"39640":{"xOffset":1,"yOffset":2,"xAdvance":32,"rect":{"x":0,"y":135,"width":31,"height":33}},"39764":{"xOffset":0,"yOffset":2,"xAdvance":32,"rect":{"x":386,"y":102,"width":33,"height":33}},"40644":{"xOffset":0,"yOffset":2,"xAdvance":32,"rect":{"x":656,"y":0,"width":33,"height":34}}},"kerningDict":{}}]],0,0,[0],[0],[0]],[[{"name":"text_whtie","rect":[0,1,1022,289],"offset":[-1,110.5],"originalSize":[1024,512],"capInsets":[0,0,0,0]}],[0],0,[0],[1],[1]]]]