[1,["ecpdLyjvZBwrvm+cedCcQy","f0BIwQ8D5Ml7nTNQbh1YlS","f8bTi7ntVGHpREGqqV0YKD","04ZWT8J1tAa6tvldRdRSa8","e97GVMl6JHh5Ml5qEDdSGa","29FYIk+N1GYaeWH/q1NxQO","afsg71YfJE4rmLz5YCo65w"],["node","_spriteFrame","root","giftBox","_N$target","data","_N$normalSprite","_N$pressedSprite","_N$hoverSprite","_N$disabledSprite","_textureSetter"],[["cc.Node",["_name","_objFlags","_components","_prefab","_contentSize","_trs","_parent","_children","_anchorPoint"],1,9,4,5,7,1,2,5],["cc.Widget",["_alignFlags","alignMode","_originalWidth","_originalHeight","node"],-1,1],["cc.PrefabInfo",["fileId","root","asset"],2,1,1],["cc.Sprite",["_type","_sizeMode","node","_materials","_spriteFrame"],1,1,3,6],"cc.SpriteFrame",["cc.Prefab",["_name"],2],["94b72AihfpAzJbumnHOtesj",["node","giftBox"],3,1,1],["cc.Button",["_N$transition","node","clickEvents","_N$normalColor","_N$pressedColor","_N$disabledColor","_N$target","_N$normalSprite","_N$pressedSprite","_N$hoverSprite","_N$disabledSprite"],2,1,9,5,5,5,1,6,6,6,6],["cc.ClickEvent",["_componentId","handler","target"],1,1]],[[2,0,1,2,2],[5,0,2],[0,0,7,2,3,4,8,5,2],[0,0,6,7,2,3,4,5,2],[0,0,1,6,2,3,4,5,3],[0,0,6,2,3,4,5,2],[1,0,4,2],[1,1,0,2,3,4,5],[6,0,1,1],[2,1,2,1],[7,0,1,2,3,4,5,6,7,8,9,10,2],[8,0,1,2,3],[3,0,1,2,3,4,3],[3,2,3,4,1]],[[[[1,"GiftBoxView"],[2,"GiftBoxView",[-5],[[6,45,-2],[8,-4,-3]],[9,-1,0],[5,1080,1920],[0,0,1],[0,1920,0,0,0,0,1,1,1,1]],[3,"box",1,[-8,-9],[[10,3,-7,[[11,"94b72AihfpAzJbumnHOtesj","onButtonClick",1]],[4,4293322470],[4,4291348680],[4,3363338360],-6,4,5,6,7]],[0,"d9EruO1ahArJfiVS3NOgfW",1,0],[5,200,230],[518.794,-915.896,0,0,0,0,1,1,1,1]],[4,"Background",512,2,[[12,1,0,-10,[0],1],[7,0,45,100,40,-11]],[0,"33RScvvElD2J/Zk644E7Fl",1,0],[5,200,230],[0,0,0,0,0,0,1,1,1,0]],[5,"ad",2,[[13,-12,[2],3]],[0,"07Waexke1AsKCe2ZkVTLwM",1,0],[5,72,70],[44.53,-79.749,0,0,0,0,1,1,1,1]]],0,[0,2,1,0,0,1,0,3,2,0,0,1,0,-1,2,0,4,3,0,0,2,0,-1,3,0,-2,4,0,0,3,0,0,3,0,0,4,0,5,1,12],[0,0,0,0,0,0,0,0],[-1,1,-1,1,6,7,8,9],[0,2,0,3,1,4,1,5]],[[{"name":"gift_special","rect":[0,0,191,203],"offset":[0,0],"originalSize":[191,203],"capInsets":[0,0,0,0]}],[4],0,[0],[10],[6]]]]