{
  "__type__": "cc.SpriteFrame",
  "content": {
    "name": "guanggao",
    "atlas": "",
    "rect": {
      "x": 0,
      "y": 1,
      "width": 80,
      "height": 79
    },
    "offset": {
      "x": 0,
      "y": 0
    },
    "originalSize": {
      "width": 80,
      "height": 81
    },
    "rotated": false,
    "capInsets": [
      0,
      0,
      0,
      0
    ],
    "vertices": {
      "rawPosition": [
        -40,
        -39.5,
        0,
        40,
        -39.5,
        0,
        -40,
        39.5,
        0,
        40,
        39.5,
        0
      ],
      "indexes": [
        0,
        1,
        2,
        2,
        1,
        3
      ],
      "uv": [
        0,
        80,
        80,
        80,
        0,
        1,
        80,
        1
      ],
      "nuv": [
        0,
        0.012345679012345678,
        1,
        0.012345679012345678,
        0,
        0.9876543209876543,
        1,
        0.9876543209876543
      ],
      "minPos": {
        "x": -40,
        "y": -39.5,
        "z": 0
      },
      "maxPos": {
        "x": 40,
        "y": 39.5,
        "z": 0
      }
    },
    "texture": "da6d6686-5f03-4c79-941b-17a8396636ce@6c48a",
    "packable": true,
    "pixelsToUnit": 100,
    "pivot": {
      "x": 0.5,
      "y": 0.5
    },
    "meshType": 0
  }
}