{
  "__type__": "cc.TextAsset",
  "_name": "musicData",
  "_objFlags": 0,
  "_native": "",
  "text": "唯一id\t音效名\t路径\r\nid\tsoundName\tpath\r\n1\tP28\tSound/yinjie/p28\r\n2\tP30\tSound/yinjie/p30\r\n3\tP32\tSound/yinjie/p32\r\n4\tP33\tSound/yinjie/p33\r\n5\tP35\tSound/yinjie/p35\r\n6\tP37\tSound/yinjie/p37\r\n7\tP39\tSound/yinjie/p39\r\n8\tP40\tSound/yinjie/p40\r\n9\tP42\tSound/yinjie/p42\r\n10\tP44\tSound/yinjie/p44\r\n11\tP45\tSound/yinjie/p45\r\n12\tP47\tSound/yinjie/p47\r\n13\tP49\tSound/yinjie/p49\r\n14\tP51\tSound/yinjie/p51\r\n15\tP52\tSound/yinjie/p52\r\n16\tP54\tSound/yinjie/p54\r\n17\tP56\tSound/yinjie/p56\r\n18\tP57\tSound/yinjie/p57\r\n19\tP59\tSound/yinjie/p59\r\n20\tP61\tSound/yinjie/p61\r\n21\tP63\tSound/yinjie/p63\r\n22\tP64\tSound/yinjie/p64\r\n23\tP66\tSound/yinjie/p66\r\n24\tP68\tSound/yinjie/p68\r\n25\tP69\tSound/yinjie/p69\r\n26\tP71\tSound/yinjie/p71\r\n27\tP73\tSound/yinjie/p73\r\n28\tP75\tSound/yinjie/p75\r\n29\tP76\tSound/yinjie/p76"
}