{
  "__type__": "cc.SpriteFrame",
  "content": {
    "name": "kuang1",
    "atlas": "",
    "rect": {
      "x": 0,
      "y": 0,
      "width": 18,
      "height": 18
    },
    "offset": {
      "x": 0,
      "y": 0
    },
    "originalSize": {
      "width": 18,
      "height": 18
    },
    "rotated": false,
    "capInsets": [
      18,
      18,
      0,
      0
    ],
    "vertices": {
      "rawPosition": [
        -9,
        -9,
        0,
        9,
        -9,
        0,
        -9,
        9,
        0,
        9,
        9,
        0
      ],
      "indexes": [
        0,
        1,
        2,
        2,
        1,
        3
      ],
      "uv": [
        0,
        18,
        18,
        18,
        0,
        0,
        18,
        0
      ],
      "nuv": [
        0,
        0,
        1,
        0,
        0,
        1,
        1,
        1
      ],
      "minPos": {
        "x": -9,
        "y": -9,
        "z": 0
      },
      "maxPos": {
        "x": 9,
        "y": 9,
        "z": 0
      }
    },
    "texture": "8083308a-8454-4fea-8939-4e0b625671d2@6c48a",
    "packable": true,
    "pixelsToUnit": 100,
    "pivot": {
      "x": 0.5,
      "y": 0.5
    },
    "meshType": 0
  }
}