{
  "platform": "android",
  "actualPlatform": "android",
  "template": "link",
  "buildPath": "./build",
  "debug": false,
  "sourceMaps": false,
  "embedWebDebugger": false,
  "previewWidth": "1280",
  "previewHeight": "720",
  "useDebugKeystore": false,
  "keystorePath": "/Users/admin/Desktop/Git/Dream_house/googlekey.keystore",
  "keystorePassword": "123456",
  "keystoreAlias": "key0",
  "keystoreAliasPassword": "123456",
  "apiLevel": "android-33",
  "appABIs": [
    "armeabi-v7a",
    "arm64-v8a",
    "x86_64"
  ],
  "vsVersion": "auto",
  "buildScriptsOnly": false
}
