{
  "version": "1.1.1",
  "windows": {
    "main": {
      "main": true,
      "url": "app://editor/index.html",
      "windowType": "dockable",
      "x": 13,
      "y": 114,
      "width": 1408,
      "height": 799,
      "layout": {
        "type": "dock-h",
        "children": [
          {
            "width": 302,
            "height": 712,
            "type": "panel",
            "active": 0,
            "children": [
              "hierarchy"
            ]
          },
          {
            "width": 289,
            "height": 712,
            "type": "panel",
            "active": 0,
            "children": [
              "assets"
            ]
          },
          {
            "width": 504,
            "height": 712,
            "type": "dock-v",
            "children": [
              {
                "width": 504,
                "height": 441,
                "type": "panel",
                "active": 0,
                "children": [
                  "scene"
                ]
              },
              {
                "width": 504,
                "height": 268,
                "type": "panel",
                "active": 0,
                "children": [
                  "console",
                  "timeline",
                  "game-window"
                ]
              }
            ]
          },
          {
            "width": 304,
            "height": 712,
            "type": "panel",
            "active": 0,
            "children": [
              "inspector",
              "cocos-services"
            ]
          }
        ]
      },
      "panels": [
        "hierarchy",
        "assets",
        "scene",
        "console",
        "timeline",
        "game-window",
        "inspector",
        "cocos-services"
      ]
    },
    " common-asset-worker-worker": {}
  },
  "panels": {
    "sprite-editor": {
      "x": 470,
      "y": 173,
      "width": 500,
      "height": 528
    },
    "project-settings": {
      "x": 440,
      "y": 173,
      "width": 584,
      "height": 554
    },
    "assets": {
      "x": 143,
      "y": 352,
      "width": 259,
      "height": 428
    },
    "node-library": {
      "x": 570,
      "y": 183,
      "width": 300,
      "height": 508
    },
    "builder": {
      "x": 351,
      "y": 38,
      "width": 500,
      "height": 728
    },
    "preferences": {
      "x": 440,
      "y": 173,
      "width": 584,
      "height": 554
    }
  },
  "panelLabelWidth": {}
}
