[1,["6bLJhxOZhOoYWNT8iyt3WS","b0nXOb7L9PuJvQ0kbwCxle","daA1yP4/pJEJOnChmBBgxj","fdBxa5TfRBQoWaWTdqDCCC","3bBZ0sBSZAIpM+EfaG/6O/","60s++8pBNJH7ySMMwqP0RA","901ijn3QlBMKOy4wkY8YDI","1f3ussYhtFIYAuSqM4f3UX","f65XHHFQdK5YHjXypb5WyM","49gr3/C8VIurc/QuUu1bsA","c1BhJwen9I3LarkvN7DdVF","dftRUDMyFE2YXsSpbxud3u","698+ayOB9Mc4dkCXNWXDN0","deBIGVTo5MKITt4AV+P62n","c11jkEXIRPs5z7/UyLYhSZ","36cK/pW5tCUpF6vfo03NSq","00vtT5DxtKwrQR8CiOpxIB","98X07Es/VAT7T+c/d03W20","d5oj+eFCBOXJSUjo8BBcDI","73n6FybnxMP5SR44Hcgcjo","9bEK7p6VZLNJ62EdH7ACd0","08k6uZuZxD7IlkKwOeKZ7R","bff02I2YVI+4pXAYSjiNWy","258Xvs93VOQbnwf/LG8htQ","20tKeAXFVB2p8cMM+d/wBp","5enDefL1xAKZ2yJABJih1g","car+0fCFZPwqf/C4FEYVYu","13u+ADKUtBA4bjbmflsHAn","32ZGz+EJRFb7GgT9NfHmP1","69P2HcI99Br5dT9K0FLfqE","f6xqKftMNGkq1dHM5jEdzp","cakSTGkApKSZRlgPlshK7E","3caOIIFmFO4Yv1HHOAzXM9","42xmwwozpDdr/JerVPu5b3","92pu+8UCFNYrY5jPjiYtnR","3bbDGxnl5Pwr3z8rIIYXmF","07Neuq+6VL1qeT+/Cg9mpe","12o42w8PlA5YM3D859a87N","a9EB1mkQlLnLtoSCMte3F3","60eYRGk35BYJzGkw0ufFpL","53vN9PQQtGVIhgCm2xXX1a","82nxnq1M1K/q3dHaGEstzb","49Npv49z5GDa8+NDSWgoZv","03icYGTRdFx5dlKLW/O3oG","f9fEcHw/lFnJ5CGOqnQBxy","47fmQmqWpOt6tfpDlAiIuE","4502GBbKBKn70EWM2N78AK","759XPBz4FFsZYbaN3E6HSv","a5hgT3Ht1Fnbywpyz2kSkG","66bSiqD4RKDL1Zl3G5VWZC","3eNLGER7RFz4dhLId1ZWce","56Cv37sulF4LOVqwdbTR7F","91hl+c0O9P6qpiV1orkLaA","69hQWfw6FOPojdfaUAcbG+","96L6EZkbtCD6K4H56SekNe","9dbPwJTmtP2oueNXyg7oQe","3dcThHmfJNMYUd5gH8Rr0c","bdCbg4eIxLeY0yFCTu3Lz7","e47F5avnhP1bHNN5NTv8nY","9bAtjAO0JJFJCZNbiLDTWk","c8B5G/pdZCR5hmfs2mbDIc","0dKYA4zwdLeaM0fCIXmjQU","ed0ppmpDhFla1MaFpSIGNB","20An0SOG5KU5WHw5af/BRF","88tI/2cPlHBbl4u+vOi+Oy","eaCsmlnR1MBY3Ulugg9x+S","e764vgiXROerPoGnp6qIQa","5d1ctQ2w9AUaIDkVgPlCZh","86ZcAjy2lCXKkyRglXXhF+","00DyHrPvhDsb1doWpCIXhK","d2/C4V4ClDiaRy8QXyWGLj","f5PVrqczpCJo2v13LtNSec","94hzHYCJhBJZaWeSfQpjO9","e71185nzRJd5K4/22WgTMb","99J0VmSINKg6lhrTWrr95H","1fB7HNUT5J9paiN27Amtha","31dlvsEplC2aW1+6Gcyx0d","c3lxLbZbBE6om6YeZjdb5I","349EyyYwtI0ar/hZrg4WTb","55dXEcC7dBtomvknzPK0dv","51GhVJ55dOYaxQFWJ2RX1L","4b2dZj7FJD1oemIcNeZj6S","e4qwnfWB1JNJ5w1WyGW5Lu","26QHuXlsxK6IUbII6dlSDx","d8cHw7ycdFo5Tnn3LqyRWc","0b9Eh7/c5DmZ+UOqQXYUZC","18Fi3Zka1M+JtN7s3VlDvG","4aO2KMkvRMcaGLa+CAqlm1","9fhp3qhwNJVphInz9VC9WA","21EK1JoIVE3KV6oWYIMrHN","b7RzT/79pPdInDcBq+wZWW","3brNonT+xAqYbNdEdWBhzy","edR2z2xIFP+b6cxR1lt23k","d5pbZ8LhpN24tRchm3NbMk","ded3x3ZzJP2bML593KQWvl","25oM3pJ2pOnZbIm+TJ2QnN","deFqvVLIJAiZ6Vhyu7YQgt","057rel0QlLZod2LPDimVry","48UtX6qf1M/6xMvElN1rQ1","b6LlkVW3RBHa3j5DuPqk1x","d9pMLLGopHGrIQbwZqw0B1","d1Vz+kc8xIEZiL5UpYZA89","069Q3m5uVAGrckCzBWRc5H","bbEU55Z9hFUow5lCy+1UML","b04xSdA0NNx7RxvlD8F+bB","d1cR8DLWVJc7xwlYWzHmcM","8fLbU2lqNNApNK61xUl6jI","7d9kmF81dPRLrFBNEQPxD3","bbtidSjA9JO4N2AfqMAcU6","4aTxbXK55DCZJqod8taEsK"],["_textureSetter","4399","0001startemptyarrows-white","AllWindowsButtonBaseShape9sliced","ButtonHardCurrency","ButtonPremium","ButtonSoftCurrency","Check","LevelProgressBar","OffersWindowBonusBoxIcon","Rays1","Video","ad","alert_icon","back","bgt","bigbg1","bigbtn","booster_title_bg","btns2","bubble order_teat","bubble_order_bubble_small","bubble_order_bubble_small2","button_red","bx","bx2","chatbubble","chefhat","choose1","choosebg","chuizi","cion_icon","cz","egg","enemy_point","energy","f","finger","font1","framexq","gem","general_plusIcon","gift_special","giftbtn","gifttt","greensharebutton","gridSelectionOutline","ice","icon_task","img_ui_appointment_icon_timer","img_ui_bank","img_ui_circle","img_ui_coincollector_paginator_star_big","img_ui_coincollector_progress_bar_bg","img_ui_coincollector_progress_bar_fill","img_ui_delete_icon","img_ui_icons_ads","img_ui_item_details_counter","img_ui_meta_hud_level_progress_bar_bg","img_ui_meta_hud_settings_bg","img_ui_meta_hud_settings_icon","img_ui_meta_play_button","img_ui_refresh_icon","img_ui_shop_icon_small","img_ui_skip_icon","img_ui_storage_bg_bottom","img_ui_storage_bg_header","img_ui_storage_icon closed","img_ui_storage_icon open","img_ui_task_icon","img_ui_task_icon2","img_ui_undo_icon","img_ui_xp_reward_icon","info-64","lock_shadow","more_game","music1","music2","musicbg","next1","next2","next3","next4","notbook","outlineWithTileSliced","play_blue","play_small","play_small1","quitbutton_floating","rivalentrypoint image","rwbg1","rwjl","rwjlbg0","rwjlbg1","rwjlbg2","rwjljdt1","rwjljdt2","sawHammer","sawHammer2","sd_","sdbtn","sdbtnl","spinicon","st","st1","szbg1","timebg","ui_img_popup_header_bg","uibackground","xshdqq"],["cc.SpriteFrame",["cc.SpriteAtlas",["_name","_spriteFrames"],2,11]],[[1,0,1,2]],[[[{"name":"bigbg1","rect":[1174,820,70,73],"offset":[0,0],"originalSize":[70,73],"rotated":1,"capInsets":[30,30,30,30]}],[0],0,[0],[0],[0]],[[{"name":"ButtonHardCurrency","rect":[714,1626,99,104],"offset":[0,0],"originalSize":[99,104],"rotated":1,"capInsets":[39,34,36,53]}],[0],0,[0],[0],[0]],[[{"name":"sawHammer2","rect":[1081,567,128,115],"offset":[0,0],"originalSize":[128,115],"capInsets":[0,0,0,0]}],[0],0,[0],[0],[0]],[[{"name":"next2","rect":[1025,1284,67,88],"offset":[0,0],"originalSize":[67,88],"rotated":1,"capInsets":[0,0,0,0]}],[0],0,[0],[0],[0]],[[{"name":"next1","rect":[1174,1072,67,88],"offset":[0,0],"originalSize":[67,88],"capInsets":[0,0,0,0]}],[0],0,[0],[0],[0]],[[{"name":"img_ui_circle","rect":[936,1521,84,84],"offset":[0,0],"originalSize":[84,84],"capInsets":[0,0,0,0]}],[0],0,[0],[0],[0]],[[{"name":"framexq","rect":[417,1390,150,152],"offset":[0,0],"originalSize":[152,152],"capInsets":[39,40,39,57]}],[0],0,[0],[0],[0]],[[{"name":"ButtonPremium","rect":[778,1087,104,98],"offset":[0,0],"originalSize":[104,98],"capInsets":[0,0,0,0]}],[0],0,[0],[0],[0]],[[{"name":"choosebg","rect":[815,823,139,139],"offset":[0,0],"originalSize":[139,139],"capInsets":[0,0,0,0]}],[0],0,[0],[0],[0]],[[{"name":"ice","rect":[569,1390,141,61],"offset":[0,0],"originalSize":[141,61],"rotated":1,"capInsets":[0,0,0,0]}],[0],0,[0],[0],[0]],[[{"name":"ButtonSoftCurrency","rect":[821,687,139,134],"offset":[0,0],"originalSize":[139,134],"capInsets":[60,0,60,0]}],[0],0,[0],[0],[0]],[[{"name":"enemy_point","rect":[1227,1350,20,20],"offset":[0,0],"originalSize":[20,20],"capInsets":[0,0,0,0]}],[0],0,[0],[0],[0]],[[[0,"public.plist",[{},"4399",6,0,"0001startemptyarrows-white",6,1,"AllWindowsButtonBaseShape9sliced",6,2,"ButtonHardCurrency",6,3,"ButtonPremium",6,4,"ButtonSoftCurrency",6,5,"Check",6,6,"LevelProgressBar",6,7,"OffersWindowBonusBoxIcon",6,8,"Rays1",6,9,"Video",6,10,"ad",6,11,"alert_icon",6,12,"back",6,13,"bgt",6,14,"bigbg1",6,15,"bigbtn",6,16,"booster_title_bg",6,17,"btns2",6,18,"bubble order_teat",6,19,"bubble_order_bubble_small",6,20,"bubble_order_bubble_small2",6,21,"button_red",6,22,"bx",6,23,"bx2",6,24,"chatbubble",6,25,"chefhat",6,26,"choose1",6,27,"choosebg",6,28,"chuizi",6,29,"cion_icon",6,30,"cz",6,31,"egg",6,32,"enemy_point",6,33,"energy",6,34,"f",6,35,"finger",6,36,"font1",6,37,"framexq",6,38,"gem",6,39,"general_plusIcon",6,40,"gift_special",6,41,"giftbtn",6,42,"gifttt",6,43,"greensharebutton",6,44,"gridSelectionOutline",6,45,"ice",6,46,"icon_task",6,47,"img_ui_appointment_icon_timer",6,48,"img_ui_bank",6,49,"img_ui_circle",6,50,"img_ui_coincollector_paginator_star_big",6,51,"img_ui_coincollector_progress_bar_bg",6,52,"img_ui_coincollector_progress_bar_fill",6,53,"img_ui_delete_icon",6,54,"img_ui_icons_ads",6,55,"img_ui_item_details_counter",6,56,"img_ui_meta_hud_level_progress_bar_bg",6,57,"img_ui_meta_hud_settings_bg",6,58,"img_ui_meta_hud_settings_icon",6,59,"img_ui_meta_play_button",6,60,"img_ui_refresh_icon",6,61,"img_ui_shop_icon_small",6,62,"img_ui_skip_icon",6,63,"img_ui_storage_bg_bottom",6,64,"img_ui_storage_bg_header",6,65,"img_ui_storage_icon closed",6,66,"img_ui_storage_icon open",6,67,"img_ui_task_icon",6,68,"img_ui_task_icon2",6,69,"img_ui_undo_icon",6,70,"img_ui_xp_reward_icon",6,71,"info-64",6,72,"lock_shadow",6,73,"more_game",6,74,"music1",6,75,"music2",6,76,"musicbg",6,77,"next1",6,78,"next2",6,79,"next3",6,80,"next4",6,81,"notbook",6,82,"outlineWithTileSliced",6,83,"play_blue",6,84,"play_small",6,85,"play_small1",6,86,"quitbutton_floating",6,87,"rivalentrypoint image",6,88,"rwbg1",6,89,"rwjl",6,90,"rwjlbg0",6,91,"rwjlbg1",6,92,"rwjlbg2",6,93,"rwjljdt1",6,94,"rwjljdt2",6,95,"sawHammer",6,96,"sawHammer2",6,97,"sd_",6,98,"sdbtn",6,99,"sdbtnl",6,100,"spinicon",6,101,"st",6,102,"st1",6,103,"szbg1",6,104,"timebg",6,105,"ui_img_popup_header_bg",6,106,"uibackground",6,107,"xshdqq",6,108]]],0,0,[0,0,0,0,0,0,0,0,0,0,0,0,0,0,0,0,0,0,0,0,0,0,0,0,0,0,0,0,0,0,0,0,0,0,0,0,0,0,0,0,0,0,0,0,0,0,0,0,0,0,0,0,0,0,0,0,0,0,0,0,0,0,0,0,0,0,0,0,0,0,0,0,0,0,0,0,0,0,0,0,0,0,0,0,0,0,0,0,0,0,0,0,0,0,0,0,0,0,0,0,0,0,0,0,0,0,0,0,0],[1,2,3,4,5,6,7,8,9,10,11,12,13,14,15,16,17,18,19,20,21,22,23,24,25,26,27,28,29,30,31,32,33,34,35,36,37,38,39,40,41,42,43,44,45,46,47,48,49,50,51,52,53,54,55,56,57,58,59,60,61,62,63,64,65,66,67,68,69,70,71,72,73,74,75,76,77,78,79,80,81,82,83,84,85,86,87,88,89,90,91,92,93,94,95,96,97,98,99,100,101,102,103,104,105,106,107,108,109],[1,2,3,4,5,6,7,8,9,10,11,12,13,14,15,16,17,18,19,20,21,22,23,24,25,26,27,28,29,30,31,32,33,34,35,36,37,38,39,40,41,42,43,44,45,46,47,48,49,50,51,52,53,54,55,56,57,58,59,60,61,62,63,64,65,66,67,68,69,70,71,72,73,74,75,76,77,78,79,80,81,82,83,84,85,86,87,88,89,90,91,92,93,94,95,96,97,98,99,100,101,102,103,104,105,106,107,108,109]],[[{"name":"bigbtn","rect":[962,687,134,134],"offset":[0,0],"originalSize":[134,134],"capInsets":[0,0,0,0]}],[0],0,[0],[0],[0]],[[{"name":"bubble order_teat","rect":[977,964,117,157],"offset":[0,-1],"originalSize":[117,159],"rotated":1,"capInsets":[0,0,0,0]}],[0],0,[0],[0],[0]],[[{"name":"icon_task","rect":[1136,470,95,111],"offset":[0,0],"originalSize":[95,111],"rotated":1,"capInsets":[0,0,0,0]}],[0],0,[0],[0],[0]],[[{"name":"st1","rect":[1168,1228,54,58],"offset":[0,0],"originalSize":[54,58],"rotated":1,"capInsets":[0,0,0,0]}],[0],0,[0],[0],[0]],[[{"name":"st","rect":[1107,1515,37,37],"offset":[0,0],"originalSize":[37,37],"capInsets":[0,0,0,0]}],[0],0,[0],[0],[0]],[[{"name":"back","rect":[1088,1083,103,84],"offset":[0,0],"originalSize":[103,84],"rotated":1,"capInsets":[0,0,0,0]}],[0],0,[0],[0],[0]],[[{"name":"img_ui_task_icon2","rect":[576,1251,144,132],"offset":[0,0],"originalSize":[144,132],"capInsets":[0,0,0,0]}],[0],0,[0],[0],[0]],[[{"name":"booster_title_bg","rect":[815,964,160,112],"offset":[0,0],"originalSize":[160,112],"capInsets":[61,49,52,62]}],[0],0,[0],[0],[0]],[[{"name":"info-64","rect":[1174,1284,64,64],"offset":[0,0],"originalSize":[64,64],"capInsets":[0,0,0,0]}],[0],0,[0],[0],[0]],[[{"name":"gifttt","rect":[1,1552,199,125],"offset":[0,0],"originalSize":[199,125],"capInsets":[0,0,0,0]}],[0],0,[0],[0],[0]]]]