[1,["b6h7JpKy9L9ZzjLOfJ5BP6","1aQ7ABsDJMO6lvmCiAN376"],["spriteFrame","_textureSetter"],["cc.SpriteFrame",["cc.BitmapFont",["_name","fontSize","_fntConfig"],0]],[[1,0,1,2,4]],[[[[0,"text_black",32,{"commonHeight":40,"fontSize":32,"atlasName":"text_black.png","fontDefDictionary":{"0":{"xOffset":-1,"yOffset":0,"xAdvance":33,"rect":{"x":0,"y":0,"width":0,"height":0}},"32":{"xOffset":-1,"yOffset":0,"xAdvance":10,"rect":{"x":0,"y":0,"width":0,"height":0}},"33":{"xOffset":1,"yOffset":5,"xAdvance":12,"rect":{"x":621,"y":243,"width":10,"height":27}},"34":{"xOffset":-1,"yOffset":5,"xAdvance":12,"rect":{"x":844,"y":275,"width":14,"height":14}},"35":{"xOffset":0,"yOffset":5,"xAdvance":19,"rect":{"x":366,"y":275,"width":20,"height":26}},"36":{"xOffset":0,"yOffset":3,"xAdvance":19,"rect":{"x":124,"y":243,"width":19,"height":31}},"37":{"xOffset":0,"yOffset":5,"xAdvance":29,"rect":{"x":695,"y":243,"width":27,"height":27}},"38":{"xOffset":0,"yOffset":5,"xAdvance":28,"rect":{"x":722,"y":243,"width":28,"height":27}},"40":{"xOffset":0,"yOffset":4,"xAdvance":17,"rect":{"x":1000,"y":37,"width":16,"height":34}},"41":{"xOffset":1,"yOffset":4,"xAdvance":17,"rect":{"x":827,"y":72,"width":16,"height":34}},"42":{"xOffset":0,"yOffset":5,"xAdvance":18,"rect":{"x":818,"y":275,"width":17,"height":18}},"43":{"xOffset":1,"yOffset":12,"xAdvance":20,"rect":{"x":799,"y":275,"width":19,"height":19}},"44":{"xOffset":1,"yOffset":22,"xAdvance":10,"rect":{"x":835,"y":275,"width":9,"height":16}},"45":{"xOffset":1,"yOffset":18,"xAdvance":20,"rect":{"x":966,"y":275,"width":19,"height":8}},"46":{"xOffset":0,"yOffset":22,"xAdvance":10,"rect":{"x":907,"y":275,"width":10,"height":10}},"47":{"xOffset":-3,"yOffset":5,"xAdvance":10,"rect":{"x":648,"y":243,"width":20,"height":27}},"48":{"xOffset":0,"yOffset":5,"xAdvance":19,"rect":{"x":244,"y":243,"width":20,"height":27}},"49":{"xOffset":1,"yOffset":5,"xAdvance":19,"rect":{"x":750,"y":243,"width":18,"height":26}},"50":{"xOffset":0,"yOffset":5,"xAdvance":19,"rect":{"x":768,"y":243,"width":19,"height":26}},"51":{"xOffset":-1,"yOffset":5,"xAdvance":19,"rect":{"x":264,"y":243,"width":20,"height":27}},"52":{"xOffset":-1,"yOffset":5,"xAdvance":19,"rect":{"x":787,"y":243,"width":21,"height":26}},"53":{"xOffset":0,"yOffset":5,"xAdvance":19,"rect":{"x":284,"y":243,"width":19,"height":27}},"54":{"xOffset":0,"yOffset":5,"xAdvance":19,"rect":{"x":303,"y":243,"width":20,"height":27}},"55":{"xOffset":0,"yOffset":5,"xAdvance":19,"rect":{"x":323,"y":243,"width":20,"height":27}},"56":{"xOffset":0,"yOffset":5,"xAdvance":19,"rect":{"x":343,"y":243,"width":20,"height":27}},"57":{"xOffset":0,"yOffset":5,"xAdvance":19,"rect":{"x":363,"y":243,"width":20,"height":27}},"58":{"xOffset":0,"yOffset":13,"xAdvance":10,"rect":{"x":789,"y":275,"width":10,"height":19}},"59":{"xOffset":1,"yOffset":12,"xAdvance":10,"rect":{"x":349,"y":275,"width":9,"height":26}},"60":{"xOffset":1,"yOffset":12,"xAdvance":20,"rect":{"x":587,"y":275,"width":19,"height":20}},"61":{"xOffset":1,"yOffset":15,"xAdvance":20,"rect":{"x":858,"y":275,"width":19,"height":14}},"62":{"xOffset":1,"yOffset":12,"xAdvance":20,"rect":{"x":606,"y":275,"width":19,"height":20}},"63":{"xOffset":0,"yOffset":5,"xAdvance":17,"rect":{"x":631,"y":243,"width":17,"height":27}},"64":{"xOffset":0,"yOffset":5,"xAdvance":27,"rect":{"x":668,"y":243,"width":27,"height":27}},"65":{"xOffset":-2,"yOffset":5,"xAdvance":25,"rect":{"x":808,"y":243,"width":29,"height":26}},"66":{"xOffset":-1,"yOffset":5,"xAdvance":24,"rect":{"x":837,"y":243,"width":25,"height":26}},"67":{"xOffset":0,"yOffset":5,"xAdvance":25,"rect":{"x":383,"y":243,"width":25,"height":27}},"68":{"xOffset":-1,"yOffset":5,"xAdvance":25,"rect":{"x":862,"y":243,"width":27,"height":26}},"69":{"xOffset":-1,"yOffset":5,"xAdvance":24,"rect":{"x":889,"y":243,"width":25,"height":26}},"70":{"xOffset":-1,"yOffset":5,"xAdvance":22,"rect":{"x":914,"y":243,"width":24,"height":26}},"71":{"xOffset":0,"yOffset":5,"xAdvance":26,"rect":{"x":408,"y":243,"width":27,"height":27}},"72":{"xOffset":-1,"yOffset":5,"xAdvance":26,"rect":{"x":938,"y":243,"width":28,"height":26}},"73":{"xOffset":0,"yOffset":5,"xAdvance":15,"rect":{"x":966,"y":243,"width":15,"height":26}},"74":{"xOffset":-1,"yOffset":5,"xAdvance":19,"rect":{"x":435,"y":243,"width":22,"height":27}},"75":{"xOffset":-1,"yOffset":5,"xAdvance":25,"rect":{"x":981,"y":243,"width":28,"height":26}},"76":{"xOffset":-1,"yOffset":5,"xAdvance":21,"rect":{"x":0,"y":275,"width":23,"height":26}},"77":{"xOffset":-1,"yOffset":5,"xAdvance":30,"rect":{"x":23,"y":275,"width":32,"height":26}},"78":{"xOffset":-1,"yOffset":5,"xAdvance":25,"rect":{"x":55,"y":275,"width":28,"height":26}},"79":{"xOffset":0,"yOffset":5,"xAdvance":26,"rect":{"x":457,"y":243,"width":26,"height":27}},"80":{"xOffset":-1,"yOffset":5,"xAdvance":22,"rect":{"x":83,"y":275,"width":24,"height":26}},"81":{"xOffset":0,"yOffset":5,"xAdvance":26,"rect":{"x":98,"y":243,"width":26,"height":31}},"82":{"xOffset":-1,"yOffset":5,"xAdvance":24,"rect":{"x":483,"y":243,"width":26,"height":27}},"83":{"xOffset":0,"yOffset":5,"xAdvance":21,"rect":{"x":509,"y":243,"width":21,"height":27}},"84":{"xOffset":-1,"yOffset":5,"xAdvance":23,"rect":{"x":107,"y":275,"width":25,"height":26}},"85":{"xOffset":-1,"yOffset":5,"xAdvance":24,"rect":{"x":530,"y":243,"width":27,"height":27}},"86":{"xOffset":-2,"yOffset":5,"xAdvance":21,"rect":{"x":132,"y":275,"width":27,"height":26}},"87":{"xOffset":-2,"yOffset":5,"xAdvance":31,"rect":{"x":159,"y":275,"width":35,"height":26}},"88":{"xOffset":-1,"yOffset":5,"xAdvance":24,"rect":{"x":194,"y":275,"width":26,"height":26}},"89":{"xOffset":-1,"yOffset":5,"xAdvance":21,"rect":{"x":220,"y":275,"width":26,"height":26}},"90":{"xOffset":-1,"yOffset":5,"xAdvance":21,"rect":{"x":246,"y":275,"width":22,"height":26}},"91":{"xOffset":1,"yOffset":5,"xAdvance":13,"rect":{"x":1010,"y":209,"width":11,"height":31}},"93":{"xOffset":1,"yOffset":5,"xAdvance":13,"rect":{"x":1009,"y":0,"width":11,"height":31}},"94":{"xOffset":-2,"yOffset":4,"xAdvance":12,"rect":{"x":917,"y":275,"width":16,"height":10}},"95":{"xOffset":-1,"yOffset":30,"xAdvance":17,"rect":{"x":985,"y":275,"width":20,"height":5}},"96":{"xOffset":-1,"yOffset":4,"xAdvance":12,"rect":{"x":895,"y":275,"width":12,"height":10}},"97":{"xOffset":-1,"yOffset":12,"xAdvance":19,"rect":{"x":467,"y":275,"width":22,"height":20}},"98":{"xOffset":-1,"yOffset":5,"xAdvance":20,"rect":{"x":557,"y":243,"width":22,"height":27}},"99":{"xOffset":0,"yOffset":12,"xAdvance":17,"rect":{"x":489,"y":275,"width":18,"height":20}},"100":{"xOffset":0,"yOffset":5,"xAdvance":20,"rect":{"x":579,"y":243,"width":21,"height":27}},"101":{"xOffset":0,"yOffset":12,"xAdvance":19,"rect":{"x":507,"y":275,"width":19,"height":20}},"102":{"xOffset":-1,"yOffset":5,"xAdvance":13,"rect":{"x":268,"y":275,"width":22,"height":26}},"103":{"xOffset":-1,"yOffset":10,"xAdvance":18,"rect":{"x":600,"y":243,"width":21,"height":27}},"104":{"xOffset":-1,"yOffset":5,"xAdvance":20,"rect":{"x":290,"y":275,"width":22,"height":26}},"105":{"xOffset":-1,"yOffset":5,"xAdvance":12,"rect":{"x":1009,"y":243,"width":14,"height":26}},"106":{"xOffset":-4,"yOffset":5,"xAdvance":12,"rect":{"x":993,"y":209,"width":17,"height":32}},"107":{"xOffset":-1,"yOffset":5,"xAdvance":21,"rect":{"x":312,"y":275,"width":23,"height":26}},"108":{"xOffset":-1,"yOffset":5,"xAdvance":12,"rect":{"x":335,"y":275,"width":14,"height":26}},"109":{"xOffset":-1,"yOffset":12,"xAdvance":28,"rect":{"x":625,"y":275,"width":31,"height":19}},"110":{"xOffset":-1,"yOffset":12,"xAdvance":21,"rect":{"x":656,"y":275,"width":23,"height":19}},"111":{"xOffset":0,"yOffset":12,"xAdvance":20,"rect":{"x":526,"y":275,"width":21,"height":20}},"112":{"xOffset":-1,"yOffset":12,"xAdvance":20,"rect":{"x":386,"y":275,"width":22,"height":25}},"113":{"xOffset":0,"yOffset":12,"xAdvance":20,"rect":{"x":408,"y":275,"width":21,"height":25}},"114":{"xOffset":-1,"yOffset":12,"xAdvance":16,"rect":{"x":679,"y":275,"width":18,"height":19}},"115":{"xOffset":0,"yOffset":12,"xAdvance":16,"rect":{"x":547,"y":275,"width":17,"height":20}},"116":{"xOffset":-1,"yOffset":7,"xAdvance":15,"rect":{"x":429,"y":275,"width":17,"height":25}},"117":{"xOffset":-1,"yOffset":12,"xAdvance":21,"rect":{"x":564,"y":275,"width":23,"height":20}},"118":{"xOffset":-2,"yOffset":12,"xAdvance":18,"rect":{"x":697,"y":275,"width":22,"height":19}},"119":{"xOffset":-2,"yOffset":12,"xAdvance":26,"rect":{"x":719,"y":275,"width":30,"height":19}},"120":{"xOffset":-1,"yOffset":12,"xAdvance":21,"rect":{"x":749,"y":275,"width":23,"height":19}},"121":{"xOffset":-1,"yOffset":12,"xAdvance":18,"rect":{"x":446,"y":275,"width":21,"height":25}},"122":{"xOffset":0,"yOffset":12,"xAdvance":17,"rect":{"x":772,"y":275,"width":17,"height":19}},"123":{"xOffset":-3,"yOffset":4,"xAdvance":13,"rect":{"x":843,"y":72,"width":16,"height":34}},"124":{"xOffset":0,"yOffset":5,"xAdvance":8,"rect":{"x":358,"y":275,"width":8,"height":26}},"125":{"xOffset":1,"yOffset":4,"xAdvance":13,"rect":{"x":859,"y":72,"width":16,"height":34}},"126":{"xOffset":1,"yOffset":16,"xAdvance":20,"rect":{"x":877,"y":275,"width":18,"height":12}},"19968":{"xOffset":1,"yOffset":11,"xAdvance":33,"rect":{"x":933,"y":275,"width":33,"height":10}},"19971":{"xOffset":0,"yOffset":2,"xAdvance":33,"rect":{"x":64,"y":243,"width":34,"height":32}},"19975":{"xOffset":0,"yOffset":2,"xAdvance":33,"rect":{"x":371,"y":209,"width":34,"height":33}},"19977":{"xOffset":0,"yOffset":2,"xAdvance":33,"rect":{"x":177,"y":243,"width":34,"height":31}},"19978":{"xOffset":0,"yOffset":2,"xAdvance":33,"rect":{"x":143,"y":243,"width":34,"height":31}},"19979":{"xOffset":1,"yOffset":1,"xAdvance":33,"rect":{"x":611,"y":175,"width":33,"height":34}},"19981":{"xOffset":-1,"yOffset":2,"xAdvance":33,"rect":{"x":336,"y":209,"width":35,"height":33}},"20004":{"xOffset":0,"yOffset":1,"xAdvance":33,"rect":{"x":406,"y":175,"width":34,"height":34}},"20010":{"xOffset":0,"yOffset":0,"xAdvance":33,"rect":{"x":421,"y":0,"width":35,"height":35}},"20013":{"xOffset":2,"yOffset":1,"xAdvance":33,"rect":{"x":243,"y":301,"width":31,"height":34}},"20027":{"xOffset":1,"yOffset":1,"xAdvance":33,"rect":{"x":211,"y":243,"width":33,"height":31}},"20048":{"xOffset":0,"yOffset":1,"xAdvance":33,"rect":{"x":551,"y":72,"width":34,"height":35}},"20070":{"xOffset":0,"yOffset":1,"xAdvance":33,"rect":{"x":105,"y":141,"width":32,"height":34}},"20080":{"xOffset":1,"yOffset":1,"xAdvance":33,"rect":{"x":871,"y":0,"width":33,"height":35}},"20102":{"xOffset":3,"yOffset":1,"xAdvance":33,"rect":{"x":993,"y":175,"width":29,"height":33}},"20135":{"xOffset":-1,"yOffset":1,"xAdvance":33,"rect":{"x":577,"y":175,"width":34,"height":34}},"20139":{"xOffset":0,"yOffset":1,"xAdvance":33,"rect":{"x":556,"y":37,"width":34,"height":35}},"20154":{"xOffset":-1,"yOffset":3,"xAdvance":33,"rect":{"x":0,"y":243,"width":35,"height":32}},"20219":{"xOffset":0,"yOffset":1,"xAdvance":33,"rect":{"x":690,"y":107,"width":34,"height":34}},"20250":{"xOffset":-1,"yOffset":1,"xAdvance":33,"rect":{"x":135,"y":0,"width":36,"height":36}},"20313":{"xOffset":0,"yOffset":0,"xAdvance":33,"rect":{"x":204,"y":72,"width":36,"height":35}},"20493":{"xOffset":-1,"yOffset":1,"xAdvance":33,"rect":{"x":816,"y":175,"width":36,"height":34}},"20498":{"xOffset":-1,"yOffset":1,"xAdvance":33,"rect":{"x":337,"y":175,"width":35,"height":34}},"20518":{"xOffset":-1,"yOffset":1,"xAdvance":33,"rect":{"x":724,"y":107,"width":36,"height":34}},"20813":{"xOffset":1,"yOffset":0,"xAdvance":33,"rect":{"x":624,"y":37,"width":33,"height":35}},"20817":{"xOffset":1,"yOffset":1,"xAdvance":33,"rect":{"x":713,"y":141,"width":33,"height":34}},"20837":{"xOffset":0,"yOffset":2,"xAdvance":33,"rect":{"x":820,"y":209,"width":35,"height":33}},"20844":{"xOffset":0,"yOffset":2,"xAdvance":33,"rect":{"x":239,"y":141,"width":35,"height":34}},"20854":{"xOffset":1,"yOffset":2,"xAdvance":33,"rect":{"x":37,"y":301,"width":33,"height":35}},"20855":{"xOffset":0,"yOffset":1,"xAdvance":33,"rect":{"x":690,"y":37,"width":34,"height":35}},"20919":{"xOffset":-1,"yOffset":1,"xAdvance":33,"rect":{"x":171,"y":0,"width":36,"height":36}},"20986":{"xOffset":1,"yOffset":1,"xAdvance":33,"rect":{"x":930,"y":107,"width":31,"height":34}},"20998":{"xOffset":-1,"yOffset":1,"xAdvance":33,"rect":{"x":520,"y":37,"width":36,"height":35}},"21038":{"xOffset":1,"yOffset":1,"xAdvance":33,"rect":{"x":648,"y":141,"width":31,"height":34}},"21040":{"xOffset":0,"yOffset":1,"xAdvance":33,"rect":{"x":0,"y":209,"width":32,"height":34}},"21047":{"xOffset":-1,"yOffset":1,"xAdvance":33,"rect":{"x":304,"y":175,"width":33,"height":34}},"21069":{"xOffset":0,"yOffset":0,"xAdvance":33,"rect":{"x":688,"y":72,"width":34,"height":35}},"21097":{"xOffset":-1,"yOffset":1,"xAdvance":33,"rect":{"x":235,"y":175,"width":35,"height":34}},"21152":{"xOffset":0,"yOffset":2,"xAdvance":33,"rect":{"x":786,"y":209,"width":34,"height":33}},"21153":{"xOffset":-1,"yOffset":1,"xAdvance":33,"rect":{"x":385,"y":0,"width":36,"height":35}},"21160":{"xOffset":0,"yOffset":1,"xAdvance":33,"rect":{"x":139,"y":301,"width":34,"height":34}},"21169":{"xOffset":0,"yOffset":1,"xAdvance":33,"rect":{"x":910,"y":72,"width":34,"height":34}},"21253":{"xOffset":-1,"yOffset":0,"xAdvance":33,"rect":{"x":904,"y":0,"width":35,"height":35}},"21273":{"xOffset":-1,"yOffset":1,"xAdvance":33,"rect":{"x":613,"y":141,"width":35,"height":34}},"21313":{"xOffset":1,"yOffset":2,"xAdvance":33,"rect":{"x":890,"y":209,"width":33,"height":33}},"21319":{"xOffset":0,"yOffset":1,"xAdvance":33,"rect":{"x":516,"y":107,"width":34,"height":34}},"21334":{"xOffset":0,"yOffset":1,"xAdvance":33,"rect":{"x":801,"y":0,"width":35,"height":35}},"21345":{"xOffset":0,"yOffset":1,"xAdvance":33,"rect":{"x":679,"y":141,"width":34,"height":34}},"21363":{"xOffset":1,"yOffset":1,"xAdvance":33,"rect":{"x":746,"y":141,"width":33,"height":34}},"21452":{"xOffset":-1,"yOffset":2,"xAdvance":33,"rect":{"x":923,"y":209,"width":36,"height":33}},"21457":{"xOffset":-1,"yOffset":1,"xAdvance":33,"rect":{"x":930,"y":37,"width":35,"height":35}},"21462":{"xOffset":-1,"yOffset":1,"xAdvance":33,"rect":{"x":750,"y":209,"width":36,"height":33}},"21487":{"xOffset":0,"yOffset":1,"xAdvance":33,"rect":{"x":542,"y":175,"width":35,"height":34}},"21512":{"xOffset":-1,"yOffset":1,"xAdvance":33,"rect":{"x":957,"y":175,"width":36,"height":34}},"21521":{"xOffset":2,"yOffset":0,"xAdvance":33,"rect":{"x":632,"y":0,"width":31,"height":35}},"21542":{"xOffset":-1,"yOffset":1,"xAdvance":33,"rect":{"x":959,"y":209,"width":34,"height":33}},"21543":{"xOffset":1,"yOffset":1,"xAdvance":33,"rect":{"x":32,"y":209,"width":33,"height":34}},"21551":{"xOffset":0,"yOffset":1,"xAdvance":33,"rect":{"x":168,"y":209,"width":32,"height":33}},"21578":{"xOffset":1,"yOffset":1,"xAdvance":33,"rect":{"x":342,"y":107,"width":33,"height":34}},"21654":{"xOffset":1,"yOffset":1,"xAdvance":33,"rect":{"x":724,"y":37,"width":33,"height":35}},"21697":{"xOffset":2,"yOffset":1,"xAdvance":33,"rect":{"x":310,"y":141,"width":31,"height":34}},"21806":{"xOffset":0,"yOffset":1,"xAdvance":33,"rect":{"x":916,"y":141,"width":33,"height":34}},"21830":{"xOffset":0,"yOffset":1,"xAdvance":33,"rect":{"x":270,"y":175,"width":34,"height":34}},"21857":{"xOffset":1,"yOffset":1,"xAdvance":33,"rect":{"x":814,"y":141,"width":33,"height":34}},"22253":{"xOffset":1,"yOffset":0,"xAdvance":33,"rect":{"x":757,"y":37,"width":32,"height":35}},"22312":{"xOffset":0,"yOffset":0,"xAdvance":33,"rect":{"x":315,"y":0,"width":35,"height":35}},"22478":{"xOffset":-1,"yOffset":1,"xAdvance":33,"rect":{"x":446,"y":72,"width":36,"height":35}},"22766":{"xOffset":-1,"yOffset":2,"xAdvance":33,"rect":{"x":715,"y":209,"width":35,"height":33}},"22797":{"xOffset":1,"yOffset":0,"xAdvance":33,"rect":{"x":758,"y":72,"width":34,"height":35}},"22810":{"xOffset":2,"yOffset":0,"xAdvance":33,"rect":{"x":308,"y":72,"width":32,"height":35}},"22815":{"xOffset":-1,"yOffset":1,"xAdvance":33,"rect":{"x":375,"y":72,"width":36,"height":35}},"22823":{"xOffset":-2,"yOffset":1,"xAdvance":33,"rect":{"x":944,"y":72,"width":37,"height":34}},"22825":{"xOffset":0,"yOffset":1,"xAdvance":33,"rect":{"x":481,"y":107,"width":35,"height":34}},"22836":{"xOffset":0,"yOffset":1,"xAdvance":33,"rect":{"x":136,"y":72,"width":34,"height":35}},"22870":{"xOffset":1,"yOffset":0,"xAdvance":33,"rect":{"x":67,"y":0,"width":33,"height":36}},"22899":{"xOffset":0,"yOffset":0,"xAdvance":33,"rect":{"x":68,"y":72,"width":33,"height":35}},"22902":{"xOffset":-1,"yOffset":1,"xAdvance":33,"rect":{"x":68,"y":175,"width":35,"height":34}},"22987":{"xOffset":-1,"yOffset":1,"xAdvance":33,"rect":{"x":70,"y":301,"width":35,"height":34}},"22992":{"xOffset":-1,"yOffset":1,"xAdvance":33,"rect":{"x":199,"y":175,"width":36,"height":34}},"23376":{"xOffset":-1,"yOffset":1,"xAdvance":33,"rect":{"x":579,"y":209,"width":35,"height":33}},"23388":{"xOffset":0,"yOffset":1,"xAdvance":33,"rect":{"x":697,"y":0,"width":35,"height":35}},"23436":{"xOffset":0,"yOffset":1,"xAdvance":33,"rect":{"x":663,"y":0,"width":34,"height":35}},"23450":{"xOffset":0,"yOffset":1,"xAdvance":33,"rect":{"x":209,"y":301,"width":34,"height":34}},"23458":{"xOffset":0,"yOffset":0,"xAdvance":33,"rect":{"x":492,"y":0,"width":35,"height":35}},"23476":{"xOffset":0,"yOffset":0,"xAdvance":33,"rect":{"x":100,"y":0,"width":35,"height":36}},"23478":{"xOffset":0,"yOffset":0,"xAdvance":33,"rect":{"x":732,"y":0,"width":35,"height":35}},"23558":{"xOffset":-2,"yOffset":0,"xAdvance":33,"rect":{"x":0,"y":301,"width":37,"height":35}},"23567":{"xOffset":0,"yOffset":2,"xAdvance":33,"rect":{"x":302,"y":209,"width":34,"height":33}},"24034":{"xOffset":0,"yOffset":1,"xAdvance":33,"rect":{"x":70,"y":141,"width":35,"height":34}},"24046":{"xOffset":0,"yOffset":0,"xAdvance":33,"rect":{"x":474,"y":175,"width":33,"height":34}},"24050":{"xOffset":3,"yOffset":2,"xAdvance":33,"rect":{"x":35,"y":243,"width":29,"height":32}},"24062":{"xOffset":3,"yOffset":1,"xAdvance":33,"rect":{"x":136,"y":175,"width":30,"height":34}},"24065":{"xOffset":3,"yOffset":1,"xAdvance":33,"rect":{"x":173,"y":141,"width":29,"height":34}},"24072":{"xOffset":1,"yOffset":1,"xAdvance":33,"rect":{"x":69,"y":107,"width":33,"height":34}},"24191":{"xOffset":0,"yOffset":1,"xAdvance":33,"rect":{"x":308,"y":107,"width":34,"height":34}},"24215":{"xOffset":0,"yOffset":0,"xAdvance":33,"rect":{"x":240,"y":72,"width":34,"height":35}},"24314":{"xOffset":-1,"yOffset":2,"xAdvance":33,"rect":{"x":132,"y":209,"width":36,"height":33}},"24320":{"xOffset":0,"yOffset":1,"xAdvance":33,"rect":{"x":102,"y":107,"width":33,"height":34}},"24351":{"xOffset":-1,"yOffset":0,"xAdvance":33,"rect":{"x":170,"y":72,"width":34,"height":35}},"24471":{"xOffset":-1,"yOffset":1,"xAdvance":33,"rect":{"x":792,"y":72,"width":35,"height":35}},"24674":{"xOffset":-1,"yOffset":1,"xAdvance":33,"rect":{"x":722,"y":72,"width":36,"height":35}},"24744":{"xOffset":0,"yOffset":0,"xAdvance":33,"rect":{"x":411,"y":72,"width":35,"height":35}},"25103":{"xOffset":-1,"yOffset":1,"xAdvance":33,"rect":{"x":405,"y":209,"width":35,"height":33}},"25104":{"xOffset":0,"yOffset":1,"xAdvance":33,"rect":{"x":655,"y":107,"width":35,"height":34}},"25216":{"xOffset":-1,"yOffset":1,"xAdvance":33,"rect":{"x":450,"y":37,"width":36,"height":35}},"25259":{"xOffset":0,"yOffset":1,"xAdvance":33,"rect":{"x":341,"y":141,"width":35,"height":34}},"25289":{"xOffset":0,"yOffset":1,"xAdvance":33,"rect":{"x":376,"y":141,"width":34,"height":34}},"25321":{"xOffset":-1,"yOffset":1,"xAdvance":33,"rect":{"x":544,"y":141,"width":35,"height":34}},"25442":{"xOffset":0,"yOffset":0,"xAdvance":33,"rect":{"x":590,"y":37,"width":34,"height":35}},"25484":{"xOffset":0,"yOffset":1,"xAdvance":33,"rect":{"x":350,"y":0,"width":35,"height":35}},"25552":{"xOffset":-1,"yOffset":1,"xAdvance":33,"rect":{"x":644,"y":175,"width":35,"height":34}},"25928":{"xOffset":-1,"yOffset":1,"xAdvance":33,"rect":{"x":585,"y":72,"width":36,"height":35}},"25991":{"xOffset":0,"yOffset":1,"xAdvance":33,"rect":{"x":176,"y":37,"width":34,"height":35}},"26032":{"xOffset":0,"yOffset":0,"xAdvance":33,"rect":{"x":245,"y":0,"width":35,"height":36}},"26085":{"xOffset":6,"yOffset":2,"xAdvance":33,"rect":{"x":995,"y":107,"width":25,"height":33}},"26102":{"xOffset":1,"yOffset":2,"xAdvance":33,"rect":{"x":440,"y":209,"width":34,"height":33}},"26126":{"xOffset":2,"yOffset":1,"xAdvance":33,"rect":{"x":410,"y":141,"width":32,"height":34}},"26159":{"xOffset":0,"yOffset":1,"xAdvance":33,"rect":{"x":887,"y":175,"width":35,"height":34}},"26222":{"xOffset":0,"yOffset":0,"xAdvance":33,"rect":{"x":517,"y":72,"width":34,"height":35}},"26356":{"xOffset":0,"yOffset":0,"xAdvance":33,"rect":{"x":274,"y":72,"width":34,"height":35}},"26368":{"xOffset":-1,"yOffset":1,"xAdvance":33,"rect":{"x":922,"y":175,"width":35,"height":34}},"26381":{"xOffset":-1,"yOffset":1,"xAdvance":33,"rect":{"x":0,"y":107,"width":35,"height":34}},"26410":{"xOffset":0,"yOffset":2,"xAdvance":33,"rect":{"x":855,"y":209,"width":35,"height":33}},"26588":{"xOffset":-1,"yOffset":1,"xAdvance":33,"rect":{"x":981,"y":72,"width":36,"height":34}},"27425":{"xOffset":-1,"yOffset":1,"xAdvance":33,"rect":{"x":445,"y":107,"width":36,"height":34}},"27599":{"xOffset":-1,"yOffset":1,"xAdvance":33,"rect":{"x":789,"y":37,"width":35,"height":35}},"27668":{"xOffset":-1,"yOffset":0,"xAdvance":33,"rect":{"x":836,"y":0,"width":35,"height":35}},"27721":{"xOffset":0,"yOffset":1,"xAdvance":33,"rect":{"x":949,"y":141,"width":35,"height":34}},"27835":{"xOffset":0,"yOffset":1,"xAdvance":33,"rect":{"x":442,"y":141,"width":34,"height":34}},"27963":{"xOffset":0,"yOffset":1,"xAdvance":33,"rect":{"x":105,"y":301,"width":34,"height":34}},"28040":{"xOffset":0,"yOffset":2,"xAdvance":33,"rect":{"x":200,"y":209,"width":33,"height":33}},"28216":{"xOffset":-1,"yOffset":1,"xAdvance":33,"rect":{"x":939,"y":0,"width":36,"height":35}},"28857":{"xOffset":0,"yOffset":2,"xAdvance":33,"rect":{"x":795,"y":107,"width":34,"height":34}},"28900":{"xOffset":-1,"yOffset":1,"xAdvance":33,"rect":{"x":274,"y":141,"width":36,"height":34}},"28909":{"xOffset":0,"yOffset":1,"xAdvance":33,"rect":{"x":243,"y":37,"width":35,"height":35}},"29240":{"xOffset":-1,"yOffset":1,"xAdvance":33,"rect":{"x":984,"y":141,"width":35,"height":34}},"29289":{"xOffset":-1,"yOffset":1,"xAdvance":33,"rect":{"x":169,"y":107,"width":36,"height":34}},"29378":{"xOffset":-1,"yOffset":1,"xAdvance":33,"rect":{"x":205,"y":107,"width":36,"height":34}},"29483":{"xOffset":-2,"yOffset":1,"xAdvance":33,"rect":{"x":137,"y":141,"width":36,"height":34}},"29699":{"xOffset":0,"yOffset":0,"xAdvance":33,"rect":{"x":346,"y":37,"width":36,"height":35}},"30007":{"xOffset":0,"yOffset":0,"xAdvance":33,"rect":{"x":0,"y":72,"width":33,"height":35}},"30246":{"xOffset":-1,"yOffset":0,"xAdvance":33,"rect":{"x":207,"y":0,"width":38,"height":36}},"30475":{"xOffset":-1,"yOffset":1,"xAdvance":33,"rect":{"x":410,"y":107,"width":35,"height":34}},"30524":{"xOffset":2,"yOffset":1,"xAdvance":33,"rect":{"x":103,"y":175,"width":33,"height":34}},"30707":{"xOffset":-1,"yOffset":1,"xAdvance":33,"rect":{"x":233,"y":209,"width":35,"height":33}},"30830":{"xOffset":-1,"yOffset":1,"xAdvance":33,"rect":{"x":173,"y":301,"width":36,"height":34}},"30879":{"xOffset":-1,"yOffset":1,"xAdvance":33,"rect":{"x":618,"y":107,"width":37,"height":34}},"31036":{"xOffset":0,"yOffset":1,"xAdvance":33,"rect":{"x":36,"y":141,"width":34,"height":34}},"31163":{"xOffset":1,"yOffset":0,"xAdvance":33,"rect":{"x":0,"y":0,"width":33,"height":37}},"31186":{"xOffset":-1,"yOffset":1,"xAdvance":33,"rect":{"x":0,"y":37,"width":36,"height":35}},"31532":{"xOffset":0,"yOffset":1,"xAdvance":33,"rect":{"x":782,"y":175,"width":34,"height":34}},"31561":{"xOffset":0,"yOffset":1,"xAdvance":33,"rect":{"x":579,"y":141,"width":34,"height":34}},"31569":{"xOffset":0,"yOffset":0,"xAdvance":33,"rect":{"x":527,"y":0,"width":35,"height":35}},"31665":{"xOffset":0,"yOffset":0,"xAdvance":33,"rect":{"x":278,"y":37,"width":33,"height":35}},"31895":{"xOffset":-1,"yOffset":1,"xAdvance":33,"rect":{"x":0,"y":141,"width":36,"height":34}},"31957":{"xOffset":-1,"yOffset":0,"xAdvance":33,"rect":{"x":69,"y":37,"width":36,"height":35}},"32032":{"xOffset":0,"yOffset":1,"xAdvance":33,"rect":{"x":210,"y":37,"width":33,"height":35}},"32423":{"xOffset":0,"yOffset":1,"xAdvance":33,"rect":{"x":550,"y":107,"width":34,"height":34}},"32447":{"xOffset":0,"yOffset":1,"xAdvance":33,"rect":{"x":875,"y":72,"width":35,"height":34}},"32463":{"xOffset":0,"yOffset":1,"xAdvance":33,"rect":{"x":614,"y":209,"width":34,"height":33}},"32473":{"xOffset":0,"yOffset":1,"xAdvance":33,"rect":{"x":881,"y":141,"width":35,"height":34}},"32622":{"xOffset":0,"yOffset":0,"xAdvance":33,"rect":{"x":621,"y":72,"width":34,"height":35}},"32769":{"xOffset":0,"yOffset":1,"xAdvance":33,"rect":{"x":34,"y":175,"width":34,"height":34}},"32773":{"xOffset":0,"yOffset":1,"xAdvance":33,"rect":{"x":0,"y":175,"width":34,"height":34}},"32791":{"xOffset":-1,"yOffset":1,"xAdvance":33,"rect":{"x":760,"y":107,"width":35,"height":34}},"32993":{"xOffset":0,"yOffset":1,"xAdvance":33,"rect":{"x":166,"y":175,"width":33,"height":34}},"33021":{"xOffset":1,"yOffset":1,"xAdvance":33,"rect":{"x":829,"y":107,"width":33,"height":34}},"33293":{"xOffset":0,"yOffset":0,"xAdvance":33,"rect":{"x":105,"y":37,"width":35,"height":35}},"33457":{"xOffset":0,"yOffset":1,"xAdvance":33,"rect":{"x":847,"y":141,"width":34,"height":34}},"33590":{"xOffset":0,"yOffset":1,"xAdvance":33,"rect":{"x":476,"y":141,"width":34,"height":34}},"33719":{"xOffset":0,"yOffset":2,"xAdvance":33,"rect":{"x":97,"y":209,"width":35,"height":34}},"33756":{"xOffset":0,"yOffset":1,"xAdvance":33,"rect":{"x":584,"y":107,"width":34,"height":34}},"33832":{"xOffset":1,"yOffset":1,"xAdvance":33,"rect":{"x":417,"y":37,"width":33,"height":35}},"34507":{"xOffset":0,"yOffset":1,"xAdvance":33,"rect":{"x":36,"y":37,"width":33,"height":35}},"34562":{"xOffset":-1,"yOffset":1,"xAdvance":33,"rect":{"x":474,"y":209,"width":36,"height":33}},"34588":{"xOffset":0,"yOffset":0,"xAdvance":33,"rect":{"x":33,"y":0,"width":34,"height":37}},"34915":{"xOffset":0,"yOffset":1,"xAdvance":33,"rect":{"x":311,"y":37,"width":35,"height":35}},"34917":{"xOffset":-1,"yOffset":0,"xAdvance":33,"rect":{"x":824,"y":37,"width":36,"height":35}},"35266":{"xOffset":-1,"yOffset":2,"xAdvance":33,"rect":{"x":268,"y":209,"width":34,"height":33}},"35270":{"xOffset":-1,"yOffset":0,"xAdvance":33,"rect":{"x":562,"y":0,"width":34,"height":35}},"35745":{"xOffset":0,"yOffset":1,"xAdvance":33,"rect":{"x":372,"y":175,"width":34,"height":34}},"35774":{"xOffset":-1,"yOffset":1,"xAdvance":33,"rect":{"x":747,"y":175,"width":35,"height":34}},"35835":{"xOffset":0,"yOffset":1,"xAdvance":33,"rect":{"x":895,"y":37,"width":35,"height":35}},"36130":{"xOffset":0,"yOffset":1,"xAdvance":33,"rect":{"x":767,"y":0,"width":34,"height":35}},"36141":{"xOffset":0,"yOffset":1,"xAdvance":33,"rect":{"x":135,"y":107,"width":34,"height":34}},"36143":{"xOffset":0,"yOffset":1,"xAdvance":33,"rect":{"x":895,"y":107,"width":35,"height":34}},"36153":{"xOffset":1,"yOffset":2,"xAdvance":33,"rect":{"x":241,"y":107,"width":33,"height":34}},"36275":{"xOffset":-1,"yOffset":0,"xAdvance":33,"rect":{"x":280,"y":0,"width":35,"height":36}},"36798":{"xOffset":0,"yOffset":1,"xAdvance":33,"rect":{"x":375,"y":107,"width":35,"height":34}},"36824":{"xOffset":0,"yOffset":1,"xAdvance":33,"rect":{"x":440,"y":175,"width":34,"height":34}},"36825":{"xOffset":-1,"yOffset":1,"xAdvance":33,"rect":{"x":852,"y":175,"width":35,"height":34}},"36827":{"xOffset":-1,"yOffset":1,"xAdvance":33,"rect":{"x":507,"y":175,"width":35,"height":34}},"36873":{"xOffset":0,"yOffset":1,"xAdvance":33,"rect":{"x":510,"y":141,"width":34,"height":34}},"36890":{"xOffset":0,"yOffset":1,"xAdvance":33,"rect":{"x":679,"y":175,"width":34,"height":34}},"36896":{"xOffset":0,"yOffset":1,"xAdvance":33,"rect":{"x":35,"y":107,"width":34,"height":34}},"36947":{"xOffset":-1,"yOffset":1,"xAdvance":33,"rect":{"x":779,"y":141,"width":35,"height":34}},"37327":{"xOffset":0,"yOffset":1,"xAdvance":33,"rect":{"x":862,"y":107,"width":33,"height":34}},"37329":{"xOffset":-1,"yOffset":1,"xAdvance":33,"rect":{"x":544,"y":209,"width":35,"height":33}},"38047":{"xOffset":-1,"yOffset":1,"xAdvance":33,"rect":{"x":340,"y":72,"width":35,"height":35}},"38053":{"xOffset":-1,"yOffset":1,"xAdvance":33,"rect":{"x":486,"y":37,"width":34,"height":35}},"38065":{"xOffset":0,"yOffset":1,"xAdvance":33,"rect":{"x":961,"y":107,"width":34,"height":34}},"38075":{"xOffset":0,"yOffset":1,"xAdvance":33,"rect":{"x":274,"y":107,"width":34,"height":34}},"38144":{"xOffset":-1,"yOffset":1,"xAdvance":33,"rect":{"x":860,"y":37,"width":35,"height":35}},"38236":{"xOffset":-1,"yOffset":0,"xAdvance":33,"rect":{"x":965,"y":37,"width":35,"height":35}},"38271":{"xOffset":0,"yOffset":1,"xAdvance":33,"rect":{"x":975,"y":0,"width":34,"height":35}},"38388":{"xOffset":2,"yOffset":1,"xAdvance":33,"rect":{"x":65,"y":209,"width":32,"height":34}},"38480":{"xOffset":2,"yOffset":2,"xAdvance":33,"rect":{"x":683,"y":209,"width":32,"height":33}},"38543":{"xOffset":2,"yOffset":1,"xAdvance":33,"rect":{"x":657,"y":37,"width":33,"height":35}},"38754":{"xOffset":0,"yOffset":2,"xAdvance":33,"rect":{"x":510,"y":209,"width":34,"height":33}},"38899":{"xOffset":0,"yOffset":1,"xAdvance":33,"rect":{"x":713,"y":175,"width":34,"height":34}},"39038":{"xOffset":-1,"yOffset":1,"xAdvance":33,"rect":{"x":456,"y":0,"width":36,"height":35}},"39046":{"xOffset":-1,"yOffset":1,"xAdvance":33,"rect":{"x":482,"y":72,"width":35,"height":35}},"39057":{"xOffset":-1,"yOffset":1,"xAdvance":33,"rect":{"x":596,"y":0,"width":36,"height":35}},"39135":{"xOffset":-1,"yOffset":1,"xAdvance":33,"rect":{"x":382,"y":37,"width":35,"height":35}},"39278":{"xOffset":-1,"yOffset":1,"xAdvance":33,"rect":{"x":140,"y":37,"width":36,"height":35}},"39564":{"xOffset":0,"yOffset":1,"xAdvance":33,"rect":{"x":648,"y":209,"width":35,"height":33}},"39600":{"xOffset":-2,"yOffset":1,"xAdvance":33,"rect":{"x":202,"y":141,"width":37,"height":34}},"39640":{"xOffset":0,"yOffset":0,"xAdvance":33,"rect":{"x":655,"y":72,"width":33,"height":35}},"39764":{"xOffset":0,"yOffset":0,"xAdvance":33,"rect":{"x":101,"y":72,"width":35,"height":35}},"40644":{"xOffset":0,"yOffset":1,"xAdvance":33,"rect":{"x":33,"y":72,"width":35,"height":35}}},"kerningDict":{}}]],0,0,[0],[0],[0]],[[{"name":"text_black","rect":[1,0,1021,335],"offset":[-0.5,88.5],"originalSize":[1024,512],"capInsets":[0,0,0,0]}],[0],0,[0],[1],[1]]]]