[1,["ecpdLyjvZBwrvm+cedCcQy","78jr/3oXpKHZI1MKJsbv+Z","31PDr4TTtGmqTOGTRJE6eU"],["node","_parent","_textureSetter","root","data","_spriteFrame"],[["cc.Node",["_name","_prefab","_trs","_components","_contentSize","_parent","_children","_anchorPoint"],2,4,7,9,5,1,2,5],["cc.Node",["_name","_parent","_children","_prefab","_contentSize","_trs","_anchorPoint"],2,1,12,4,5,7,5],["cc.Widget",["_alignFlags","_left","_right","_bottom","_originalWidth","_originalHeight","node"],-3,1],["cc.PrefabInfo",["fileId","root","asset"],2,1,1],["cc.Sprite",["_sizeMode","node","_materials","_spriteFrame"],2,1,3,6],"cc.SpriteFrame",["cc.Prefab",["_name"],2],["2e822PuXo1Et4ruxitsDHX/",["node"],3,1]],[[3,0,1,2,2],[0,0,5,1,2,2],[4,1,2,1],[0,0,5,3,1,4,2,2],[1,0,1,2,3,4,5,2],[0,0,5,3,1,4,7,2,2],[1,0,1,2,3,4,6,5,2],[6,0,2],[0,0,6,3,1,4,2,2],[0,0,5,6,3,1,4,7,2,2],[2,0,6,2],[2,0,1,2,3,4,5,6,7],[7,0,1],[3,1,2,1],[4,0,1,2,3,2]],[[[{"name":"back_03","rect":[0,0,650,1024],"offset":[0,0],"originalSize":[650,1024],"capInsets":[0,0,0,0]}],[5],0,[0],[2],[1]],[[[7,"SceneView3"],[8,"SceneView3",[-4],[[10,45,-2],[12,-3]],[13,-1,0],[5,1080,1920],[540,960,0,0,0,0,1,1,1,1]],[9,"bgImg",1,[-7,-8,-9,-10,-11,-12,-13,-14,-15,-16],[[14,0,-5,[10],11],[11,1,-110,-110,-64,1300,2048,-6]],[0,"ffjrMPN2BC16I0chNA1XBZ",1,0],[5,1300,2048],[0,0.5,1],[0,960,0,0,0,0,1,1,1,1]],[4,"1",2,[[-17,[1,"pos",-18,[0,"a78oqC8JZA+I8/se0cTSpl",1,0],[-361.006,-115.928,0,0,0,0,1,1,1,1]]],1,4],[0,"32eW+yFoNEE47GoK4evIJL",1,0],[5,507,473],[0,-698.83,0,0,0,0,1,1,1,1]],[4,"4",2,[[-19,[1,"pos",-20,[0,"99UzWvM4ZPP426NyxieUnX",1,0],[-22.469,14.949,0,0,0,0,1,1,1,1]]],1,4],[0,"72Uo3JdHpHT7nY/qBoWIb2",1,0],[5,326,182],[17.447,-1188.233,0,0,0,0,1,1,1,1]],[4,"2",2,[[-21,[1,"pos",-22,[0,"0e7VKSAGxIH4PARLE7rFk0",1,0],[14.807,-249.71,0,0,0,0,1,1,1,1]]],1,4],[0,"e7soS4tEtEWKAfxzNU+KGX",1,0],[5,643,299],[2.285,-1664.662,0,0,0,0,1,1,1,1]],[6,"3",2,[[-23,[1,"pos",-24,[0,"f3KNfaf5dAsJEvaHGG81hR",1,0],[-11.286,171.508,0,0,0,0,1,1,1,1]]],1,4],[0,"56rmv+MMZFr5Gry3QlghlI",1,0],[5,182,201],[0,0.5,0],[-438.732,-1321.007,0,0,0,0,1,1,1,1]],[4,"8",2,[[-25,[1,"pos",-26,[0,"f2DBV03YxGFILJtSUQdTGN",1,0],[-97.021,-40.965,0,0,0,0,1,1,1,1]]],1,4],[0,"a3QiHyj2JCm5xpoJzbiHlo",1,0],[5,222,168],[-305.699,-1697.159,0,0,0,0,1,1,1,1]],[4,"10",2,[[-27,[1,"pos",-28,[0,"bb/D2WfmREuYoc7Y2tuhjP",1,0],[-83.223,-99.412,0,0,0,0,1,1,1,1]]],1,4],[0,"1bNI/4JC5ECKFnxQRYZkCa",1,0],[5,103,229],[42.205,-398.129,0,0,0,0,1,1,1,1]],[4,"6",2,[[-29,[1,"pos",-30,[0,"68snFGKVdIXaApU3ojVp/E",1,0],[-66.011,64.297,0,0,0,0,1,1,1,1]]],1,4],[0,"f89rkyWI5Fo5FsF+Fcckbg",1,0],[5,174,135],[109.16,-1427.906,0,0,0,0,1,1,1,1]],[6,"5",2,[[-31,[1,"pos",-32,[0,"93HB6VXYNDJYgFUq0Nsvk8",1,0],[-0.415,164.617,0,0,0,0,1,1,1,1]]],1,4],[0,"70ma1ySxdCU6IW9NvmyI9i",1,0],[5,121,134],[0,0.5,0],[388.071,-1348.448,0,0,0,0,1,1,1,1]],[4,"9",2,[[-33,[1,"pos",-34,[0,"5fiAoX9HtGSou+2Lclq+S9",1,0],[-22.469,14.949,0,0,0,0,1,1,1,1]]],1,4],[0,"45eFG/BBlO4qgHY1/GmGwK",1,0],[5,135,71],[90.304,-1658.82,0,0,0,0,1,1,1,1]],[4,"7",2,[[-35,[1,"pos",-36,[0,"f3P2yiPWlDPqsMU749t326",1,0],[-22.469,14.949,0,0,0,0,1,1,1,1]]],1,4],[0,"c1W7o6d0lN/K1wtzKGj6PC",1,0],[5,132,243],[383.616,-1641.169,0,0,0,0,1,1,1,1]],[3,"room_items_03_01_00",3,[[2,-37,[0]]],[0,"6auiYPLBJEnpk2kgRXJ1l8",1,0],[5,507,473],[0,0,0,0,0,0,1,2,2,1]],[3,"room_items_03_04_00",4,[[2,-38,[1]]],[0,"9c0vUwIkBAHoS7nQT39ERE",1,0],[5,326,182],[0,0,0,0,0,0,1,2,2,1]],[3,"room_items_03_02_00",5,[[2,-39,[2]]],[0,"f60qv7gthJ+J3UUU9VXlV9",1,0],[5,643,299],[0,0,0,0,0,0,1,2,2,1]],[5,"room_items_03_03_00",6,[[2,-40,[3]]],[0,"92NvcAIWhMsaa292IGaJQ7",1,0],[5,182,201],[0,0.5,0],[0,0,0,0,0,0,1,2,2,1]],[3,"room_items_03_08_00",7,[[2,-41,[4]]],[0,"52lu2+snpLGqOhXEXZBJj8",1,0],[5,222,168],[0,0,0,0,0,0,1,2,2,1]],[3,"room_items_03_10_00",8,[[2,-42,[5]]],[0,"e8Ic7PvM1B74RTDL1rnHni",1,0],[5,103,229],[0,0,0,0,0,0,1,2,2,1]],[3,"room_items_03_06_00",9,[[2,-43,[6]]],[0,"b9wrRw92tDpL/RTCW93oxB",1,0],[5,174,135],[0,0,0,0,0,0,1,2,2,1]],[5,"room_items_03_05_00",10,[[2,-44,[7]]],[0,"bb7E8grg1CCK3mTbEElg7V",1,0],[5,121,134],[0,0.5,0],[0,0,0,0,0,0,1,2,2,1]],[3,"room_items_03_09_00",11,[[2,-45,[8]]],[0,"77nZBQjhtFRqmE6OjY8WFK",1,0],[5,135,71],[0,0,0,0,0,0,1,2,2,1]],[3,"room_items_03_07_00",12,[[2,-46,[9]]],[0,"40xw2LPtZDyo7gDIWeCP78",1,0],[5,132,243],[0,0,0,0,0,0,1,2,2,1]]],0,[0,3,1,0,0,1,0,0,1,0,-1,2,0,0,2,0,0,2,0,-1,3,0,-2,4,0,-3,5,0,-4,6,0,-5,7,0,-6,8,0,-7,9,0,-8,10,0,-9,11,0,-10,12,0,-1,13,0,1,3,0,-1,14,0,1,4,0,-1,15,0,1,5,0,-1,16,0,1,6,0,-1,17,0,1,7,0,-1,18,0,1,8,0,-1,19,0,1,9,0,-1,20,0,1,10,0,-1,21,0,1,11,0,-1,22,0,1,12,0,0,13,0,0,14,0,0,15,0,0,16,0,0,17,0,0,18,0,0,19,0,0,20,0,0,21,0,0,22,0,4,1,46],[0,0,0,0,0,0,0,0,0,0,0,0],[-1,-1,-1,-1,-1,-1,-1,-1,-1,-1,-1,5],[0,0,0,0,0,0,0,0,0,0,0,2]]]]