[1,["ecpdLyjvZBwrvm+cedCcQy","f0BIwQ8D5Ml7nTNQbh1YlS","bfJ78AWrZBd5Zy13omoSXc","26zDQV65NHRLto8aiEjH5k","51lDSBcplHAJMWIBEnLlpO","a2MjXRFdtLlYQ5ouAFv/+R","e97GVMl6JHh5Ml5qEDdSGa","29FYIk+N1GYaeWH/q1NxQO","48+EHD7VxHy4O24OYPwr7e","31eLUEnGJD97c3fgoUiEVl","4dsigSxB1As6Z/Ing2pnbi"],["node","_spriteFrame","_textureSetter","root","_parent","data","_N$normalSprite","_N$pressedSprite","_N$hoverSprite","_N$disabledSprite"],[["cc.Node",["_name","_prefab","_components","_contentSize","_parent","_trs","_children","_color"],2,4,9,5,1,7,12,5],"cc.SpriteFrame",["cc.Widget",["_alignFlags","_originalWidth","_originalHeight","_left","_right","node"],-2,1],["cc.PrefabInfo",["fileId","root","asset"],2,1,1],["cc.Sprite",["_sizeMode","node","_materials","_spriteFrame"],2,1,3,6],["cc.Prefab",["_name"],2],["cc.Node",["_name","_parent","_components","_prefab","_contentSize","_trs"],2,1,12,4,5,7],["10f39nzTIpCI7rohLKteW2/",["node","list"],3,1,2],["cc.Button",["node","clickEvents","_N$normalColor","_N$pressedColor","_N$disabledColor","_N$normalSprite","_N$pressedSprite","_N$hoverSprite","_N$disabledSprite"],3,1,9,5,5,5,6,6,6,6],["cc.ClickEvent",["_componentId","handler","target"],1,1]],[[3,0,1,2,2],[6,0,1,2,3,4,5,2],[2,0,3,4,1,2,5,6],[4,1,2,1],[5,0,2],[0,0,6,2,1,3,5,2],[0,0,4,1,2],[0,0,4,2,1,7,3,2],[0,0,4,2,1,3,5,2],[3,1,2,1],[2,0,5,2],[2,0,1,2,5,4],[7,0,1,1],[4,0,1,2,3,2],[8,0,1,2,3,4,5,6,7,8,1],[9,0,1,2,3]],[[[{"name":"start1","rect":[0,0,443,960],"offset":[0,0],"originalSize":[443,960],"capInsets":[0,0,0,0]}],[1],0,[0],[2],[2]],[[{"name":"start3","rect":[0,0,443,960],"offset":[0,0],"originalSize":[443,960],"capInsets":[0,0,0,0]}],[1],0,[0],[2],[3]],[[{"name":"start0","rect":[0,0,443,960],"offset":[0,0],"originalSize":[443,960],"capInsets":[0,0,0,0]}],[1],0,[0],[2],[4]],[[[4,"StartView"],[5,"StartView",[[-7,-8,-9,-10,-11,[6,"New Node",-13,[0,"65WvpzgT9GRJIRJ9oGT4AR",-12,0]]],1,1,1,1,1,4],[[10,45,-2],[12,-6,[-3,-4,-5]]],[9,-1,0],[5,1080,1920],[540,960,0,0,0,0,1,1,1,1]],[7,"New Sprite(Splash)",1,[[13,0,-14,[0],1],[11,45,100,100,-15]],[0,"06Vul4RxtG8oQ7SPncwPGy",1,0],[4,4278190080],[5,1080,1920]],[1,"start3",1,[[-16,[2,45,97,97,443,960,-17]],1,4],[0,"44QcYRZMxAJIZwNkfIxKOu",1,0],[5,443,960],[0,0,0,0,0,0,1,2,2,1]],[1,"start1",1,[[-18,[2,45,97,97,443,960,-19]],1,4],[0,"ccRBbGXbxMvIDJDOJEYRay",1,0],[5,443,960],[0,0,0,0,0,0,1,2,2,1]],[1,"start0",1,[[-20,[2,45,97,97,443,960,-21]],1,4],[0,"8cY0oPV6pJqqenyo++o2WW",1,0],[5,443,960],[0,0,0,0,0,0,1,2,2,1]],[3,3,[2]],[3,4,[3]],[3,5,[4]],[8,"backButton",1,[[14,-22,[[15,"10f39nzTIpCI7rohLKteW2/","onNextClick",1]],[4,4293322470],[4,4291348680],[4,3363338360],5,6,7,8]],[0,"7dasn3u8xHpYn3xpcQLD+S",1,0],[5,174,130.4],[339.5,830.6,0,0,0,0,1,1,1,1]]],0,[0,3,1,0,0,1,0,-1,8,0,-2,7,0,-3,6,0,0,1,0,-1,2,0,-2,3,0,-3,4,0,-4,5,0,-5,9,0,3,1,0,4,1,0,0,2,0,0,2,0,-1,6,0,0,3,0,-1,7,0,0,4,0,-1,8,0,0,5,0,0,9,0,5,1,22],[0,0,0,0,0,0,0,0,0,6,7,8],[-1,1,-1,-1,-1,6,7,8,9,1,1,1],[0,5,0,0,0,1,6,1,7,8,9,10]]]]