{
  "__type__": "cc.SpriteFrame",
  "content": {
    "name": "delete",
    "atlas": "",
    "rect": {
      "x": 0,
      "y": 0,
      "width": 53,
      "height": 62
    },
    "offset": {
      "x": 0,
      "y": 0
    },
    "originalSize": {
      "width": 53,
      "height": 62
    },
    "rotated": false,
    "capInsets": [
      0,
      0,
      0,
      0
    ],
    "vertices": {
      "rawPosition": [
        -26.5,
        -31,
        0,
        26.5,
        -31,
        0,
        -26.5,
        31,
        0,
        26.5,
        31,
        0
      ],
      "indexes": [
        0,
        1,
        2,
        2,
        1,
        3
      ],
      "uv": [
        0,
        62,
        53,
        62,
        0,
        0,
        53,
        0
      ],
      "nuv": [
        0,
        0,
        1,
        0,
        0,
        1,
        1,
        1
      ],
      "minPos": {
        "x": -26.5,
        "y": -31,
        "z": 0
      },
      "maxPos": {
        "x": 26.5,
        "y": 31,
        "z": 0
      }
    },
    "texture": "ff1e6925-151b-4b28-8ca5-5764aeef4840@6c48a",
    "packable": true,
    "pixelsToUnit": 100,
    "pivot": {
      "x": 0.5,
      "y": 0.5
    },
    "meshType": 0
  }
}