{
  "__type__": "cc.SpriteFrame",
  "content": {
    "name": "kuang",
    "atlas": "",
    "rect": {
      "x": 0,
      "y": 0,
      "width": 102,
      "height": 51
    },
    "offset": {
      "x": 0,
      "y": 0
    },
    "originalSize": {
      "width": 102,
      "height": 51
    },
    "rotated": false,
    "capInsets": [
      43,
      21,
      42,
      21
    ],
    "vertices": {
      "rawPosition": [
        -51,
        -25.5,
        0,
        51,
        -25.5,
        0,
        -51,
        25.5,
        0,
        51,
        25.5,
        0
      ],
      "indexes": [
        0,
        1,
        2,
        2,
        1,
        3
      ],
      "uv": [
        0,
        51,
        102,
        51,
        0,
        0,
        102,
        0
      ],
      "nuv": [
        0,
        0,
        1,
        0,
        0,
        1,
        1,
        1
      ],
      "minPos": {
        "x": -51,
        "y": -25.5,
        "z": 0
      },
      "maxPos": {
        "x": 51,
        "y": 25.5,
        "z": 0
      }
    },
    "texture": "a17d3d87-30d0-4035-8ca3-b0ddfcf41870@6c48a",
    "packable": true,
    "pixelsToUnit": 100,
    "pivot": {
      "x": 0.5,
      "y": 0.5
    },
    "meshType": 0
  }
}