{
  "__type__": "cc.SpriteFrame",
  "content": {
    "name": "suo",
    "atlas": "",
    "rect": {
      "x": 1,
      "y": 1,
      "width": 48,
      "height": 57
    },
    "offset": {
      "x": 0,
      "y": 0
    },
    "originalSize": {
      "width": 50,
      "height": 59
    },
    "rotated": false,
    "capInsets": [
      0,
      0,
      0,
      0
    ],
    "vertices": {
      "rawPosition": [
        -24,
        -28.5,
        0,
        24,
        -28.5,
        0,
        -24,
        28.5,
        0,
        24,
        28.5,
        0
      ],
      "indexes": [
        0,
        1,
        2,
        2,
        1,
        3
      ],
      "uv": [
        1,
        58,
        49,
        58,
        1,
        1,
        49,
        1
      ],
      "nuv": [
        0.02,
        0.01694915254237288,
        0.98,
        0.01694915254237288,
        0.02,
        0.9830508474576272,
        0.98,
        0.9830508474576272
      ],
      "minPos": {
        "x": -24,
        "y": -28.5,
        "z": 0
      },
      "maxPos": {
        "x": 24,
        "y": 28.5,
        "z": 0
      }
    },
    "texture": "888c7cc5-65ae-4058-b32a-ce00023d4db7@6c48a",
    "packable": true,
    "pixelsToUnit": 100,
    "pivot": {
      "x": 0.5,
      "y": 0.5
    },
    "meshType": 0
  }
}