{
  "__type__": "cc.SpriteFrame",
  "content": {
    "name": "block",
    "atlas": "",
    "rect": {
      "x": 0,
      "y": 0,
      "width": 102,
      "height": 102
    },
    "offset": {
      "x": 0,
      "y": 0
    },
    "originalSize": {
      "width": 102,
      "height": 102
    },
    "rotated": false,
    "capInsets": [
      20,
      20,
      20,
      20
    ],
    "vertices": {
      "rawPosition": [
        -51,
        -51,
        0,
        51,
        -51,
        0,
        -51,
        51,
        0,
        51,
        51,
        0
      ],
      "indexes": [
        0,
        1,
        2,
        2,
        1,
        3
      ],
      "uv": [
        0,
        102,
        102,
        102,
        0,
        0,
        102,
        0
      ],
      "nuv": [
        0,
        0,
        1,
        0,
        0,
        1,
        1,
        1
      ],
      "minPos": {
        "x": -51,
        "y": -51,
        "z": 0
      },
      "maxPos": {
        "x": 51,
        "y": 51,
        "z": 0
      }
    },
    "texture": "d82621e1-1720-4931-8465-b9e7f07c65ce@6c48a",
    "packable": true,
    "pixelsToUnit": 100,
    "pivot": {
      "x": 0.5,
      "y": 0.5
    },
    "meshType": 0
  }
}