[1,["55cMjzML5Ib5dew/QNj1Ym"],["_textureSetter"],["cc.SpriteFrame"],0,[[[{"name":"bodybuilder_46","rect":[720,825,30,21],"offset":[0,0],"originalSize":[30,21],"capInsets":[0,0,0,0]}],[0],0,[0],[0],[0]],[[{"name":"beatnik_11","rect":[657,825,29,28],"offset":[0,0],"originalSize":[29,28],"capInsets":[0,0,0,0]}],[0],0,[0],[0],[0]],[[{"name":"Reader_Core_26","rect":[625,825,30,28],"offset":[0,0],"originalSize":[30,28],"capInsets":[0,0,0,0]}],[0],0,[0],[0],[0]],[[{"name":"granny_07","rect":[146,806,30,30],"offset":[0,0],"originalSize":[30,30],"capInsets":[0,0,0,0]}],[0],0,[0],[0],[0]],[[{"name":"Eve_Meta_Rig_50","rect":[784,825,30,20],"offset":[0,0],"originalSize":[30,20],"rotated":1,"capInsets":[0,0,0,0]}],[0],0,[0],[0],[0]],[[{"name":"Rockabilly_Core_57","rect":[40,806,37,33],"offset":[0,0],"originalSize":[37,33],"capInsets":[0,0,0,0]}],[0],0,[0],[0],[0]],[[{"name":"Dad_16","rect":[114,806,30,30],"offset":[0,0],"originalSize":[30,30],"capInsets":[0,0,0,0]}],[0],0,[0],[0],[0]],[[{"name":"Sven_Chat_Rig_34","rect":[688,825,30,23],"offset":[0,0],"originalSize":[30,23],"capInsets":[0,0,0,0]}],[0],0,[0],[0],[0]],[[{"name":"Amelia_Chat_Rig_22","rect":[40,841,30,18],"offset":[0,0],"originalSize":[30,18],"capInsets":[0,0,0,0]}],[0],0,[0],[0],[0]],[[{"name":"Dev_Core_Rig_06","rect":[594,825,29,30],"offset":[0,0],"originalSize":[29,30],"capInsets":[0,0,0,0]}],[0],0,[0],[0],[0]],[[{"name":"Joe_Rig_77","rect":[79,806,33,28],"offset":[0,0],"originalSize":[33,28],"capInsets":[0,0,0,0]}],[0],0,[0],[0],[0]],[[{"name":"yuka_meta_rig_07","rect":[111,838,30,20],"offset":[0,0],"originalSize":[30,20],"capInsets":[0,0,0,0]}],[0],0,[0],[0],[0]],[[{"name":"Edwina_Cash_Dash_Rig_31","rect":[79,836,30,19],"offset":[0,0],"originalSize":[30,19],"capInsets":[0,0,0,0]}],[0],0,[0],[0],[0]],[[{"name":"teen_jessica_32","rect":[752,825,30,21],"offset":[0,0],"originalSize":[30,21],"capInsets":[0,0,0,0]}],[0],0,[0],[0],[0]]]]