{
  "__type__": "cc.SpriteFrame",
  "content": {
    "name": "btn_history",
    "atlas": "",
    "rect": {
      "x": 0,
      "y": 0,
      "width": 44,
      "height": 44
    },
    "offset": {
      "x": 0,
      "y": 0
    },
    "originalSize": {
      "width": 44,
      "height": 44
    },
    "rotated": false,
    "capInsets": [
      0,
      0,
      0,
      0
    ],
    "vertices": {
      "rawPosition": [
        -22,
        -22,
        0,
        22,
        -22,
        0,
        -22,
        22,
        0,
        22,
        22,
        0
      ],
      "indexes": [
        0,
        1,
        2,
        2,
        1,
        3
      ],
      "uv": [
        0,
        44,
        44,
        44,
        0,
        0,
        44,
        0
      ],
      "nuv": [
        0,
        0,
        1,
        0,
        0,
        1,
        1,
        1
      ],
      "minPos": {
        "x": -22,
        "y": -22,
        "z": 0
      },
      "maxPos": {
        "x": 22,
        "y": 22,
        "z": 0
      }
    },
    "texture": "4c9fc895-b4b7-4683-8875-da3815d1efbc@6c48a",
    "packable": true,
    "pixelsToUnit": 100,
    "pivot": {
      "x": 0.5,
      "y": 0.5
    },
    "meshType": 0
  }
}