{
  "__type__": "cc.SpriteFrame",
  "content": {
    "name": "ad",
    "atlas": "",
    "rect": {
      "x": 0,
      "y": 0,
      "width": 72,
      "height": 70
    },
    "offset": {
      "x": 0,
      "y": 0
    },
    "originalSize": {
      "width": 72,
      "height": 70
    },
    "rotated": false,
    "capInsets": [
      0,
      0,
      0,
      0
    ],
    "vertices": {
      "rawPosition": [
        -36,
        -35,
        0,
        36,
        -35,
        0,
        -36,
        35,
        0,
        36,
        35,
        0
      ],
      "indexes": [
        0,
        1,
        2,
        2,
        1,
        3
      ],
      "uv": [
        0,
        70,
        72,
        70,
        0,
        0,
        72,
        0
      ],
      "nuv": [
        0,
        0,
        1,
        0,
        0,
        1,
        1,
        1
      ],
      "minPos": {
        "x": -36,
        "y": -35,
        "z": 0
      },
      "maxPos": {
        "x": 36,
        "y": 35,
        "z": 0
      }
    },
    "texture": "a715ff41-fb91-4bb7-962b-b5f3c0744dd7@6c48a",
    "packable": true,
    "pixelsToUnit": 100,
    "pivot": {
      "x": 0.5,
      "y": 0.5
    },
    "meshType": 0
  }
}