{
  "__type__": "cc.SpriteFrame",
  "content": {
    "name": "refresh",
    "atlas": "",
    "rect": {
      "x": 0,
      "y": 0,
      "width": 56,
      "height": 48
    },
    "offset": {
      "x": 0,
      "y": 0
    },
    "originalSize": {
      "width": 56,
      "height": 48
    },
    "rotated": false,
    "capInsets": [
      0,
      0,
      0,
      0
    ],
    "vertices": {
      "rawPosition": [
        -28,
        -24,
        0,
        28,
        -24,
        0,
        -28,
        24,
        0,
        28,
        24,
        0
      ],
      "indexes": [
        0,
        1,
        2,
        2,
        1,
        3
      ],
      "uv": [
        0,
        48,
        56,
        48,
        0,
        0,
        56,
        0
      ],
      "nuv": [
        0,
        0,
        1,
        0,
        0,
        1,
        1,
        1
      ],
      "minPos": {
        "x": -28,
        "y": -24,
        "z": 0
      },
      "maxPos": {
        "x": 28,
        "y": 24,
        "z": 0
      }
    },
    "texture": "c8abef9a-43c2-4ab9-be38-6230082c0aea@6c48a",
    "packable": true,
    "pixelsToUnit": 100,
    "pivot": {
      "x": 0.5,
      "y": 0.5
    },
    "meshType": 0
  }
}