[1,0,0,[["cc.JsonAsset",["_name","json"],1]],[[0,0,1,3]],[[0,"game_lang_zh",{"isEncode":0,"data":{"type":2,"data":{"ActivityItemModel_name_1":"离线奖励","ActivityItemModel_name_2":"在线奖励","DailyTaskItemModel_name_1":"大掌柜","DailyTaskItemModel_desc_1":"服务%{num}个顾客","DailyTaskItemModel_name_2":"建造师","DailyTaskItemModel_desc_2":"开启%{num}个建筑","DailyTaskItemModel_name_3":"购物狂","DailyTaskItemModel_desc_3":"消费%{num}钻石","DailyTaskItemModel_name_4":"广告达人","DailyTaskItemModel_desc_4":"观看%{num}次视频广告","DailyTaskItemModel_name_5":"天天向上","DailyTaskItemModel_desc_5":"升%{num}级","DailyTaskItemModel_name_6":"小菜一碟","DailyTaskItemModel_desc_6":"完成%{num}次任务","DailyTaskItemModel_name_7":"孜孜不倦","DailyTaskItemModel_desc_7":"消耗%{num}点能量","DailyTaskItemModel_name_8":"家财万贯","DailyTaskItemModel_desc_8":"卖出%{num}钱","DailyTaskItemModel_name_9":"财大气粗","DailyTaskItemModel_desc_9":"购买%{num}次宴会礼包","DailyTaskItemModel_name_10":"游戏达人","DailyTaskItemModel_desc_10":"在线时长%{num}秒","FoodTypeModel_name_0":"蜜蜂","FoodTypeModel_name_1":"蜂巢","FoodTypeModel_name_2":"书","FoodTypeModel_name_3":"面包","FoodTypeModel_name_4":"蛋糕1","FoodTypeModel_name_5":"蛋糕2","FoodTypeModel_name_6":"猫舍","FoodTypeModel_name_7":"猫","FoodTypeModel_name_8":"金币","FoodTypeModel_name_9":"冷饮","FoodTypeModel_name_10":"能量","FoodTypeModel_name_11":"骰子","FoodTypeModel_name_12":"钻石","FoodTypeModel_name_13":"公文包","FoodTypeModel_name_14":"素菜","FoodTypeModel_name_15":"热饮","FoodTypeModel_name_16":"升级箱","FoodTypeModel_name_17":"书箱","FoodTypeModel_name_18":"衣服","FoodTypeModel_name_19":"烤箱","FoodTypeModel_name_20":"气球","FoodTypeModel_name_21":"宴会食品","FoodTypeModel_name_22":"披萨","FoodTypeModel_name_23":"萨拉","FoodTypeModel_name_24":"三明治","FoodTypeModel_name_25":"书柜","FoodTypeModel_name_26":"茶柜","FoodTypeModel_name_27":"蜂蜜","FoodTypeModel_name_28":"礼包","FoodTypeModel_name_29":"宴会礼物","FoodTypeModel_name_30":"选择箱","ItemModel_name_10001":"金币","ItemModel_name_11001":"视频","ItemModel_name_12001":"等级","ItemModel_name_13001":"钻石","ItemModel_name_14001":"经验","ItemModel_name_15001":"技能点","ItemModel_name_16001":"钥匙","ItemModel_name_17001":"视频卡","ItemModel_name_18001":"分享","ItemModel_name_19001":"能量","ItemModel_name_20001":"等级","MarketItemModel2_name_1":"观看视频广告兑换能量","MarketItemModel2_name_2":"免费礼包","MarketItemModel2_name_3":"随即道具","MarketItemModel2_name_4":"随即道具","MarketItemModel2_name_5":"随即道具","MarketItemModel2_name_6":"随即道具","MarketItemModel2_name_7":"随即道具","MarketItemModel2_name_8":"随即道具","MarketItemModel2_name_9":"咖啡礼包","MarketItemModel2_name_10":"花园礼包","MarketItemModel2_name_11":"宴会礼包","MarketItemModel2_name_12":"钻石100","MarketItemModel2_name_13":"钻石100","MarketItemModel2_name_14":"钻石100","MarketItemModel2_name_15":"钻石100","MarketItemModel2_name_16":"钻石100","MarketItemModel2_name_17":"钻石100","MarketItemModel_name_1":"观看视频广告兑换能量","MarketItemModel_name_2":"免费礼包","MarketItemModel_name_3":"随即道具","MarketItemModel_name_4":"随即道具","MarketItemModel_name_5":"随即道具","MarketItemModel_name_6":"随即道具","MarketItemModel_name_7":"随即道具","MarketItemModel_name_8":"随即道具","MarketItemModel_name_9":"咖啡礼包","MarketItemModel_name_10":"花园礼包","MarketItemModel_name_11":"宴会礼包","MarketItemModel_name_12":"钻石100","MarketItemModel_name_13":"钻石100","MarketItemModel_name_14":"钻石100","MarketItemModel_name_15":"钻石100","MarketItemModel_name_16":"钻石100","MarketItemModel_name_17":"钻石100","MarketTypeModel_name_0":"每日补给","MarketTypeModel_name_1":"限时销售","MarketTypeModel_name_2":"每日礼包","MarketTypeModel_name_3":"钻石","PersonItemModel_name_1":"读书人","PersonItemModel_name_2":"瘦人","PersonItemModel_name_3":"壮汉","PersonItemModel_name_4":"爸爸","PersonItemModel_name_5":"开发者","PersonItemModel_name_6":"老奶奶","PersonItemModel_name_7":"眼镜男","PersonItemModel_name_8":"黄发女","PersonItemModel_name_9":"魔女","PersonItemModel_name_10":"头巾女","PersonItemModel_name_11":"眼镜女","PersonItemModel_name_12":"金发老头","PersonItemModel_name_13":"胡子男","PersonItemModel_name_14":"男主","PersonItemModel_name_15":"姐姐","PersonItemModel_name_16":"弟弟","UITextModel_text_1":"免费","UITextModel_text_2":"剩余:%{num}","UITextModel_text_3":"商店","UITextModel_text_4":"刷新倒计时","UITextModel_text_5":"选择","UITextModel_text_6":"取消","UITextModel_text_7":"更多能量?","UITextModel_text_8":"每两分钟加一点能量","UITextModel_text_9":"钻石不够?","UITextModel_text_10":"您还差:","UITextModel_text_11":"进入商城","UITextModel_text_12":"钻石不足","UITextModel_text_13":"未达成","UITextModel_text_14":"可领取","UITextModel_text_15":"已领取","UITextModel_text_16":"每日任务","UITextModel_text_17":"产出","UITextModel_text_18":"下一级产出","UITextModel_text_19":"(等级:%{num},稀有度:%{rare})","UITextModel_text_20":"等级提升","UITextModel_text_21":"奖励","UITextModel_text_22":"领取奖励","UITextModel_text_23":"在线奖励","UITextModel_text_24":"离线时长:%{num}","UITextModel_text_25":"普通领取","UITextModel_text_26":"领奖倒计时:%{num}","UITextModel_text_27":"音乐","UITextModel_text_28":"音效","UITextModel_text_29":"设置","UITextModel_text_30":"任务","UITextModel_text_31":"消耗","UITextModel_text_32":"第%{num}天","UITextModel_text_33":"十倍领取","UITextModel_text_34":"七日奖励","UITextModel_text_35":"%{num}倍奖励","UITextModel_text_36":"双倍奖励","UITextModel_text_37":"这个道具已经是最高级了","UITextModel_text_38":"合成到下一个等级吧","UITextModel_text_39":"任务%{name}可领取","UITextModel_text_40":"在线奖励可领取","UITextModel_text_41":"提前领取","UITextModel_text_42":"领奖时间到","UITextModel_text_43":"是否恢复?","UITextModel_text_44":"看广告得钻石","UITextModel_text_45":"免费获得","UITextModel_text_46":"分享","UITextModel_text_47":"开始","UITextModel_text_48":"活动","UITextModel_text_49":"即将开始","UITextModel_text_50":"确定","UITextModel_text_51":"选择其中一个","UITextModel_text_52":"限时活动","UITextModel_text_53":"稀有度","UITextModel_text_54":"再转%{num}次必得%{name}","UITextModel_text_55":"再砸%{num}次必得贵重物品","UITextModel_text_56":"本次必得贵重物品","UITextModel_text_57":"录屏"}}}]],0,0,[],[],[]]